# Suzanne canonical glTF test model converted to Wavefront OBJ
# Source: KhronosGroup/glTF-Sample-Assets, Models/Suzanne
# License: CC0-1.0
o Suzanne
v 0.492188 0.185547 0.720703
v 0.472656 0.243042 0.751221
v 0.463867 0.198242 0.753418
v 0.459961 0.137207 0.728027
v 0.487305 0.108154 0.685547
v 0.528320 0.169922 0.676270
v 0.503906 0.242676 0.717773
v -0.492188 0.185547 0.720703
v -0.487305 0.108154 0.685547
v -0.459961 0.137207 0.728027
v -0.463867 0.198242 0.753418
v -0.472656 0.243042 0.751221
v -0.503906 0.242676 0.717773
v -0.528320 0.169922 0.676270
v 0.558594 0.158203 0.625000
v 0.543457 0.242432 0.672607
v 0.510742 0.086426 0.635254
v 0.532227 0.068359 0.581055
v 0.585938 0.148438 0.570312
v 0.576172 0.242676 0.621094
v -0.558594 0.158203 0.625000
v -0.532227 0.068359 0.581055
v -0.510742 0.086426 0.635254
v -0.543457 0.242432 0.672607
v -0.576172 0.242676 0.621094
v -0.585938 0.148438 0.570312
v 0.437500 0.039062 0.650391
v 0.424805 0.067383 0.698730
v 0.351562 0.021484 0.666992
v 0.351562 -0.003906 0.616211
v 0.449219 0.015625 0.597656
v -0.437500 0.039062 0.650391
v -0.351562 -0.003906 0.616211
v -0.351562 0.021484 0.666992
v -0.424805 0.067383 0.698730
v -0.449219 0.015625 0.597656
v 0.410156 0.105469 0.738281
v 0.438843 0.160767 0.759033
v 0.398926 0.136230 0.767090
v 0.352051 0.093750 0.749512
v 0.351685 0.052246 0.713013
v -0.410156 0.105469 0.738281
v -0.351685 0.052246 0.713013
v -0.352051 0.093750 0.749512
v -0.398926 0.136230 0.767090
v -0.438843 0.160767 0.759033
v 0.294922 0.105469 0.759766
v 0.352417 0.127197 0.776123
v 0.307617 0.136230 0.784668
v 0.246582 0.137207 0.767090
v 0.216675 0.108154 0.734497
v 0.278809 0.067383 0.725586
v -0.294922 0.105469 0.759766
v -0.216675 0.108154 0.734497
v -0.246582 0.137207 0.767090
v -0.307617 0.136230 0.784668
v -0.352417 0.127197 0.776123
v -0.278809 0.067383 0.725586
v 0.265625 0.039062 0.681641
v 0.192383 0.086426 0.692383
v 0.170898 0.068359 0.645508
v 0.253906 0.015625 0.632812
v -0.265625 0.039062 0.681641
v -0.170898 0.068359 0.645508
v -0.192383 0.086426 0.692383
v -0.253906 0.015625 0.632812
v 0.144531 0.158203 0.697266
v 0.175781 0.169922 0.737793
v 0.160645 0.242432 0.738037
v 0.126953 0.242676 0.698242
v 0.117188 0.148438 0.652344
v -0.117188 0.148438 0.652344
v -0.126953 0.242676 0.698242
v -0.144531 0.158203 0.697266
v -0.160645 0.242432 0.738037
v -0.175781 0.169922 0.737793
v 0.214844 0.185547 0.769531
v 0.270142 0.160767 0.790894
v 0.245605 0.198242 0.792969
v 0.203125 0.242676 0.769531
v -0.203125 0.242676 0.769531
v -0.214844 0.185547 0.769531
v -0.245605 0.198242 0.792969
v -0.270142 0.160767 0.790894
v 0.214844 0.300781 0.769531
v 0.236572 0.243042 0.792969
v 0.245605 0.289551 0.792969
v 0.270142 0.329590 0.790894
v 0.246582 0.350586 0.767090
v 0.175781 0.315430 0.737793
v -0.175781 0.315430 0.737793
v -0.246582 0.350586 0.767090
v -0.214844 0.300781 0.769531
v -0.270142 0.329590 0.790894
v -0.245605 0.289551 0.792969
v -0.236572 0.243042 0.792969
v 0.144531 0.328125 0.697266
v 0.216675 0.377930 0.734497
v 0.192383 0.401367 0.692383
v 0.117188 0.339844 0.652344
v 0.097656 0.243164 0.654297
v -0.117188 0.339844 0.652344
v -0.192383 0.401367 0.692383
v -0.144531 0.328125 0.697266
v -0.216675 0.377930 0.734497
v -0.097656 0.243164 0.654297
v 0.278809 0.418945 0.725586
v 0.265625 0.449219 0.681641
v 0.351685 0.434082 0.713013
v 0.351562 0.466797 0.666992
v 0.253906 0.476562 0.632812
v 0.170898 0.422852 0.645508
v -0.253906 0.476562 0.632812
v -0.351562 0.466797 0.666992
v -0.265625 0.449219 0.681641
v -0.351685 0.434082 0.713013
v -0.278809 0.418945 0.725586
v -0.170898 0.422852 0.645508
v 0.307617 0.354980 0.784668
v 0.294922 0.382812 0.759766
v 0.352417 0.364014 0.776123
v 0.352051 0.394531 0.749512
v -0.352051 0.394531 0.749512
v -0.294922 0.382812 0.759766
v -0.352417 0.364014 0.776123
v -0.307617 0.354980 0.784668
v 0.398926 0.354980 0.767090
v 0.410156 0.382812 0.738281
v 0.438843 0.329590 0.759033
v 0.459961 0.350586 0.728027
v 0.424805 0.418945 0.698730
v -0.424805 0.418945 0.698730
v -0.459961 0.350586 0.728027
v -0.410156 0.382812 0.738281
v -0.438843 0.329590 0.759033
v -0.398926 0.354980 0.767090
v 0.437500 0.449219 0.650391
v 0.487305 0.377930 0.685547
v 0.510742 0.401367 0.635254
v 0.449219 0.476562 0.597656
v 0.351562 0.496094 0.616211
v -0.449219 0.476562 0.597656
v -0.510742 0.401367 0.635254
v -0.437500 0.449219 0.650391
v -0.487305 0.377930 0.685547
v -0.351562 0.496094 0.616211
v 0.528320 0.315430 0.676270
v 0.558594 0.328125 0.625000
v 0.585938 0.339844 0.570312
v 0.532227 0.422852 0.581055
v -0.585938 0.339844 0.570312
v -0.558594 0.328125 0.625000
v -0.528320 0.315430 0.676270
v -0.532227 0.422852 0.581055
v 0.463867 0.289551 0.753418
v 0.492188 0.300781 0.720703
v -0.492188 0.300781 0.720703
v -0.463867 0.289551 0.753418
v 0.464844 0.243164 0.767578
v 0.457031 0.287109 0.769531
v 0.434082 0.325195 0.774902
v 0.450846 0.284668 0.779622
v 0.455404 0.243083 0.778971
v -0.450846 0.284668 0.779622
v -0.434082 0.325195 0.774902
v -0.457031 0.287109 0.769531
v -0.464844 0.243164 0.767578
v -0.455404 0.243083 0.778971
v 0.396484 0.349609 0.783203
v 0.352539 0.358398 0.792480
v 0.394043 0.344564 0.793457
v 0.427531 0.318929 0.785848
v -0.394043 0.344564 0.793457
v -0.352539 0.358398 0.792480
v -0.396484 0.349609 0.783203
v -0.427531 0.318929 0.785848
v 0.310547 0.349609 0.800781
v 0.275391 0.325195 0.806641
v 0.312663 0.344564 0.810872
v 0.352458 0.350505 0.803426
v -0.312663 0.344564 0.810872
v -0.275391 0.325195 0.806641
v -0.310547 0.349609 0.800781
v -0.352458 0.350505 0.803426
v 0.251953 0.287109 0.808594
v 0.243164 0.243164 0.808594
v 0.256348 0.284668 0.818034
v 0.280924 0.318929 0.816406
v -0.256348 0.284668 0.818034
v -0.243164 0.243164 0.808594
v -0.251953 0.287109 0.808594
v -0.280924 0.318929 0.816406
v 0.251953 0.201172 0.808594
v 0.275391 0.166016 0.806641
v 0.280924 0.171549 0.816406
v 0.256348 0.203288 0.818034
v -0.251953 0.201172 0.808594
v -0.280924 0.171549 0.816406
v -0.275391 0.166016 0.806641
v -0.256348 0.203288 0.818034
v 0.310547 0.142578 0.800781
v 0.352539 0.133789 0.792480
v 0.352458 0.140869 0.803426
v 0.312663 0.146973 0.810872
v -0.310547 0.142578 0.800781
v -0.352458 0.140869 0.803426
v -0.352539 0.133789 0.792480
v -0.312663 0.146973 0.810872
v 0.396484 0.142578 0.783203
v 0.434082 0.166016 0.774902
v 0.427531 0.171549 0.785848
v 0.394043 0.146973 0.793457
v -0.396484 0.142578 0.783203
v -0.427531 0.171549 0.785848
v -0.434082 0.166016 0.774902
v -0.394043 0.146973 0.793457
v 0.457031 0.201172 0.769531
v 0.450846 0.203288 0.779622
v -0.457031 0.201172 0.769531
v -0.450846 0.203288 0.779622
v 0.419271 0.242839 0.797526
v 0.401042 0.195964 0.802083
v 0.424479 0.213542 0.794271
v -0.424479 0.213542 0.794271
v -0.401042 0.195964 0.802083
v -0.419271 0.242839 0.797526
v 0.382812 0.171875 0.804688
v 0.352214 0.175781 0.813802
v -0.352214 0.175781 0.813802
v -0.382812 0.171875 0.804688
v 0.305339 0.195964 0.822266
v 0.322917 0.171875 0.817708
v -0.322917 0.171875 0.817708
v -0.305339 0.195964 0.822266
v 0.285156 0.242839 0.823568
v 0.281250 0.213542 0.822917
v 0.250244 0.243083 0.818197
v -0.281250 0.213542 0.822917
v -0.250244 0.243083 0.818197
v -0.285156 0.242839 0.823568
v 0.305339 0.292318 0.822266
v 0.281250 0.273438 0.822917
v -0.281250 0.273438 0.822917
v -0.305339 0.292318 0.822266
v 0.352214 0.313151 0.813802
v 0.322917 0.317708 0.817708
v -0.322917 0.317708 0.817708
v -0.352214 0.313151 0.813802
v 0.401042 0.292318 0.802083
v 0.382812 0.317708 0.804688
v -0.382812 0.317708 0.804688
v -0.401042 0.292318 0.802083
v 0.424479 0.273438 0.794271
v -0.424479 0.273438 0.794271
v 0.087891 -0.969727 0.560547
v 0.164062 -0.948730 0.593750
v 0.085938 -0.957031 0.601562
v 0.143921 -0.927979 0.631592
v 0.076660 -0.936035 0.634766
v 0.000000 -0.960938 0.605469
v 0.000000 -0.974121 0.565918
v -0.076660 -0.936035 0.634766
v -0.085938 -0.957031 0.601562
v -0.143921 -0.927979 0.631592
v -0.164062 -0.948730 0.593750
v -0.087891 -0.969727 0.560547
v 0.246094 -0.949219 0.535645
v 0.271973 -0.922852 0.582520
v 0.226562 -0.939453 0.585938
v 0.225098 -0.899292 0.632568
v 0.192383 -0.918457 0.629883
v 0.171387 -0.960205 0.548950
v -0.192383 -0.918457 0.629883
v -0.226562 -0.939453 0.585938
v -0.225098 -0.899292 0.632568
v -0.271973 -0.922852 0.582520
v -0.246094 -0.949219 0.535645
v -0.171387 -0.960205 0.548950
v 0.298828 -0.892578 0.587891
v 0.338867 -0.845703 0.532471
v 0.310059 -0.845215 0.599121
v 0.245117 -0.862305 0.642578
v 0.302368 -0.930664 0.526001
v 0.330566 -0.898438 0.525391
v -0.298828 -0.892578 0.587891
v -0.245117 -0.862305 0.642578
v -0.310059 -0.845215 0.599121
v -0.338867 -0.845703 0.532471
v -0.330566 -0.898438 0.525391
v -0.302368 -0.930664 0.526001
v 0.335449 -0.765625 0.545898
v 0.297852 -0.686523 0.626465
v 0.308594 -0.777344 0.613281
v 0.252441 -0.758301 0.667480
v 0.253784 -0.813354 0.655640
v -0.308594 -0.777344 0.613281
v -0.253784 -0.813354 0.655640
v -0.252441 -0.758301 0.667480
v -0.297852 -0.686523 0.626465
v -0.335449 -0.765625 0.545898
v 0.308105 -0.549805 0.564941
v 0.261230 -0.457520 0.638184
v 0.281250 -0.570312 0.634766
v 0.226562 -0.572266 0.688477
v 0.242798 -0.682739 0.678345
v 0.323975 -0.664795 0.558960
v -0.281250 -0.570312 0.634766
v -0.242798 -0.682739 0.678345
v -0.226562 -0.572266 0.688477
v -0.261230 -0.457520 0.638184
v -0.308105 -0.549805 0.564941
v -0.323975 -0.664795 0.558960
v 0.291016 -0.119141 0.644531
v 0.226929 -0.177246 0.577515
v 0.312988 -0.148926 0.563477
v 0.412109 -0.087402 0.609863
v 0.393799 -0.043579 0.667725
v 0.272461 -0.069336 0.715332
v 0.200195 -0.150879 0.669922
v -0.291016 -0.119141 0.644531
v -0.393799 -0.043579 0.667725
v -0.412109 -0.087402 0.609863
v -0.312988 -0.148926 0.563477
v -0.226929 -0.177246 0.577515
v -0.200195 -0.150879 0.669922
v -0.272461 -0.069336 0.715332
v 0.521484 -0.042969 0.591797
v 0.427002 -0.116943 0.545776
v 0.529785 -0.072754 0.537598
v 0.625366 -0.012573 0.525269
v 0.618164 0.016113 0.577148
v 0.593506 0.050903 0.620850
v 0.501953 -0.003418 0.639160
v -0.521484 -0.042969 0.591797
v -0.593506 0.050903 0.620850
v -0.618164 0.016113 0.577148
v -0.625366 -0.012573 0.525269
v -0.529785 -0.072754 0.537598
v -0.427002 -0.116943 0.545776
v -0.501953 -0.003418 0.639160
v 0.701172 0.091797 0.552734
v 0.717773 0.067383 0.495117
v 0.761230 0.183105 0.543457
v 0.713379 0.197754 0.599365
v 0.665039 0.119141 0.604004
v -0.701172 0.091797 0.552734
v -0.713379 0.197754 0.599365
v -0.761230 0.183105 0.543457
v -0.717773 0.067383 0.495117
v -0.665039 0.119141 0.604004
v 0.822754 0.288574 0.520508
v 0.789062 0.289062 0.574219
v 0.816772 0.393555 0.573364
v 0.785156 0.379883 0.618652
v 0.735352 0.283203 0.617676
v -0.735352 0.283203 0.617676
v -0.785156 0.379883 0.618652
v -0.789062 0.289062 0.574219
v -0.816772 0.393555 0.573364
v -0.822754 0.288574 0.520508
v 0.770508 0.445801 0.603027
v 0.750000 0.425781 0.650391
v 0.693237 0.479858 0.624512
v 0.682617 0.458984 0.677734
v 0.711914 0.395020 0.676758
v 0.733887 0.355591 0.647339
v -0.711914 0.395020 0.676758
v -0.682617 0.458984 0.677734
v -0.750000 0.425781 0.650391
v -0.693237 0.479858 0.624512
v -0.770508 0.445801 0.603027
v -0.733887 0.355591 0.647339
v 0.594238 0.530273 0.652832
v 0.582031 0.511719 0.708984
v 0.491455 0.592407 0.682251
v 0.475586 0.574219 0.739258
v 0.561523 0.479004 0.739746
v 0.658203 0.427490 0.707153
v -0.561523 0.479004 0.739746
v -0.475586 0.574219 0.739258
v -0.582031 0.511719 0.708984
v -0.491455 0.592407 0.682251
v -0.594238 0.530273 0.652832
v -0.658203 0.427490 0.707153
v 0.402832 0.661621 0.707031
v 0.390625 0.636719 0.763672
v 0.322388 0.711792 0.726685
v 0.317871 0.679688 0.782227
v 0.317383 0.619995 0.808838
v 0.379395 0.587402 0.792480
v -0.390625 0.636719 0.763672
v -0.317383 0.619995 0.808838
v -0.317871 0.679688 0.782227
v -0.322388 0.711792 0.726685
v -0.402832 0.661621 0.707031
v -0.379395 0.587402 0.792480
v 0.244141 0.716797 0.740723
v 0.248047 0.683594 0.794922
v 0.174561 0.676270 0.748169
v 0.184570 0.645996 0.801270
v 0.259277 0.623047 0.819824
v -0.259277 0.623047 0.819824
v -0.184570 0.645996 0.801270
v -0.248047 0.683594 0.794922
v -0.174561 0.676270 0.748169
v -0.244141 0.716797 0.740723
v 0.120117 0.589844 0.748047
v 0.130859 0.564453 0.800781
v 0.075806 0.499878 0.743896
v 0.083984 0.478027 0.795898
v 0.153809 0.523438 0.825684
v 0.204834 0.592285 0.825439
v -0.153809 0.523438 0.825684
v -0.083984 0.478027 0.795898
v -0.130859 0.564453 0.800781
v -0.075806 0.499878 0.743896
v -0.120117 0.589844 0.748047
v -0.204834 0.592285 0.825439
v 0.036621 0.448730 0.739258
v 0.041016 0.425781 0.789062
v 0.000000 0.432861 0.736816
v 0.000000 0.408203 0.785156
v 0.060059 0.395508 0.813477
v 0.105713 0.447510 0.821411
v -0.060059 0.395508 0.813477
v -0.041016 0.425781 0.789062
v -0.036621 0.448730 0.739258
v -0.105713 0.447510 0.821411
v 0.135742 0.425293 0.806152
v 0.204590 0.446289 0.777344
v 0.179688 0.482422 0.806641
v 0.246460 0.473877 0.770996
v 0.226562 0.529785 0.803223
v -0.226562 0.529785 0.803223
v -0.179688 0.482422 0.806641
v -0.246460 0.473877 0.770996
v -0.204590 0.446289 0.777344
v -0.135742 0.425293 0.806152
v 0.287109 0.486328 0.763672
v 0.273438 0.550781 0.796875
v 0.322754 0.548340 0.787109
v -0.273438 0.550781 0.796875
v -0.322754 0.548340 0.787109
v -0.287109 0.486328 0.763672
v 0.378418 0.468750 0.745605
v 0.445801 0.488281 0.753906
v 0.376953 0.525391 0.773438
v 0.456909 0.536621 0.769775
v 0.329956 0.484375 0.755249
v -0.376953 0.525391 0.773438
v -0.456909 0.536621 0.769775
v -0.445801 0.488281 0.753906
v -0.378418 0.468750 0.745605
v -0.329956 0.484375 0.755249
v 0.539062 0.443359 0.726562
v 0.590088 0.376709 0.680542
v 0.624023 0.399414 0.697754
v 0.439087 0.443237 0.730469
v 0.518555 0.411621 0.705566
v -0.539062 0.443359 0.726562
v -0.624023 0.399414 0.697754
v -0.590088 0.376709 0.680542
v -0.518555 0.411621 0.705566
v -0.439087 0.443237 0.730469
v 0.626953 0.341309 0.665039
v 0.683594 0.325684 0.654297
v 0.667969 0.365234 0.673828
v -0.667969 0.365234 0.673828
v -0.683594 0.325684 0.654297
v -0.626953 0.341309 0.665039
v 0.639160 0.248047 0.650391
v 0.662598 0.195801 0.631348
v 0.683594 0.265625 0.638672
v 0.639771 0.300171 0.656006
v -0.683594 0.265625 0.638672
v -0.662598 0.195801 0.631348
v -0.639160 0.248047 0.650391
v -0.639771 0.300171 0.656006
v 0.568848 0.128418 0.659180
v 0.548828 0.066406 0.650391
v 0.615234 0.126953 0.636719
v 0.617920 0.189331 0.650635
v -0.615234 0.126953 0.636719
v -0.548828 0.066406 0.650391
v -0.568848 0.128418 0.659180
v -0.617920 0.189331 0.650635
v 0.441895 0.040039 0.687988
v 0.379883 -0.004883 0.693848
v 0.470703 0.021484 0.667969
v 0.505615 0.075317 0.672729
v -0.470703 0.021484 0.667969
v -0.379883 -0.004883 0.693848
v -0.441895 0.040039 0.687988
v -0.505615 0.075317 0.672729
v 0.275391 -0.009766 0.732422
v 0.212769 0.071533 0.748657
v 0.181641 0.006836 0.761230
v 0.371216 0.027466 0.706543
v 0.287109 0.042480 0.729980
v -0.275391 -0.009766 0.732422
v -0.181641 0.006836 0.761230
v -0.212769 0.071533 0.748657
v -0.287109 0.042480 0.729980
v -0.371216 0.027466 0.706543
v 0.123047 0.044922 0.757812
v 0.171387 0.101074 0.752930
v 0.090332 0.096191 0.746094
v 0.000000 0.041558 0.738824
v 0.076172 -0.023926 0.763184
v -0.123047 0.044922 0.757812
v -0.090332 0.096191 0.746094
v -0.171387 0.101074 0.752930
v -0.076172 -0.023926 0.763184
v 0.139160 0.360352 0.778809
v 0.097656 0.375000 0.800781
v 0.071777 0.325195 0.791016
v 0.122559 0.310059 0.773926
v -0.071777 0.325195 0.791016
v -0.097656 0.375000 0.800781
v -0.139160 0.360352 0.778809
v -0.122559 0.310059 0.773926
v 0.064453 0.269531 0.777344
v 0.000000 0.275391 0.785156
v 0.000000 0.209473 0.765137
v 0.067871 0.210938 0.762695
v 0.118652 0.260742 0.768066
v -0.064453 0.269531 0.777344
v -0.118652 0.260742 0.768066
v -0.067871 0.210938 0.762695
v 0.000000 0.140625 0.748047
v 0.074219 0.152344 0.750000
v 0.149536 0.133545 0.752197
v 0.133789 0.171387 0.755859
v -0.133789 0.171387 0.755859
v -0.074219 0.152344 0.750000
v -0.149536 0.133545 0.752197
v 0.056641 -0.912109 0.664062
v 0.071045 -0.882446 0.687744
v 0.036621 -0.891113 0.684082
v 0.000000 -0.915039 0.664062
v 0.000000 -0.939697 0.636719
v 0.106934 -0.903809 0.665039
v -0.056641 -0.912109 0.664062
v -0.036621 -0.891113 0.684082
v -0.071045 -0.882446 0.687744
v -0.106934 -0.903809 0.665039
v 0.144531 -0.890625 0.667969
v 0.121704 -0.835449 0.702271
v 0.101074 -0.865234 0.693848
v 0.169434 -0.865723 0.674316
v -0.144531 -0.890625 0.667969
v -0.101074 -0.865234 0.693848
v -0.121704 -0.835449 0.702271
v -0.169434 -0.865723 0.674316
v 0.185547 -0.773438 0.697266
v 0.127930 -0.789062 0.712891
v 0.181641 -0.822266 0.685547
v -0.181641 -0.822266 0.685547
v -0.127930 -0.789062 0.712891
v -0.185547 -0.773438 0.697266
v 0.164062 -0.570312 0.720703
v 0.208252 -0.459473 0.695435
v 0.147949 -0.458496 0.727539
v 0.102051 -0.566895 0.736816
v 0.114380 -0.664185 0.730225
v 0.179199 -0.673340 0.711914
v -0.164062 -0.570312 0.720703
v -0.114380 -0.664185 0.730225
v -0.102051 -0.566895 0.736816
v -0.147949 -0.458496 0.727539
v -0.208252 -0.459473 0.695435
v -0.179199 -0.673340 0.711914
v 0.185547 -0.732422 0.705078
v 0.112500 -0.737188 0.726406
v 0.117188 -0.712891 0.727051
v -0.185547 -0.732422 0.705078
v -0.112500 -0.737188 0.726406
v -0.117188 -0.712891 0.727051
v 0.085938 -0.371094 0.741699
v 0.042969 -0.324219 0.748047
v 0.041016 -0.376953 0.746094
v 0.000000 -0.333008 0.748047
v 0.000000 -0.381836 0.746094
v 0.041992 -0.458008 0.747070
v 0.089478 -0.457153 0.742188
v -0.041992 -0.458008 0.747070
v -0.041016 -0.376953 0.746094
v -0.042969 -0.324219 0.748047
v -0.085938 -0.371094 0.741699
v -0.089478 -0.457153 0.742188
v 0.055664 -0.661133 0.736328
v 0.048828 -0.564453 0.742188
v 0.000000 -0.563477 0.742188
v 0.000000 -0.661133 0.736328
v -0.048828 -0.564453 0.742188
v -0.055664 -0.661133 0.736328
v 0.000000 -0.717773 0.734375
v 0.054199 -0.736816 0.732910
v 0.056641 -0.712891 0.734375
v -0.056641 -0.712891 0.734375
v -0.054199 -0.736816 0.732910
v 0.109375 -0.253906 0.767578
v 0.123657 -0.225220 0.750610
v 0.121094 -0.222656 0.770508
v 0.109863 -0.249512 0.787109
v 0.084229 -0.272339 0.781250
v 0.083496 -0.279785 0.763184
v 0.114746 -0.259277 0.747070
v -0.109375 -0.253906 0.767578
v -0.084229 -0.272339 0.781250
v -0.109863 -0.249512 0.787109
v -0.121094 -0.222656 0.770508
v -0.123657 -0.225220 0.750610
v -0.114746 -0.259277 0.747070
v -0.083496 -0.279785 0.763184
v 0.118164 -0.184570 0.753418
v 0.097656 -0.150391 0.763184
v 0.117188 -0.183594 0.767578
v 0.100342 -0.147827 0.782104
v 0.117676 -0.182129 0.787598
v -0.117676 -0.182129 0.787598
v -0.117188 -0.183594 0.767578
v -0.100342 -0.147827 0.782104
v -0.097656 -0.150391 0.763184
v -0.118164 -0.184570 0.753418
v 0.055176 -0.127930 0.750488
v 0.027832 -0.141113 0.763184
v 0.062500 -0.136719 0.761719
v 0.039673 -0.138428 0.782104
v 0.070801 -0.133789 0.780273
v 0.096069 -0.148438 0.753906
v -0.070801 -0.133789 0.780273
v -0.062500 -0.136719 0.761719
v -0.039673 -0.138428 0.782104
v -0.027832 -0.141113 0.763184
v -0.055176 -0.127930 0.750488
v -0.096069 -0.148438 0.753906
v 0.009766 -0.162109 0.767578
v 0.000000 -0.163086 0.768555
v 0.000000 -0.176758 0.770508
v 0.000000 -0.175293 0.791260
v 0.017578 -0.160156 0.787598
v 0.000000 -0.134440 0.747396
v 0.000000 -0.165039 0.756836
v -0.017578 -0.160156 0.787598
v -0.009766 -0.162109 0.767578
v 0.000000 -0.313477 0.761719
v 0.044922 -0.302734 0.761719
v 0.089531 -0.299844 0.743984
v 0.045410 -0.294922 0.779297
v 0.000000 -0.306152 0.779297
v -0.045410 -0.294922 0.779297
v -0.044922 -0.302734 0.761719
v -0.089531 -0.299844 0.743984
v 0.000000 -0.293945 0.792969
v 0.042969 -0.283203 0.792969
v 0.079590 -0.262695 0.795410
v 0.070095 -0.256510 0.804471
v 0.041992 -0.266113 0.804688
v 0.000000 -0.274170 0.804688
v -0.042969 -0.283203 0.792969
v -0.070095 -0.256510 0.804471
v -0.079590 -0.262695 0.795410
v -0.041992 -0.266113 0.804688
v 0.021484 -0.166016 0.804688
v 0.000000 -0.180664 0.808594
v 0.032715 -0.175293 0.816406
v 0.047743 -0.157769 0.809028
v 0.044922 -0.145020 0.798828
v -0.021484 -0.166016 0.804688
v -0.047743 -0.157769 0.809028
v -0.032715 -0.175293 0.816406
v -0.044922 -0.145020 0.798828
v 0.072266 -0.140625 0.796875
v 0.068848 -0.157227 0.810547
v 0.096680 -0.153809 0.798828
v -0.096680 -0.153809 0.798828
v -0.068848 -0.157227 0.810547
v -0.072266 -0.140625 0.796875
v 0.111328 -0.185547 0.804688
v 0.088108 -0.165148 0.809028
v 0.094238 -0.187988 0.816406
v 0.114258 -0.220703 0.808105
v 0.121338 -0.221191 0.791138
v -0.114258 -0.220703 0.808105
v -0.094238 -0.187988 0.816406
v -0.111328 -0.185547 0.804688
v -0.088108 -0.165148 0.809028
v -0.121338 -0.221191 0.791138
v 0.103516 -0.244141 0.802734
v 0.093994 -0.218994 0.819458
v 0.084473 -0.240723 0.812988
v -0.084473 -0.240723 0.812988
v -0.103516 -0.244141 0.802734
v -0.093994 -0.218994 0.819458
v 0.054688 -0.213867 0.823242
v 0.062500 -0.183594 0.820312
v -0.062500 -0.183594 0.820312
v -0.054688 -0.213867 0.823242
v 0.046875 -0.242188 0.816406
v 0.000000 -0.202365 0.823351
v 0.000000 -0.244141 0.816406
v -0.046875 -0.242188 0.816406
v 0.056641 -0.085938 0.755859
v 0.103027 -0.128906 0.766113
v 0.142415 -0.096300 0.776693
v 0.000000 -0.066406 0.745117
v -0.056641 -0.085938 0.755859
v -0.142415 -0.096300 0.776693
v -0.103027 -0.128906 0.766113
v 0.128906 -0.179688 0.753906
v 0.139160 -0.229004 0.735840
v 0.149902 -0.179688 0.734375
v -0.149902 -0.179688 0.734375
v -0.139160 -0.229004 0.735840
v -0.128906 -0.179688 0.753906
v 0.138672 -0.267578 0.728516
v 0.135742 -0.310547 0.727539
v 0.172852 -0.275391 0.695801
v 0.164673 -0.234375 0.705688
v -0.172852 -0.275391 0.695801
v -0.135742 -0.310547 0.727539
v -0.138672 -0.267578 0.728516
v -0.164673 -0.234375 0.705688
v 0.138672 -0.373047 0.728516
v 0.192383 -0.376953 0.696777
v 0.180176 -0.317871 0.695801
v -0.192383 -0.376953 0.696777
v -0.138672 -0.373047 0.728516
v -0.180176 -0.317871 0.695801
v 0.240234 -0.376953 0.636719
v 0.288696 -0.443359 0.565674
v 0.266602 -0.368164 0.562988
v 0.221680 -0.320312 0.633789
v -0.221680 -0.320312 0.633789
v -0.240234 -0.376953 0.636719
v -0.266602 -0.368164 0.562988
v -0.288696 -0.443359 0.565674
v 0.232910 -0.277344 0.561035
v 0.208984 -0.279297 0.632812
v 0.221558 -0.244995 0.565674
v 0.197266 -0.241699 0.639648
v -0.197266 -0.241699 0.639648
v -0.208984 -0.279297 0.632812
v -0.221558 -0.244995 0.565674
v -0.232910 -0.277344 0.561035
v 0.181641 -0.195312 0.660156
v 0.208008 -0.210449 0.574707
v -0.181641 -0.195312 0.660156
v -0.208008 -0.210449 0.574707
v 0.089355 -0.747559 0.727539
v 0.050781 -0.750000 0.728516
v 0.000000 -0.746338 0.732666
v 0.000000 -0.759766 0.727539
v 0.047852 -0.756836 0.716309
v 0.083862 -0.754517 0.716675
v -0.047852 -0.756836 0.716309
v -0.050781 -0.750000 0.728516
v -0.089355 -0.747559 0.727539
v -0.083862 -0.754517 0.716675
v 0.098633 -0.821777 0.710938
v 0.103516 -0.779297 0.720703
v 0.096191 -0.780762 0.710938
v -0.103516 -0.779297 0.720703
v -0.098633 -0.821777 0.710938
v -0.096191 -0.780762 0.710938
v 0.080078 -0.851562 0.701172
v 0.090576 -0.816895 0.701782
v 0.072754 -0.844238 0.691895
v 0.054199 -0.870117 0.693359
v -0.080078 -0.851562 0.701172
v -0.090576 -0.816895 0.701782
v -0.054199 -0.870117 0.693359
v -0.072754 -0.844238 0.691895
v 0.027344 -0.878906 0.689453
v 0.000000 -0.893311 0.682861
v 0.048706 -0.862427 0.684082
v 0.024414 -0.871094 0.681152
v 0.000000 -0.880859 0.688477
v -0.027344 -0.878906 0.689453
v -0.048706 -0.862427 0.684082
v -0.024414 -0.871094 0.681152
v 0.000000 -0.865234 0.660156
v 0.023438 -0.863281 0.660156
v 0.046875 -0.854980 0.662109
v 0.026367 -0.846191 0.643066
v 0.000000 -0.848877 0.642822
v -0.026367 -0.846191 0.643066
v -0.046875 -0.854980 0.662109
v -0.023438 -0.863281 0.660156
v 0.070312 -0.837891 0.667969
v 0.087891 -0.812988 0.676270
v 0.084201 -0.809245 0.658782
v 0.072266 -0.826660 0.646810
v 0.051025 -0.838623 0.644246
v -0.070312 -0.837891 0.667969
v -0.084201 -0.809245 0.658782
v -0.087891 -0.812988 0.676270
v -0.051025 -0.838623 0.644246
v -0.072266 -0.826660 0.646810
v 0.093750 -0.781250 0.685547
v 0.082031 -0.758789 0.691895
v 0.077393 -0.771606 0.664876
v 0.089844 -0.787109 0.659017
v -0.093750 -0.781250 0.685547
v -0.077393 -0.771606 0.664876
v -0.082031 -0.758789 0.691895
v -0.089844 -0.787109 0.659017
v 0.046875 -0.761719 0.691406
v 0.000000 -0.765137 0.714600
v 0.000000 -0.769531 0.689453
v 0.043945 -0.775879 0.664551
v -0.043945 -0.775879 0.664551
v -0.046875 -0.761719 0.691406
v 0.035156 -0.810547 0.646484
v 0.000000 -0.782959 0.662842
v 0.000000 -0.815430 0.645508
v 0.063477 -0.804199 0.647298
v -0.035156 -0.810547 0.646484
v -0.063477 -0.804199 0.647298
v 0.078125 -0.804688 0.645833
v -0.078125 -0.804688 0.645833
v 0.164062 0.181641 0.765625
v 0.123657 0.213989 0.761841
v 0.177734 0.150879 0.762695
v 0.189331 0.158203 0.769165
v 0.178223 0.187500 0.770996
v 0.155273 0.217285 0.769043
v -0.164062 0.181641 0.765625
v -0.189331 0.158203 0.769165
v -0.177734 0.150879 0.762695
v -0.123657 0.213989 0.761841
v -0.155273 0.217285 0.769043
v -0.178223 0.187500 0.770996
v 0.156738 0.301758 0.773438
v 0.152344 0.257812 0.771484
v 0.172607 0.220825 0.773804
v 0.172363 0.258301 0.775391
v -0.152344 0.257812 0.771484
v -0.172607 0.220825 0.773804
v -0.156738 0.301758 0.773438
v -0.172363 0.258301 0.775391
v 0.169922 0.347656 0.775391
v 0.166992 0.407227 0.780640
v 0.178345 0.297974 0.776245
v 0.191406 0.337891 0.776855
v 0.211792 0.373779 0.776367
v 0.192383 0.389160 0.775391
v -0.169922 0.347656 0.775391
v -0.178345 0.297974 0.776245
v -0.166992 0.407227 0.780640
v -0.192383 0.389160 0.775391
v -0.211792 0.373779 0.776367
v -0.191406 0.337891 0.776855
v 0.195312 0.125000 0.761719
v 0.229980 0.099609 0.756836
v 0.206055 0.132812 0.770508
v -0.206055 0.132812 0.770508
v -0.229980 0.099609 0.756836
v -0.195312 0.125000 0.761719
v 0.294922 0.070312 0.742188
v 0.368652 0.052246 0.724121
v 0.369019 0.070679 0.737061
v 0.300293 0.084473 0.754395
v -0.294922 0.070312 0.742188
v -0.369019 0.070679 0.737061
v -0.368652 0.052246 0.724121
v -0.300293 0.084473 0.754395
v 0.429688 0.060547 0.708984
v 0.485352 0.090332 0.694824
v 0.476807 0.105957 0.709473
v 0.425781 0.079102 0.723145
v -0.429688 0.060547 0.708984
v -0.476807 0.105957 0.709473
v -0.485352 0.090332 0.694824
v -0.425781 0.079102 0.723145
v 0.542969 0.136719 0.679688
v 0.588379 0.190430 0.668457
v 0.568237 0.195679 0.680054
v 0.528320 0.147461 0.692871
v -0.542969 0.136719 0.679688
v -0.568237 0.195679 0.680054
v -0.588379 0.190430 0.668457
v -0.528320 0.147461 0.692871
v 0.607422 0.242188 0.666016
v 0.607910 0.289062 0.668945
v 0.584595 0.285400 0.681030
v 0.584473 0.242676 0.677734
v -0.607422 0.242188 0.666016
v -0.584595 0.285400 0.681030
v -0.607910 0.289062 0.668945
v -0.584473 0.242676 0.677734
v 0.597656 0.328125 0.673828
v 0.566406 0.361328 0.686523
v 0.576172 0.320801 0.685059
v -0.576172 0.320801 0.685059
v -0.566406 0.361328 0.686523
v -0.597656 0.328125 0.673828
v 0.503906 0.390625 0.712891
v 0.433594 0.415527 0.738281
v 0.492676 0.377441 0.726562
v 0.548950 0.350830 0.697632
v -0.492676 0.377441 0.726562
v -0.433594 0.415527 0.738281
v -0.503906 0.390625 0.712891
v -0.548950 0.350830 0.697632
v 0.378906 0.435547 0.748047
v 0.334961 0.447754 0.751465
v 0.337891 0.427856 0.757935
v 0.378418 0.417480 0.759277
v -0.378906 0.435547 0.748047
v -0.337891 0.427856 0.757935
v -0.334961 0.447754 0.751465
v -0.378418 0.417480 0.759277
v 0.296875 0.449219 0.757812
v 0.261230 0.439941 0.765137
v 0.271484 0.419922 0.769409
v 0.303223 0.428711 0.762695
v -0.296875 0.449219 0.757812
v -0.271484 0.419922 0.769409
v -0.261230 0.439941 0.765137
v -0.303223 0.428711 0.762695
v 0.224609 0.419922 0.771484
v 0.239746 0.401367 0.773926
v -0.224609 0.419922 0.771484
v -0.239746 0.401367 0.773926
v 0.250000 0.388672 0.769531
v 0.225098 0.363770 0.769531
v 0.257812 0.378906 0.761719
v 0.282227 0.394531 0.762695
v 0.277832 0.405762 0.767578
v -0.257812 0.378906 0.761719
v -0.225098 0.363770 0.769531
v -0.250000 0.388672 0.769531
v -0.277832 0.405762 0.767578
v -0.282227 0.394531 0.762695
v 0.306641 0.414062 0.761719
v 0.308594 0.402344 0.757812
v 0.338867 0.414062 0.756836
v -0.306641 0.414062 0.761719
v -0.338867 0.414062 0.756836
v -0.308594 0.402344 0.757812
v 0.376953 0.406250 0.757812
v 0.428711 0.399902 0.753296
v 0.338867 0.403320 0.751953
v 0.375000 0.398438 0.750000
v 0.423828 0.391113 0.751465
v -0.376953 0.406250 0.757812
v -0.338867 0.403320 0.751953
v -0.428711 0.399902 0.753296
v -0.423828 0.391113 0.751465
v -0.375000 0.398438 0.750000
v 0.533691 0.342773 0.695801
v 0.482422 0.369141 0.724609
v 0.472656 0.363281 0.714844
v 0.519531 0.335938 0.687500
v -0.472656 0.363281 0.714844
v -0.482422 0.369141 0.724609
v -0.533691 0.342773 0.695801
v -0.519531 0.335938 0.687500
v 0.558594 0.314453 0.683594
v 0.542969 0.308594 0.675781
v 0.566406 0.282227 0.680176
v -0.542969 0.308594 0.675781
v -0.558594 0.314453 0.683594
v -0.566406 0.282227 0.680176
v 0.566406 0.244141 0.677734
v 0.550781 0.279297 0.672852
v 0.550781 0.246094 0.671875
v 0.551758 0.201660 0.680664
v -0.566406 0.244141 0.677734
v -0.550781 0.279297 0.672852
v -0.551758 0.201660 0.680664
v -0.550781 0.246094 0.671875
v 0.515625 0.156250 0.693359
v 0.537109 0.208008 0.675781
v 0.503906 0.164062 0.687500
v 0.468750 0.116699 0.709473
v -0.515625 0.156250 0.693359
v -0.537109 0.208008 0.675781
v -0.468750 0.116699 0.709473
v -0.503906 0.164062 0.687500
v 0.369141 0.083984 0.735840
v 0.421875 0.091797 0.722656
v 0.417969 0.101562 0.714844
v 0.369141 0.094727 0.727539
v -0.417969 0.101562 0.714844
v -0.421875 0.091797 0.722656
v -0.369141 0.083984 0.735840
v -0.369141 0.094727 0.727539
v 0.247070 0.117676 0.764160
v 0.304688 0.095703 0.751953
v 0.308594 0.105469 0.742188
v 0.253906 0.125977 0.752930
v -0.308594 0.105469 0.742188
v -0.304688 0.095703 0.751953
v -0.247070 0.117676 0.764160
v -0.253906 0.125977 0.752930
v 0.214844 0.140625 0.765625
v 0.239380 0.109009 0.767944
v 0.222656 0.148438 0.753906
v 0.198730 0.165527 0.763184
v -0.222656 0.148438 0.753906
v -0.214844 0.140625 0.765625
v -0.239380 0.109009 0.767944
v -0.198730 0.165527 0.763184
v 0.205078 0.332031 0.769531
v 0.191406 0.296387 0.769043
v 0.200195 0.295898 0.756836
v 0.214844 0.328125 0.757812
v -0.205078 0.332031 0.769531
v -0.200195 0.295898 0.756836
v -0.191406 0.296387 0.769043
v -0.214844 0.328125 0.757812
v 0.185547 0.259766 0.767578
v 0.185547 0.224609 0.765625
v 0.196289 0.228516 0.750977
v 0.195312 0.261719 0.753906
v -0.185547 0.259766 0.767578
v -0.196289 0.228516 0.750977
v -0.185547 0.224609 0.765625
v -0.195312 0.261719 0.753906
v 0.189453 0.193359 0.763672
v 0.207031 0.172852 0.750977
v 0.199219 0.199219 0.750000
v -0.189453 0.193359 0.763672
v -0.207031 0.172852 0.750977
v -0.199219 0.199219 0.750000
v 0.042969 0.447266 0.675781
v 0.086426 0.496094 0.679688
v 0.047201 0.448405 0.620117
v 0.000000 0.439046 0.617676
v 0.000000 0.432617 0.673828
v -0.047201 0.448405 0.620117
v -0.086426 0.496094 0.679688
v -0.042969 0.447266 0.675781
v 0.130859 0.583984 0.683594
v 0.183594 0.668457 0.683594
v 0.205729 0.638021 0.640625
v 0.179199 0.575195 0.625977
v 0.125521 0.489245 0.612891
v -0.130859 0.583984 0.683594
v -0.205729 0.638021 0.640625
v -0.183594 0.668457 0.683594
v -0.125521 0.489245 0.612891
v -0.179199 0.575195 0.625977
v 0.251953 0.707031 0.675781
v 0.329102 0.700684 0.661621
v 0.266113 0.662598 0.620117
v -0.266113 0.662598 0.620117
v -0.329102 0.700684 0.661621
v -0.251953 0.707031 0.675781
v 0.408203 0.650391 0.642578
v 0.494141 0.582520 0.618652
v 0.377441 0.621094 0.596191
v 0.327691 0.665365 0.622179
v -0.377441 0.621094 0.596191
v -0.494141 0.582520 0.618652
v -0.408203 0.650391 0.642578
v -0.327691 0.665365 0.622179
v 0.591797 0.523438 0.589844
v 0.686035 0.476074 0.562500
v 0.580078 0.506836 0.519043
v 0.458125 0.553438 0.557578
v -0.580078 0.506836 0.519043
v -0.686035 0.476074 0.562500
v -0.591797 0.523438 0.589844
v -0.458125 0.553438 0.557578
v 0.761719 0.443359 0.542969
v 0.808105 0.391602 0.516602
v 0.736816 0.433105 0.472168
v 0.668091 0.463501 0.489014
v -0.736816 0.433105 0.472168
v -0.808105 0.391602 0.516602
v -0.761719 0.443359 0.542969
v -0.668091 0.463501 0.489014
v 0.814453 0.287109 0.468750
v 0.789429 0.167603 0.481934
v 0.781250 0.166992 0.433105
v 0.792969 0.290039 0.402832
v 0.780396 0.385376 0.449707
v -0.792969 0.290039 0.402832
v -0.781250 0.166992 0.433105
v -0.814453 0.287109 0.468750
v -0.789429 0.167603 0.481934
v -0.780396 0.385376 0.449707
v 0.708984 0.068359 0.443359
v 0.617676 -0.009766 0.471191
v 0.619507 -0.000366 0.387573
v 0.706055 0.080078 0.365234
v -0.708984 0.068359 0.443359
v -0.619507 -0.000366 0.387573
v -0.617676 -0.009766 0.471191
v -0.706055 0.080078 0.365234
v 0.527344 -0.068359 0.488281
v 0.430664 -0.112793 0.500977
v 0.416667 -0.110781 0.449245
v 0.527832 -0.060059 0.411621
v -0.527344 -0.068359 0.488281
v -0.416667 -0.110781 0.449245
v -0.430664 -0.112793 0.500977
v -0.527832 -0.060059 0.411621
v 0.066895 -0.569824 0.333008
v 0.000000 -0.514648 0.302734
v 0.076172 -0.501953 0.304688
v 0.000000 -0.475830 0.270508
v 0.088379 -0.459473 0.266602
v 0.144531 -0.476562 0.318848
v 0.131958 -0.550171 0.349487
v -0.144531 -0.476562 0.318848
v -0.088379 -0.459473 0.266602
v -0.076172 -0.501953 0.304688
v -0.066895 -0.569824 0.333008
v -0.131958 -0.550171 0.349487
v 0.070801 -0.775391 0.365234
v 0.000000 -0.677734 0.339844
v 0.066406 -0.667969 0.347656
v 0.000000 -0.579346 0.325684
v 0.133301 -0.647949 0.362305
v 0.142334 -0.753784 0.373901
v -0.133301 -0.647949 0.362305
v -0.066406 -0.667969 0.347656
v -0.070801 -0.775391 0.365234
v -0.142334 -0.753784 0.373901
v 0.081543 -0.940430 0.452148
v 0.000000 -0.880859 0.402344
v 0.076172 -0.871094 0.402344
v 0.000000 -0.786133 0.360352
v 0.152832 -0.851562 0.400879
v 0.162720 -0.924683 0.441650
v -0.152832 -0.851562 0.400879
v -0.076172 -0.871094 0.402344
v -0.081543 -0.940430 0.452148
v -0.162720 -0.924683 0.441650
v 0.085938 -0.968750 0.507812
v 0.000000 -0.974609 0.513672
v 0.000000 -0.948242 0.456543
v 0.169922 -0.956543 0.494629
v -0.085938 -0.968750 0.507812
v -0.169922 -0.956543 0.494629
v 0.250000 -0.943359 0.478516
v 0.243164 -0.908691 0.427734
v 0.308594 -0.916992 0.464844
v -0.250000 -0.943359 0.478516
v -0.308594 -0.916992 0.464844
v -0.243164 -0.908691 0.427734
v 0.328125 -0.865234 0.458984
v 0.286024 -0.887153 0.430339
v 0.293945 -0.830566 0.409180
v 0.324707 -0.791504 0.460449
v -0.328125 -0.865234 0.458984
v -0.286024 -0.887153 0.430339
v -0.324707 -0.791504 0.460449
v -0.293945 -0.830566 0.409180
v 0.314453 -0.699219 0.468750
v 0.279541 -0.735840 0.403076
v 0.263672 -0.634277 0.404297
v 0.300781 -0.597656 0.478516
v -0.314453 -0.699219 0.468750
v -0.279541 -0.735840 0.403076
v -0.300781 -0.597656 0.478516
v -0.263672 -0.634277 0.404297
v 0.215332 -0.731934 0.380371
v 0.201172 -0.626953 0.375000
v 0.193359 -0.529297 0.369629
v 0.250000 -0.535645 0.407837
v -0.201172 -0.626953 0.375000
v -0.215332 -0.731934 0.380371
v -0.250000 -0.535645 0.407837
v -0.193359 -0.529297 0.369629
v 0.230469 -0.832031 0.396484
v -0.230469 -0.832031 0.396484
v 0.197266 -0.451172 0.353516
v 0.236694 -0.381104 0.408813
v 0.242188 -0.449707 0.408691
v 0.161865 -0.426758 0.279297
v 0.205566 -0.394043 0.333008
v -0.197266 -0.451172 0.353516
v -0.242188 -0.449707 0.408691
v -0.236694 -0.381104 0.408813
v -0.205566 -0.394043 0.333008
v -0.161865 -0.426758 0.279297
v 0.287109 -0.496094 0.484375
v 0.272461 -0.407715 0.487793
v -0.287109 -0.496094 0.484375
v -0.272461 -0.407715 0.487793
v 0.240723 -0.301758 0.494141
v 0.230469 -0.267578 0.501953
v 0.244629 -0.242188 0.444824
v 0.239176 -0.215210 0.474040
v 0.222168 -0.238281 0.511719
v -0.230469 -0.267578 0.501953
v -0.239176 -0.215210 0.474040
v -0.244629 -0.242188 0.444824
v -0.240723 -0.301758 0.494141
v -0.222168 -0.238281 0.511719
v 0.255859 -0.345703 0.490234
v 0.229980 -0.334473 0.410156
v 0.246460 -0.315674 0.560303
v -0.229980 -0.334473 0.410156
v -0.255859 -0.345703 0.490234
v -0.246460 -0.315674 0.560303
v 0.234863 -0.179199 0.524902
v 0.212891 -0.208984 0.521484
v 0.227702 -0.192871 0.492350
v -0.227702 -0.192871 0.492350
v -0.212891 -0.208984 0.521484
v -0.234863 -0.179199 0.524902
v 0.320312 -0.148438 0.515625
v 0.253111 -0.171658 0.501809
v 0.311198 -0.144531 0.490885
v -0.320312 -0.148438 0.515625
v -0.311198 -0.144531 0.490885
v -0.253111 -0.171658 0.501809
v 0.000000 -0.058594 -0.712891
v 0.176270 0.087891 -0.732422
v 0.169922 -0.054688 -0.675781
v 0.325521 0.077148 -0.660970
v 0.309408 -0.042969 -0.615560
v 0.168457 -0.164551 -0.585938
v 0.000000 -0.175049 -0.618652
v -0.168457 -0.164551 -0.585938
v -0.309408 -0.042969 -0.615560
v -0.169922 -0.054688 -0.675781
v -0.325521 0.077148 -0.660970
v -0.176270 0.087891 -0.732422
v 0.000000 -0.274414 -0.484375
v 0.160156 -0.259766 -0.457031
v 0.310872 -0.132080 -0.535482
v 0.297363 -0.219727 -0.413086
v 0.145996 -0.335449 -0.285156
v 0.000000 -0.352295 -0.304688
v -0.145996 -0.335449 -0.285156
v -0.297363 -0.219727 -0.413086
v -0.160156 -0.259766 -0.457031
v -0.310872 -0.132080 -0.535482
v 0.000000 -0.404297 -0.074219
v 0.126953 -0.386719 -0.066406
v 0.242676 -0.339355 -0.052246
v 0.108887 -0.418945 0.126953
v -0.108887 -0.418945 0.126953
v -0.242676 -0.339355 -0.052246
v -0.126953 -0.386719 -0.066406
v 0.097656 -0.437500 0.222656
v 0.000000 -0.436523 0.129395
v 0.174805 -0.400391 0.239746
v 0.000000 -0.455078 0.228516
v -0.097656 -0.437500 0.222656
v -0.174805 -0.400391 0.239746
v 0.210938 -0.359375 0.314453
v 0.229818 -0.328125 0.288900
v 0.235833 -0.284766 0.404818
v -0.229818 -0.328125 0.288900
v -0.210938 -0.359375 0.314453
v -0.235833 -0.284766 0.404818
v 0.740234 0.087891 0.228516
v 0.769775 0.177979 0.363892
v 0.655273 -0.009277 0.247070
v 0.700312 -0.032500 0.072812
v 0.779785 0.100586 0.088867
v 0.788086 0.197266 0.241211
v -0.740234 0.087891 0.228516
v -0.700312 -0.032500 0.072812
v -0.655273 -0.009277 0.247070
v -0.769775 0.177979 0.363892
v -0.788086 0.197266 0.241211
v -0.779785 0.100586 0.088867
v 0.000000 0.298828 -0.800781
v 0.222168 0.493164 -0.734375
v 0.199219 0.281250 -0.761719
v 0.408691 0.442139 -0.665405
v 0.367676 0.246094 -0.688477
v 0.000000 0.093262 -0.771973
v -0.367676 0.246094 -0.688477
v -0.199219 0.281250 -0.761719
v -0.408691 0.442139 -0.665405
v -0.222168 0.493164 -0.734375
v 0.000000 0.928711 0.099609
v 0.227051 0.844238 0.249512
v 0.226562 0.916016 0.093750
v 0.420532 0.808472 0.206787
v 0.419922 0.876465 0.065918
v 0.226562 0.937500 -0.081055
v -0.226562 0.937500 -0.081055
v -0.419922 0.876465 0.065918
v -0.226562 0.916016 0.093750
v -0.420532 0.808472 0.206787
v -0.227051 0.844238 0.249512
v 0.226562 0.919922 -0.269531
v 0.000000 0.950195 -0.085938
v 0.419922 0.880859 -0.249023
v 0.420288 0.804932 -0.407593
v 0.227051 0.844238 -0.455078
v 0.000000 0.930664 -0.291016
v -0.226562 0.919922 -0.269531
v -0.420288 0.804932 -0.407593
v -0.419922 0.880859 -0.249023
v -0.227051 0.844238 -0.455078
v 0.228516 0.691406 -0.621094
v 0.000000 0.855713 -0.490723
v 0.421387 0.643555 -0.559082
v 0.000000 0.710938 -0.660156
v -0.421387 0.643555 -0.559082
v -0.228516 0.691406 -0.621094
v 0.708984 0.429688 0.392578
v 0.754883 0.386230 0.374023
v 0.743408 0.409424 0.289062
v 0.691895 0.455078 0.302246
v 0.646484 0.458008 0.401367
v -0.708984 0.429688 0.392578
v -0.743408 0.409424 0.289062
v -0.754883 0.386230 0.374023
v -0.646484 0.458008 0.401367
v -0.691895 0.455078 0.302246
v 0.699219 0.531250 0.199219
v 0.630615 0.487549 0.302734
v 0.757812 0.470215 0.194336
v 0.777710 0.535889 0.090576
v 0.713867 0.613770 0.086426
v 0.629883 0.580078 0.196289
v -0.699219 0.531250 0.199219
v -0.777710 0.535889 0.090576
v -0.757812 0.470215 0.194336
v -0.630615 0.487549 0.302734
v -0.629883 0.580078 0.196289
v -0.713867 0.613770 0.086426
v 0.718750 0.658203 -0.033203
v 0.635010 0.679565 0.081543
v 0.782715 0.573730 -0.021484
v 0.780151 0.582275 -0.138916
v 0.718750 0.667969 -0.156250
v 0.636719 0.729980 -0.041992
v -0.718750 0.658203 -0.033203
v -0.780151 0.582275 -0.138916
v -0.782715 0.573730 -0.021484
v -0.635010 0.679565 0.081543
v -0.636719 0.729980 -0.041992
v -0.718750 0.667969 -0.156250
v 0.718750 0.646484 -0.279297
v 0.636719 0.740601 -0.170044
v 0.777344 0.560059 -0.258789
v 0.758247 0.524089 -0.343750
v 0.715820 0.579590 -0.385254
v 0.634277 0.650391 -0.414062
v 0.636719 0.720703 -0.298340
v -0.718750 0.646484 -0.279297
v -0.758247 0.524089 -0.343750
v -0.777344 0.560059 -0.258789
v -0.636719 0.740601 -0.170044
v -0.636719 0.720703 -0.298340
v -0.634277 0.650391 -0.414062
v -0.715820 0.579590 -0.385254
v 0.707031 0.453125 -0.457031
v 0.762813 0.282891 -0.418750
v 0.681641 0.299805 -0.495117
v 0.603149 0.339111 -0.558228
v 0.626953 0.509766 -0.504395
v 0.768555 0.423828 -0.383301
v -0.626953 0.509766 -0.504395
v -0.707031 0.453125 -0.457031
v -0.603149 0.339111 -0.558228
v -0.681641 0.299805 -0.495117
v -0.762813 0.282891 -0.418750
v -0.768555 0.423828 -0.383301
v 0.542969 0.578125 -0.529297
v 0.545898 0.732910 -0.407715
v 0.523926 0.388672 -0.610840
v -0.542969 0.578125 -0.529297
v -0.545898 0.732910 -0.407715
v -0.523926 0.388672 -0.610840
v 0.546875 0.806641 -0.273438
v 0.546875 0.823730 -0.133301
v -0.546875 0.806641 -0.273438
v -0.546875 0.823730 -0.133301
v 0.546875 0.808594 0.005859
v 0.419922 0.896362 -0.089233
v 0.546875 0.749023 0.136230
v -0.546875 0.808594 0.005859
v -0.546875 0.749023 0.136230
v -0.419922 0.896362 -0.089233
v 0.546875 0.632812 0.250000
v 0.422363 0.679688 0.323730
v 0.551270 0.526367 0.350098
v -0.546875 0.632812 0.250000
v -0.551270 0.526367 0.350098
v -0.422363 0.679688 0.323730
v 0.443359 0.525391 0.491211
v 0.564453 0.496094 0.439453
v 0.428833 0.561523 0.418091
v -0.564453 0.496094 0.439453
v -0.443359 0.525391 0.491211
v -0.428833 0.561523 0.418091
v 0.000000 0.722656 0.405273
v 0.238281 0.583008 0.480469
v 0.228516 0.710938 0.380859
v 0.000000 0.856201 0.263916
v -0.228516 0.710938 0.380859
v -0.238281 0.583008 0.480469
v 0.284668 0.533691 0.574707
v 0.281250 0.591797 0.593750
v -0.281250 0.591797 0.593750
v -0.284668 0.533691 0.574707
v 0.263672 0.527344 0.541016
v 0.102376 0.509440 0.578613
v -0.263672 0.527344 0.541016
v -0.102376 0.509440 0.578613
v 0.036458 0.479167 0.593750
v 0.000000 0.566551 0.546875
v 0.000000 0.483724 0.589844
v -0.036458 0.479167 0.593750
v 0.787109 0.302734 0.306641
v 0.793457 0.331055 0.203613
v -0.793457 0.331055 0.203613
v -0.787109 0.302734 0.306641
v 0.808594 0.380859 0.117188
v 0.814697 0.226074 0.114136
v 0.828125 0.265625 0.031738
v 0.820801 0.430176 0.033691
v -0.808594 0.380859 0.117188
v -0.820801 0.430176 0.033691
v -0.828125 0.265625 0.031738
v -0.814697 0.226074 0.114136
v 0.818359 0.457031 -0.060547
v 0.836328 0.300938 -0.049844
v 0.832031 0.347656 -0.119629
v 0.808105 0.459961 -0.165039
v -0.818359 0.457031 -0.060547
v -0.808105 0.459961 -0.165039
v -0.832031 0.347656 -0.119629
v -0.836328 0.300938 -0.049844
v 0.806641 0.344238 -0.308594
v 0.796875 0.437500 -0.279297
v 0.824766 0.347656 -0.205312
v -0.796875 0.437500 -0.279297
v -0.806641 0.344238 -0.308594
v -0.824766 0.347656 -0.205312
v 0.307943 -0.277832 0.129720
v 0.335938 -0.267578 -0.041016
v 0.273193 -0.293091 -0.251099
v 0.362793 -0.233398 -0.227051
v 0.428223 -0.192383 -0.035645
v -0.428223 -0.192383 -0.035645
v -0.362793 -0.233398 -0.227051
v -0.335938 -0.267578 -0.041016
v -0.273193 -0.293091 -0.251099
v -0.307943 -0.277832 0.129720
v 0.640625 -0.088867 -0.054199
v 0.556641 -0.107910 0.113770
v 0.541016 -0.134766 -0.039062
v 0.525391 -0.132812 -0.187988
v 0.616094 -0.109531 -0.167969
v -0.525391 -0.132812 -0.187988
v -0.541016 -0.134766 -0.039062
v -0.556641 -0.107910 0.113770
v -0.640625 -0.088867 -0.054199
v -0.616094 -0.109531 -0.167969
v 0.544922 -0.078125 0.275391
v 0.426758 -0.134277 0.317871
v 0.405755 -0.181641 0.158802
v -0.544922 -0.078125 0.275391
v -0.405755 -0.181641 0.158802
v -0.426758 -0.134277 0.317871
v 0.318359 -0.193359 0.378906
v 0.312663 -0.169434 0.448893
v 0.305501 -0.231934 0.301107
v -0.318359 -0.193359 0.378906
v -0.312663 -0.169434 0.448893
v -0.305501 -0.231934 0.301107
v 0.278646 -0.281250 0.247396
v 0.212630 -0.369297 0.155833
v -0.278646 -0.281250 0.247396
v -0.212630 -0.369297 0.155833
v 0.283854 -0.164062 0.479167
v -0.283854 -0.164062 0.479167
v 0.702148 0.134766 -0.440430
v 0.628906 0.152344 -0.500000
v 0.572754 0.022949 -0.453613
v 0.551270 0.178711 -0.564453
v -0.551270 0.178711 -0.564453
v -0.572754 0.022949 -0.453613
v -0.628906 0.152344 -0.500000
v -0.702148 0.134766 -0.440430
v 0.474609 0.210938 -0.625000
v 0.420736 0.066406 -0.604818
v -0.420736 0.066406 -0.604818
v -0.474609 0.210938 -0.625000
v 0.617676 -0.077148 -0.298340
v 0.537109 -0.076172 -0.337891
v 0.438843 -0.174072 -0.207764
v 0.459961 -0.101562 -0.371582
v 0.649780 0.005127 -0.400513
v -0.459961 -0.101562 -0.371582
v -0.537109 -0.076172 -0.337891
v -0.438843 -0.174072 -0.207764
v -0.617676 -0.077148 -0.298340
v -0.649780 0.005127 -0.400513
v 0.388672 -0.158203 -0.390625
v 0.401204 -0.076660 -0.514974
v -0.401204 -0.076660 -0.514974
v -0.388672 -0.158203 -0.390625
v 0.388021 -0.023438 -0.583333
v 0.482005 0.019531 -0.522786
v -0.388021 -0.023438 -0.583333
v -0.482005 0.019531 -0.522786
v 1.029297 0.440918 -0.304688
v 0.956543 0.430664 -0.291016
v 0.962891 0.414062 -0.263672
v 0.897949 0.395508 -0.258789
v 0.911133 0.381348 -0.233398
v 0.969238 0.385742 -0.265137
v 1.027222 0.409180 -0.304321
v -0.969238 0.385742 -0.265137
v -0.911133 0.381348 -0.233398
v -0.962891 0.414062 -0.263672
v -0.897949 0.395508 -0.258789
v -0.956543 0.430664 -0.291016
v -1.029297 0.440918 -0.304688
v -1.027222 0.409180 -0.304321
v 1.115234 0.458984 -0.353516
v 1.031982 0.459351 -0.333862
v 1.104492 0.424805 -0.350586
v 1.179810 0.415039 -0.389526
v 1.199219 0.448242 -0.394043
v 1.126465 0.479004 -0.382324
v -1.115234 0.458984 -0.353516
v -1.179810 0.415039 -0.389526
v -1.104492 0.424805 -0.350586
v -1.031982 0.459351 -0.333862
v -1.126465 0.479004 -0.382324
v -1.199219 0.448242 -0.394043
v 1.259766 0.388672 -0.410156
v 1.218506 0.467773 -0.420288
v 1.231934 0.362305 -0.406738
v 1.288574 0.295898 -0.413574
v 1.320435 0.304077 -0.431396
v 1.286621 0.403809 -0.431641
v -1.288574 0.295898 -0.413574
v -1.231934 0.362305 -0.406738
v -1.259766 0.388672 -0.410156
v -1.218506 0.467773 -0.420288
v -1.286621 0.403809 -0.431641
v -1.320435 0.304077 -0.431396
v 1.309570 0.185547 -0.434570
v 1.277344 0.185547 -0.416016
v 1.255371 0.280273 -0.411621
v 1.244629 0.182617 -0.413574
v 1.227539 0.079102 -0.404785
v 1.254883 0.070923 -0.426514
v -1.227539 0.079102 -0.404785
v -1.244629 0.182617 -0.413574
v -1.277344 0.185547 -0.416016
v -1.255371 0.280273 -0.411621
v -1.309570 0.185547 -0.434570
v -1.254883 0.070923 -0.426514
v 1.157227 -0.017090 -0.392578
v 1.140625 -0.001953 -0.367188
v 1.200806 0.088623 -0.401611
v 1.125000 0.017578 -0.364746
v 1.030518 -0.031006 -0.306030
v 1.032227 -0.057617 -0.305664
v 1.035889 -0.077881 -0.333130
v -1.140625 -0.001953 -0.367188
v -1.030518 -0.031006 -0.306030
v -1.125000 0.017578 -0.364746
v -1.200806 0.088623 -0.401611
v -1.157227 -0.017090 -0.392578
v -1.035889 -0.077881 -0.333130
v -1.032227 -0.057617 -0.305664
v 0.910156 -0.110840 -0.248535
v 0.917969 -0.087891 -0.222656
v 0.930664 -0.057617 -0.228516
v 0.839600 -0.064575 -0.168579
v 0.812012 -0.097168 -0.157227
v -0.917969 -0.087891 -0.222656
v -0.839600 -0.064575 -0.168579
v -0.930664 -0.057617 -0.228516
v -0.910156 -0.110840 -0.248535
v -0.812012 -0.097168 -0.157227
v 0.945312 -0.033203 -0.253906
v 1.033203 -0.009766 -0.326660
v 0.957520 -0.016602 -0.287109
v 0.886963 -0.023926 -0.235107
v 0.866699 -0.040039 -0.198730
v -0.945312 -0.033203 -0.253906
v -0.886963 -0.023926 -0.235107
v -0.957520 -0.016602 -0.287109
v -1.033203 -0.009766 -0.326660
v -0.866699 -0.040039 -0.198730
v 1.117188 0.033203 -0.380859
v 1.185059 0.095703 -0.414551
v 1.116211 0.042969 -0.405762
v 1.037964 0.004150 -0.356323
v -1.117188 0.033203 -0.380859
v -1.037964 0.004150 -0.356323
v -1.116211 0.042969 -0.405762
v -1.185059 0.095703 -0.414551
v 1.234863 0.262695 -0.424316
v 1.224609 0.177734 -0.425781
v 1.227051 0.247681 -0.445068
v 1.217285 0.172363 -0.445801
v -1.217285 0.172363 -0.445801
v -1.224609 0.177734 -0.425781
v -1.227051 0.247681 -0.445068
v -1.234863 0.262695 -0.424316
v 1.168457 0.379883 -0.404297
v 1.214844 0.333984 -0.419922
v 1.165039 0.350952 -0.428589
v 1.208496 0.310547 -0.441895
v -1.208496 0.310547 -0.441895
v -1.214844 0.333984 -0.419922
v -1.165039 0.350952 -0.428589
v -1.168457 0.379883 -0.404297
v 1.028809 0.375488 -0.326660
v 1.099609 0.388672 -0.369141
v 1.033203 0.347534 -0.358643
v 1.100098 0.358887 -0.397461
v -1.100098 0.358887 -0.397461
v -1.099609 0.388672 -0.369141
v -1.033203 0.347534 -0.358643
v -1.028809 0.375488 -0.326660
v 0.976562 0.355469 -0.289062
v 0.936035 0.329590 -0.260742
v 0.946167 0.306885 -0.293213
v 0.983887 0.330078 -0.322266
v -0.976562 0.355469 -0.289062
v -0.946167 0.306885 -0.293213
v -0.936035 0.329590 -0.260742
v -0.983887 0.330078 -0.322266
v 0.736816 0.007812 -0.020508
v 0.693359 -0.048828 -0.083984
v 0.683594 -0.071777 -0.142090
v 0.715007 -0.016764 -0.117350
v 0.739176 0.032064 -0.078288
v -0.715007 -0.016764 -0.117350
v -0.683594 -0.071777 -0.142090
v -0.693359 -0.048828 -0.083984
v -0.736816 0.007812 -0.020508
v -0.739176 0.032064 -0.078288
v 0.698730 -0.113770 -0.174805
v 0.728516 -0.089844 -0.148438
v 0.793335 -0.121094 -0.181519
v 0.771484 -0.054199 -0.162598
v 0.727526 -0.027448 -0.168229
v -0.771484 -0.054199 -0.162598
v -0.728516 -0.089844 -0.148438
v -0.793335 -0.121094 -0.181519
v -0.698730 -0.113770 -0.174805
v -0.727526 -0.027448 -0.168229
v 0.792969 0.126953 0.001953
v 0.788574 0.146973 -0.061035
v -0.792969 0.126953 0.001953
v -0.788574 0.146973 -0.061035
v 0.869141 0.345703 -0.216797
v 0.840820 0.312012 -0.199707
v 0.883789 0.323242 -0.223145
v 0.923706 0.356445 -0.236816
v 0.854004 0.356445 -0.242188
v -0.869141 0.345703 -0.216797
v -0.923706 0.356445 -0.236816
v -0.883789 0.323242 -0.223145
v -0.840820 0.312012 -0.199707
v -0.854004 0.356445 -0.242188
v 0.810547 -0.033203 -0.197266
v 0.838379 -0.022461 -0.237305
v 0.778809 -0.017090 -0.217285
v -0.778809 -0.017090 -0.217285
v -0.838379 -0.022461 -0.237305
v -0.810547 -0.033203 -0.197266
v 0.814941 0.000977 -0.267578
v 0.780273 0.029297 -0.234863
v 0.773438 0.003906 -0.226562
v 0.738307 0.048411 -0.191979
v 0.733073 0.006185 -0.182292
v 0.813721 -0.013672 -0.259521
v -0.733073 0.006185 -0.182292
v -0.773438 0.003906 -0.226562
v -0.738307 0.048411 -0.191979
v -0.780273 0.029297 -0.234863
v -0.814941 0.000977 -0.267578
v -0.813721 -0.013672 -0.259521
v 0.785156 0.058594 -0.251953
v 0.772461 0.096680 -0.270264
v 0.759766 0.079590 -0.237305
v 0.823608 0.022583 -0.269653
v 0.821289 0.052246 -0.273926
v 0.811632 0.071181 -0.281467
v 0.789062 0.081543 -0.273926
v -0.785156 0.058594 -0.251953
v -0.823608 0.022583 -0.269653
v -0.759766 0.079590 -0.237305
v -0.772461 0.096680 -0.270264
v -0.789062 0.081543 -0.273926
v -0.811632 0.071181 -0.281467
v -0.821289 0.052246 -0.273926
v 0.792969 0.131348 -0.270020
v 0.812988 0.182129 -0.240234
v 0.777344 0.126953 -0.236328
v 0.767090 0.127441 -0.190918
v -0.767090 0.127441 -0.190918
v -0.777344 0.126953 -0.236328
v -0.812988 0.182129 -0.240234
v -0.792969 0.131348 -0.270020
v 0.869141 0.264160 -0.240723
v 0.828125 0.250977 -0.207520
v 0.841797 0.226562 -0.240234
v 0.803589 0.201538 -0.198730
v 0.858398 0.211426 -0.268555
v 0.885498 0.245972 -0.269043
v -0.858398 0.211426 -0.268555
v -0.841797 0.226562 -0.240234
v -0.803589 0.201538 -0.198730
v -0.828125 0.250977 -0.207520
v -0.869141 0.264160 -0.240723
v -0.885498 0.245972 -0.269043
v 0.900391 0.298828 -0.246094
v 0.851318 0.287598 -0.216064
v 0.914062 0.278320 -0.276367
v -0.914062 0.278320 -0.276367
v -0.900391 0.298828 -0.246094
v -0.851318 0.287598 -0.216064
v 0.830078 0.285156 -0.167969
v 0.815430 0.237305 -0.138672
v -0.830078 0.285156 -0.167969
v -0.815430 0.237305 -0.138672
v 0.775391 0.140625 -0.128906
v 0.735514 0.046224 -0.132487
v -0.735514 0.046224 -0.132487
v -0.775391 0.140625 -0.128906
v 0.721354 0.005208 -0.143229
v -0.721354 0.005208 -0.143229
v 0.919922 0.267578 -0.304688
v 0.891602 0.237305 -0.296387
v 0.900635 0.226685 -0.320068
v 0.929688 0.255859 -0.329102
v 0.952148 0.294434 -0.322266
v -0.919922 0.267578 -0.304688
v -0.900635 0.226685 -0.320068
v -0.891602 0.237305 -0.296387
v -0.952148 0.294434 -0.322266
v -0.929688 0.255859 -0.329102
v 0.865234 0.205078 -0.294922
v 0.828857 0.173584 -0.270386
v 0.836426 0.170410 -0.296387
v 0.874023 0.195801 -0.316406
v -0.874023 0.195801 -0.316406
v -0.836426 0.170410 -0.296387
v -0.865234 0.205078 -0.294922
v -0.828857 0.173584 -0.270386
v 0.800781 0.132812 -0.296875
v 0.779297 0.102051 -0.296875
v 0.794705 0.106554 -0.310113
v 0.810547 0.127930 -0.314941
v -0.800781 0.132812 -0.296875
v -0.794705 0.106554 -0.310113
v -0.779297 0.102051 -0.296875
v -0.810547 0.127930 -0.314941
v 0.792969 0.087891 -0.296875
v 0.819336 0.075195 -0.296875
v 0.804688 0.093262 -0.314941
v -0.804688 0.093262 -0.314941
v -0.819336 0.075195 -0.296875
v -0.792969 0.087891 -0.296875
v 0.835938 0.048828 -0.296875
v 0.840332 0.020020 -0.296875
v 0.853027 0.024536 -0.315186
v 0.848145 0.052246 -0.315918
v 0.830688 0.077881 -0.315430
v -0.835938 0.048828 -0.296875
v -0.853027 0.024536 -0.315186
v -0.840332 0.020020 -0.296875
v -0.830688 0.077881 -0.315430
v -0.848145 0.052246 -0.315918
v 0.830078 0.000000 -0.296875
v 0.825684 -0.012207 -0.289551
v 0.837023 -0.007595 -0.299479
v 0.841309 0.002930 -0.312012
v -0.830078 0.000000 -0.296875
v -0.837023 -0.007595 -0.299479
v -0.825684 -0.012207 -0.289551
v -0.841309 0.002930 -0.312012
v 0.847656 -0.017578 -0.267578
v 0.894043 -0.016602 -0.265137
v 0.853516 -0.009277 -0.291016
v -0.853516 -0.009277 -0.291016
v -0.894043 -0.016602 -0.265137
v -0.847656 -0.017578 -0.267578
v 0.990234 0.316406 -0.351562
v 0.962769 0.281982 -0.345825
v 1.001465 0.303711 -0.372559
v 1.039551 0.333008 -0.387207
v -0.990234 0.316406 -0.351562
v -0.962769 0.281982 -0.345825
v -1.039551 0.333008 -0.387207
v -1.001465 0.303711 -0.372559
v 1.105469 0.343750 -0.423828
v 1.049113 0.320719 -0.404785
v 1.109050 0.332682 -0.437988
v 1.169434 0.336426 -0.452637
v -1.105469 0.343750 -0.423828
v -1.049113 0.320719 -0.404785
v -1.169434 0.336426 -0.452637
v -1.109050 0.332682 -0.437988
v 1.212891 0.298828 -0.464844
v 1.164836 0.323649 -0.460449
v 1.204590 0.288086 -0.470215
v 1.231934 0.239746 -0.467285
v -1.212891 0.298828 -0.464844
v -1.164836 0.323649 -0.460449
v -1.231934 0.239746 -0.467285
v -1.204590 0.288086 -0.470215
v 1.185547 0.098145 -0.456543
v 1.222656 0.167969 -0.466797
v 1.222412 0.234009 -0.471924
v 1.212402 0.169434 -0.470215
v -1.222656 0.167969 -0.466797
v -1.222412 0.234009 -0.471924
v -1.185547 0.098145 -0.456543
v -1.212402 0.169434 -0.470215
v 1.042480 0.008789 -0.383789
v 1.121094 0.044922 -0.429688
v 1.180054 0.099243 -0.435547
v 1.114258 0.057617 -0.437500
v 1.039795 0.023315 -0.397949
v -1.114258 0.057617 -0.437500
v -1.121094 0.044922 -0.429688
v -1.180054 0.099243 -0.435547
v -1.042480 0.008789 -0.383789
v -1.039795 0.023315 -0.397949
v 0.962891 -0.009766 -0.316406
v 0.964844 0.004395 -0.337891
v 0.899414 -0.004639 -0.291016
v -0.964844 0.004395 -0.337891
v -0.962891 -0.009766 -0.316406
v -0.899414 -0.004639 -0.291016
v 0.856934 0.091797 -0.324219
v 0.876953 0.066406 -0.326172
v 0.884277 0.039062 -0.323242
v 0.924194 0.060791 -0.331177
v 0.913086 0.088867 -0.333984
v 0.890503 0.114258 -0.329834
v -0.876953 0.066406 -0.326172
v -0.924194 0.060791 -0.331177
v -0.884277 0.039062 -0.323242
v -0.856934 0.091797 -0.324219
v -0.890503 0.114258 -0.329834
v -0.913086 0.088867 -0.333984
v 0.923828 0.142578 -0.338867
v 0.947266 0.117188 -0.345703
v 0.962891 0.086914 -0.349121
v 1.000000 0.116333 -0.369141
v 0.979004 0.148438 -0.358398
v 0.955688 0.173706 -0.349731
v -0.947266 0.117188 -0.345703
v -1.000000 0.116333 -0.369141
v -0.962891 0.086914 -0.349121
v -0.923828 0.142578 -0.338867
v -0.955688 0.173706 -0.349731
v -0.979004 0.148438 -0.358398
v 1.007812 0.179688 -0.369141
v 1.035156 0.147949 -0.383301
v 1.036133 0.207031 -0.377930
v 1.014526 0.232300 -0.371948
v 0.984863 0.204590 -0.360840
v -1.036133 0.207031 -0.377930
v -1.035156 0.147949 -0.383301
v -1.007812 0.179688 -0.369141
v -0.984863 0.204590 -0.360840
v -1.014526 0.232300 -0.371948
v 1.047852 0.253906 -0.382812
v 1.066406 0.226562 -0.384766
v 1.067749 0.177734 -0.392822
v 1.097168 0.201660 -0.398926
v 1.105469 0.244629 -0.401367
v 1.087077 0.274699 -0.401489
v -1.105469 0.244629 -0.401367
v -1.097168 0.201660 -0.398926
v -1.066406 0.226562 -0.384766
v -1.067749 0.177734 -0.392822
v -1.047852 0.253906 -0.382812
v -1.087077 0.274699 -0.401489
v 1.023438 0.281250 -0.380859
v 0.986816 0.259277 -0.361816
v 1.063151 0.299479 -0.403809
v -1.023438 0.281250 -0.380859
v -0.986816 0.259277 -0.361816
v -1.063151 0.299479 -0.403809
v 0.925781 0.202637 -0.337402
v 0.955078 0.232422 -0.347656
v -0.955078 0.232422 -0.347656
v -0.925781 0.202637 -0.337402
v 0.896484 0.171875 -0.330078
v 0.845459 0.162964 -0.315552
v 0.865723 0.141602 -0.325195
v -0.896484 0.171875 -0.330078
v -0.865723 0.141602 -0.325195
v -0.845459 0.162964 -0.315552
v 0.832031 0.113281 -0.322266
v -0.832031 0.113281 -0.322266
v 0.871094 0.011719 -0.310547
v 0.914551 0.025391 -0.314941
v -0.914551 0.025391 -0.314941
v -0.871094 0.011719 -0.310547
v 0.966797 0.042969 -0.347656
v 1.022949 0.066895 -0.387695
v -0.966797 0.042969 -0.347656
v -1.022949 0.066895 -0.387695
v 1.125488 0.138672 -0.429688
v 1.078125 0.099609 -0.414062
v -1.078125 0.099609 -0.414062
v -1.125488 0.138672 -0.429688
v 1.171387 0.225586 -0.439941
v 1.158203 0.181641 -0.437500
v 1.123481 0.223524 -0.411024
v 1.175903 0.106567 -0.460327
v -1.158203 0.181641 -0.437500
v -1.123481 0.223524 -0.411024
v -1.171387 0.225586 -0.439941
v -1.175903 0.106567 -0.460327
v 1.160156 0.267578 -0.439453
v 1.134440 0.299967 -0.436035
v -1.160156 0.267578 -0.439453
v -1.134440 0.299967 -0.436035
v 1.104167 0.315104 -0.429688
v -1.104167 0.315104 -0.429688
v 0.910156 -0.113281 -0.318359
v 0.792969 -0.119629 -0.258301
v 0.807983 -0.048950 -0.340698
v 0.916504 -0.042969 -0.390137
v 1.039062 -0.080078 -0.395996
v -0.910156 -0.113281 -0.318359
v -0.807983 -0.048950 -0.340698
v -0.792969 -0.119629 -0.258301
v -1.039062 -0.080078 -0.395996
v -0.916504 -0.042969 -0.390137
v 1.167969 -0.019531 -0.445312
v 1.039917 -0.011475 -0.456787
v 1.168945 0.041992 -0.495605
v 1.272461 0.067871 -0.469238
v -1.167969 -0.019531 -0.445312
v -1.039917 -0.011475 -0.456787
v -1.272461 0.067871 -0.469238
v -1.168945 0.041992 -0.495605
v 1.336914 0.299316 -0.466309
v 1.328125 0.181641 -0.470703
v 1.274984 0.114136 -0.510905
v 1.329427 0.201660 -0.506999
v 1.328270 0.287543 -0.496600
v -1.328125 0.181641 -0.470703
v -1.274984 0.114136 -0.510905
v -1.336914 0.299316 -0.466309
v -1.328270 0.287543 -0.496600
v -1.329427 0.201660 -0.506999
v 1.229492 0.461914 -0.470703
v 1.300781 0.398438 -0.472656
v 1.306966 0.359375 -0.511393
v 1.239828 0.400635 -0.516642
v -1.306966 0.359375 -0.511393
v -1.300781 0.398438 -0.472656
v -1.229492 0.461914 -0.470703
v -1.239828 0.400635 -0.516642
v 1.032227 0.453125 -0.397949
v 1.132812 0.472656 -0.441406
v 1.140625 0.399414 -0.496582
v 1.032837 0.375732 -0.458740
v -1.140625 0.399414 -0.496582
v -1.132812 0.472656 -0.441406
v -1.032227 0.453125 -0.397949
v -1.032837 0.375732 -0.458740
v 0.883789 0.390137 -0.321289
v 0.949219 0.425781 -0.353516
v 0.939941 0.349609 -0.410645
v -0.939941 0.349609 -0.410645
v -0.949219 0.425781 -0.353516
v -0.883789 0.390137 -0.321289
v 1.036621 0.180664 -0.478027
v 0.927734 0.152344 -0.421875
v 0.835449 0.134766 -0.381836
v 0.864380 0.318726 -0.376953
v -0.835449 0.134766 -0.381836
v -0.927734 0.152344 -0.421875
v -1.036621 0.180664 -0.478027
v -0.864380 0.318726 -0.376953
v 1.156250 0.218750 -0.513672
v 1.257161 0.253906 -0.529460
v -1.156250 0.218750 -0.513672
v -1.257161 0.253906 -0.529460
v 1.309896 0.273438 -0.526042
v -1.309896 0.273438 -0.526042
v 0.808594 0.280762 -0.382324
v 0.835938 0.345703 -0.314453
v -0.835938 0.345703 -0.314453
v -0.808594 0.280762 -0.382324
v 0.765625 0.128906 -0.394531
v 0.723633 -0.025879 -0.353516
v -0.765625 0.128906 -0.394531
v -0.723633 -0.025879 -0.353516
v 0.699219 -0.099609 -0.261719
v -0.699219 -0.099609 -0.261719
v 0.605469 0.243164 0.566406
v -0.605469 0.243164 0.566406
v 0.351969 0.242798 0.822428
v -0.351969 0.242798 0.822428
v 0.000000 0.352431 0.809679
v 0.000000 -0.458984 0.747070
v 0.000000 -0.873047 0.680908
v 0.235352 0.356445 0.758789
v -0.235352 0.356445 0.758789
v 0.418945 0.385742 0.741211
v -0.418945 0.385742 0.741211
v 0.460938 0.125000 0.702148
v -0.460938 0.125000 0.702148
v 0.000000 0.518066 -0.772461
vt 0.954265 0.209877
vt 0.945003 0.220874
vt 0.944890 0.211526
vt 0.948983 0.198230
vt 0.960397 0.191618
vt 0.967634 0.207744
vt 0.954567 0.222719
vt 0.901365 0.053963
vt 0.902926 0.034765
vt 0.910810 0.045341
vt 0.909331 0.059174
vt 0.905542 0.067721
vt 0.896025 0.065647
vt 0.889919 0.046734
vt 0.982708 0.205903
vt 0.968079 0.225376
vt 0.973743 0.184993
vt 0.989293 0.178046
vt 0.999731 0.204268
vt 0.982980 0.228429
vt 0.876790 0.039100
vt 0.881719 0.010903
vt 0.893272 0.023416
vt 0.882560 0.062762
vt 0.867661 0.059695
vt 0.861790 0.030887
vt 0.956954 0.169092
vt 0.947333 0.179619
vt 0.935501 0.160458
vt 0.941185 0.145676
vt 0.968536 0.157407
vt 0.914969 0.015420
vt 0.938691 0.000116
vt 0.938089 0.015942
vt 0.919662 0.028887
vt 0.908931 0.000116
vt 0.939395 0.189554
vt 0.941085 0.203098
vt 0.933950 0.196727
vt 0.927402 0.184982
vt 0.930962 0.173295
vt 0.923042 0.041147
vt 0.937200 0.029528
vt 0.935866 0.041673
vt 0.925218 0.049885
vt 0.916150 0.052929
vt 0.914941 0.185302
vt 0.925018 0.193383
vt 0.915918 0.193641
vt 0.903656 0.189960
vt 0.897862 0.179897
vt 0.913715 0.173580
vt 0.947191 0.046878
vt 0.965018 0.048642
vt 0.955727 0.055607
vt 0.943007 0.054157
vt 0.934745 0.050333
vt 0.952938 0.036589
vt 0.912584 0.160388
vt 0.891344 0.168455
vt 0.883777 0.154904
vt 0.911480 0.144918
vt 0.959178 0.024910
vt 0.987814 0.031225
vt 0.975518 0.040697
vt 0.966290 0.011128
vt 0.874878 0.183928
vt 0.885609 0.191605
vt 0.878377 0.207016
vt 0.865549 0.204596
vt 0.862113 0.174795
vt 0.999884 0.058045
vt 0.984980 0.084079
vt 0.984553 0.061407
vt 0.972236 0.081247
vt 0.971664 0.064232
vt 0.894988 0.198359
vt 0.907822 0.197083
vt 0.901551 0.203137
vt 0.889792 0.209474
vt 0.960776 0.079006
vt 0.960382 0.066743
vt 0.952468 0.068547
vt 0.949091 0.060511
vt 0.889995 0.221967
vt 0.897918 0.211259
vt 0.897900 0.220475
vt 0.901298 0.228949
vt 0.894687 0.233415
vt 0.878582 0.224252
vt 0.965253 0.097006
vt 0.946841 0.099080
vt 0.955666 0.090407
vt 0.942525 0.092369
vt 0.948989 0.085920
vt 0.952605 0.077443
vt 0.865891 0.227409
vt 0.885372 0.240071
vt 0.874936 0.248296
vt 0.851222 0.231376
vt 0.850673 0.201943
vt 0.987590 0.114338
vt 0.959127 0.120541
vt 0.975672 0.104910
vt 0.952778 0.108868
vt 0.999696 0.087505
vt 0.897510 0.252230
vt 0.891239 0.264221
vt 0.913362 0.259332
vt 0.912425 0.273264
vt 0.884187 0.278536
vt 0.862911 0.258298
vt 0.938706 0.144686
vt 0.914832 0.128710
vt 0.937867 0.128750
vt 0.919462 0.115537
vt 0.936830 0.115259
vt 0.966236 0.134473
vt 0.907381 0.235410
vt 0.903256 0.242233
vt 0.915627 0.239227
vt 0.914620 0.247439
vt 0.922994 0.104111
vt 0.935490 0.103806
vt 0.925305 0.096167
vt 0.934389 0.095909
vt 0.925142 0.239660
vt 0.927482 0.247935
vt 0.934243 0.236472
vt 0.939757 0.243602
vt 0.931028 0.259907
vt 0.903000 0.109102
vt 0.901405 0.090676
vt 0.910978 0.099497
vt 0.909283 0.086297
vt 0.916390 0.092815
vt 0.935682 0.273717
vt 0.947830 0.253845
vt 0.957451 0.265478
vt 0.941492 0.289622
vt 0.911722 0.289623
vt 0.881670 0.132287
vt 0.876521 0.103807
vt 0.893280 0.119959
vt 0.889948 0.096908
vt 0.909030 0.144022
vt 0.960828 0.241591
vt 0.973951 0.249333
vt 0.988821 0.257910
vt 0.968748 0.278614
vt 0.850673 0.084486
vt 0.867720 0.082466
vt 0.882832 0.080523
vt 0.860961 0.111426
vt 0.941191 0.229766
vt 0.949263 0.234646
vt 0.896199 0.078698
vt 0.905540 0.077396
vt 0.941502 0.220196
vt 0.938146 0.228043
vt 0.932081 0.233893
vt 0.936176 0.226873
vt 0.938755 0.219627
vt 0.911289 0.076714
vt 0.912286 0.084779
vt 0.909018 0.077012
vt 0.909026 0.068478
vt 0.911776 0.069037
vt 0.924075 0.236527
vt 0.915871 0.235972
vt 0.923388 0.234513
vt 0.930445 0.231815
vt 0.920031 0.088776
vt 0.926364 0.093079
vt 0.918606 0.090356
vt 0.914609 0.083514
vt 0.908952 0.232610
vt 0.903900 0.227085
vt 0.909886 0.230850
vt 0.916090 0.233582
vt 0.933884 0.090731
vt 0.940869 0.089630
vt 0.934048 0.092717
vt 0.927105 0.090796
vt 0.901093 0.219808
vt 0.901023 0.211950
vt 0.902880 0.219303
vt 0.905638 0.225667
vt 0.944874 0.082881
vt 0.949479 0.076855
vt 0.946317 0.084049
vt 0.939831 0.087642
vt 0.904086 0.205065
vt 0.909388 0.199912
vt 0.910468 0.201818
vt 0.905544 0.206206
vt 0.949378 0.069320
vt 0.944792 0.063820
vt 0.946536 0.062494
vt 0.947588 0.069793
vt 0.916201 0.196904
vt 0.923946 0.196544
vt 0.923214 0.198757
vt 0.916396 0.198851
vt 0.941460 0.057045
vt 0.934284 0.055983
vt 0.934484 0.053660
vt 0.940514 0.058757
vt 0.931755 0.199294
vt 0.938100 0.204765
vt 0.935779 0.205921
vt 0.930322 0.200810
vt 0.926224 0.053110
vt 0.919913 0.057614
vt 0.918236 0.055637
vt 0.926943 0.055068
vt 0.941407 0.212027
vt 0.939146 0.212282
vt 0.912334 0.061008
vt 0.914311 0.062133
vt 0.931562 0.218126
vt 0.929797 0.209494
vt 0.933532 0.213247
vt 0.919091 0.065233
vt 0.924003 0.063256
vt 0.918978 0.070493
vt 0.927334 0.204909
vt 0.921911 0.204762
vt 0.933115 0.062015
vt 0.928073 0.060012
vt 0.913632 0.206667
vt 0.917220 0.203298
vt 0.938003 0.062519
vt 0.939973 0.067029
vt 0.908890 0.213516
vt 0.909220 0.208702
vt 0.903143 0.212378
vt 0.943225 0.070639
vt 0.947362 0.076413
vt 0.941632 0.075193
vt 0.910504 0.222096
vt 0.907274 0.218287
vt 0.941236 0.080215
vt 0.936766 0.082442
vt 0.917344 0.227187
vt 0.912440 0.226802
vt 0.933132 0.086004
vt 0.928473 0.084425
vt 0.926457 0.225824
vt 0.922348 0.229282
vt 0.923048 0.084377
vt 0.920635 0.079580
vt 0.931419 0.223610
vt 0.916948 0.075590
vt 0.422703 0.555510
vt 0.423118 0.556372
vt 0.422379 0.555879
vt 0.422661 0.556657
vt 0.422016 0.556184
vt 0.421591 0.555268
vt 0.421901 0.554905
vt 0.420632 0.554986
vt 0.420875 0.554591
vt 0.420089 0.554432
vt 0.420293 0.553958
vt 0.421181 0.554220
vt 0.424132 0.556419
vt 0.424082 0.556972
vt 0.423693 0.556709
vt 0.423409 0.557305
vt 0.423122 0.556983
vt 0.423485 0.556021
vt 0.419718 0.554042
vt 0.419891 0.553469
vt 0.419378 0.553818
vt 0.419590 0.553147
vt 0.420092 0.553016
vt 0.420568 0.553557
vt 0.424315 0.557299
vt 0.425156 0.557342
vt 0.424500 0.557800
vt 0.423557 0.557790
vt 0.424572 0.556692
vt 0.424843 0.556928
vt 0.419256 0.552982
vt 0.418910 0.553744
vt 0.418775 0.552885
vt 0.419092 0.552227
vt 0.419514 0.552445
vt 0.419771 0.552655
vt 0.425759 0.558220
vt 0.425240 0.560329
vt 0.424743 0.558675
vt 0.423643 0.559356
vt 0.423631 0.558466
vt 0.417959 0.552782
vt 0.418282 0.553760
vt 0.417475 0.553847
vt 0.416457 0.552543
vt 0.418227 0.551825
vt 0.428983 0.562864
vt 0.427506 0.568829
vt 0.426197 0.563596
vt 0.423533 0.564258
vt 0.423621 0.560921
vt 0.426882 0.559855
vt 0.413654 0.552027
vt 0.416085 0.554009
vt 0.413228 0.554267
vt 0.409575 0.551241
vt 0.414013 0.549745
vt 0.416675 0.551086
vt 0.458377 0.634593
vt 0.449664 0.601088
vt 0.473291 0.607822
vt 0.512772 0.631716
vt 0.513258 0.674196
vt 0.432599 0.668830
vt 0.427684 0.617226
vt 0.383514 0.534777
vt 0.378619 0.523760
vt 0.384990 0.523376
vt 0.391053 0.531354
vt 0.393171 0.539004
vt 0.384921 0.545491
vt 0.373525 0.536738
vt 0.561095 0.606038
vt 0.509701 0.603090
vt 0.543469 0.585564
vt 0.568785 0.554656
vt 0.591094 0.562788
vt 0.621307 0.578302
vt 0.582786 0.636703
vt 0.385954 0.514903
vt 0.383407 0.507783
vt 0.386880 0.508080
vt 0.390017 0.508626
vt 0.389880 0.515010
vt 0.390276 0.522302
vt 0.381582 0.514663
vt 0.598446 0.514270
vt 0.574851 0.513014
vt 0.594799 0.472289
vt 0.629378 0.468927
vt 0.632365 0.519036
vt 0.388021 0.502226
vt 0.384780 0.497587
vt 0.388209 0.497119
vt 0.391095 0.502446
vt 0.384566 0.502240
vt 0.572290 0.439105
vt 0.591039 0.431871
vt 0.569552 0.408105
vt 0.583409 0.399404
vt 0.620030 0.424696
vt 0.383892 0.493499
vt 0.384858 0.489229
vt 0.386668 0.492573
vt 0.386716 0.488691
vt 0.389114 0.492070
vt 0.565603 0.388271
vt 0.579716 0.377528
vt 0.553786 0.361982
vt 0.572458 0.345447
vt 0.599363 0.365386
vt 0.606834 0.390230
vt 0.381225 0.488567
vt 0.380481 0.485519
vt 0.383168 0.487522
vt 0.382770 0.484102
vt 0.385042 0.486789
vt 0.382664 0.490353
vt 0.522157 0.325327
vt 0.534735 0.295755
vt 0.470621 0.302259
vt 0.466799 0.270906
vt 0.549483 0.265257
vt 0.592843 0.328335
vt 0.373471 0.483339
vt 0.370014 0.476182
vt 0.375744 0.481520
vt 0.373478 0.474292
vt 0.378720 0.479726
vt 0.378564 0.486874
vt 0.426089 0.303241
vt 0.416827 0.282618
vt 0.401124 0.311223
vt 0.392332 0.297476
vt 0.382577 0.277787
vt 0.408493 0.256846
vt 0.365873 0.471128
vt 0.360980 0.470013
vt 0.363301 0.467474
vt 0.365729 0.465805
vt 0.368846 0.469293
vt 0.363427 0.473603
vt 0.385883 0.318127
vt 0.376879 0.307460
vt 0.371415 0.326398
vt 0.359965 0.316020
vt 0.364856 0.290928
vt 0.358525 0.467565
vt 0.357831 0.462841
vt 0.361057 0.465022
vt 0.360618 0.460818
vt 0.363362 0.463393
vt 0.350417 0.344503
vt 0.331646 0.333148
vt 0.329459 0.375797
vt 0.301648 0.369760
vt 0.308879 0.321714
vt 0.343861 0.302370
vt 0.346724 0.463863
vt 0.336564 0.453732
vt 0.350656 0.459381
vt 0.344570 0.445552
vt 0.355191 0.455433
vt 0.354746 0.465638
vt 0.323367 0.403471
vt 0.294441 0.408586
vt 0.325889 0.420203
vt 0.303573 0.432671
vt 0.266653 0.412369
vt 0.273601 0.364482
vt 0.313670 0.460055
vt 0.319008 0.445632
vt 0.333342 0.433181
vt 0.332246 0.462043
vt 0.245077 0.352271
vt 0.238711 0.272356
vt 0.279261 0.304330
vt 0.278323 0.230889
vt 0.317589 0.276597
vt 0.351463 0.470514
vt 0.344018 0.469744
vt 0.349390 0.476998
vt 0.343292 0.476591
vt 0.332525 0.470190
vt 0.313633 0.201665
vt 0.344937 0.258602
vt 0.370688 0.239213
vt 0.355669 0.472129
vt 0.358736 0.474445
vt 0.353520 0.478188
vt 0.413381 0.145374
vt 0.478271 0.195624
vt 0.407920 0.213186
vt 0.464185 0.238497
vt 0.354241 0.173989
vt 0.361791 0.477683
vt 0.367432 0.478342
vt 0.366059 0.481595
vt 0.360710 0.482418
vt 0.357045 0.479984
vt 0.573399 0.236209
vt 0.657898 0.290736
vt 0.619935 0.311241
vt 0.505522 0.141042
vt 0.608509 0.201534
vt 0.372000 0.485531
vt 0.376932 0.488432
vt 0.375295 0.490149
vt 0.370766 0.487920
vt 0.365244 0.485116
vt 0.669331 0.344927
vt 0.640565 0.385429
vt 0.629899 0.355519
vt 0.379416 0.490204
vt 0.380650 0.492099
vt 0.377633 0.491871
vt 0.694801 0.435361
vt 0.665720 0.477210
vt 0.654897 0.425556
vt 0.682412 0.385725
vt 0.381598 0.495004
vt 0.382019 0.498769
vt 0.379605 0.496611
vt 0.378811 0.493890
vt 0.695712 0.581323
vt 0.641553 0.614048
vt 0.666341 0.542630
vt 0.703433 0.497536
vt 0.381453 0.503440
vt 0.380079 0.509021
vt 0.378623 0.504945
vt 0.379674 0.500155
vt 0.586083 0.711346
vt 0.511886 0.711303
vt 0.589584 0.673586
vt 0.650170 0.661134
vt 0.377905 0.515392
vt 0.374033 0.523078
vt 0.374693 0.516174
vt 0.376893 0.510610
vt 0.417431 0.706614
vt 0.316150 0.731289
vt 0.354881 0.672128
vt 0.511387 0.746307
vt 0.409294 0.758562
vt 0.366680 0.532877
vt 0.356925 0.543367
vt 0.351650 0.531743
vt 0.362619 0.527286
vt 0.370689 0.521782
vt 0.318455 0.643388
vt 0.271572 0.694377
vt 0.288154 0.618743
vt 0.328248 0.580470
vt 0.351254 0.612086
vt 0.344401 0.548728
vt 0.329351 0.547312
vt 0.342583 0.532761
vt 0.353677 0.565203
vt 0.180540 0.390571
vt 0.231224 0.406263
vt 0.227146 0.455512
vt 0.167396 0.455681
vt 0.305048 0.482949
vt 0.318489 0.473097
vt 0.326112 0.482715
vt 0.318782 0.492365
vt 0.225830 0.502893
vt 0.271180 0.497767
vt 0.276719 0.532245
vt 0.235900 0.550544
vt 0.168352 0.518429
vt 0.300102 0.501967
vt 0.317376 0.504655
vt 0.305146 0.521766
vt 0.295772 0.559656
vt 0.259798 0.589409
vt 0.237794 0.664288
vt 0.206557 0.626150
vt 0.327034 0.524637
vt 0.315237 0.537964
vt 0.334634 0.530292
vt 0.421544 0.556411
vt 0.421412 0.556918
vt 0.421113 0.556551
vt 0.421007 0.555941
vt 0.421302 0.555603
vt 0.422018 0.556840
vt 0.420475 0.555475
vt 0.420393 0.555914
vt 0.419998 0.555666
vt 0.420000 0.555071
vt 0.422356 0.557212
vt 0.421683 0.557857
vt 0.421630 0.557336
vt 0.422528 0.557642
vt 0.419601 0.554796
vt 0.419569 0.555504
vt 0.419065 0.555511
vt 0.419174 0.554685
vt 0.422377 0.559101
vt 0.421446 0.558574
vt 0.422506 0.558294
vt 0.418567 0.554780
vt 0.418407 0.555805
vt 0.417830 0.554981
vt 0.420961 0.564280
vt 0.423068 0.569689
vt 0.419071 0.569408
vt 0.418638 0.563727
vt 0.420187 0.560998
vt 0.421899 0.561176
vt 0.413234 0.556480
vt 0.416201 0.557138
vt 0.413681 0.558577
vt 0.408797 0.557855
vt 0.408852 0.554615
vt 0.415966 0.555567
vt 0.422229 0.559871
vt 0.420746 0.559382
vt 0.420662 0.559906
vt 0.417133 0.555181
vt 0.417694 0.556534
vt 0.417204 0.556645
vt 0.412392 0.573509
vt 0.406448 0.574432
vt 0.409729 0.570818
vt 0.404438 0.570578
vt 0.407878 0.568132
vt 0.413514 0.566590
vt 0.415722 0.568231
vt 0.410560 0.563090
vt 0.405927 0.565679
vt 0.401814 0.567388
vt 0.404318 0.562721
vt 0.409413 0.560857
vt 0.418782 0.560393
vt 0.416871 0.562812
vt 0.415520 0.561655
vt 0.417659 0.559553
vt 0.414463 0.560272
vt 0.416810 0.558459
vt 0.418555 0.558624
vt 0.419619 0.558911
vt 0.419428 0.559371
vt 0.417780 0.557800
vt 0.418217 0.557589
vt 0.404765 0.586343
vt 0.405649 0.592243
vt 0.402559 0.590800
vt 0.402154 0.586195
vt 0.403170 0.582219
vt 0.405436 0.581457
vt 0.407946 0.586641
vt 0.392572 0.564021
vt 0.394603 0.566769
vt 0.391550 0.565692
vt 0.389036 0.563465
vt 0.389505 0.561200
vt 0.393609 0.561954
vt 0.396073 0.565509
vt 0.399371 0.598267
vt 0.390331 0.597482
vt 0.397809 0.595528
vt 0.391119 0.593858
vt 0.396376 0.592479
vt 0.385225 0.565969
vt 0.384437 0.563797
vt 0.381729 0.567811
vt 0.379717 0.566199
vt 0.383900 0.561855
vt 0.379463 0.594367
vt 0.380450 0.587140
vt 0.383083 0.593715
vt 0.384127 0.588099
vt 0.386662 0.592051
vt 0.389380 0.599519
vt 0.379893 0.570937
vt 0.376901 0.571436
vt 0.380040 0.574755
vt 0.377791 0.577193
vt 0.374308 0.572451
vt 0.378371 0.565508
vt 0.381581 0.582895
vt 0.381262 0.581357
vt 0.382392 0.581014
vt 0.384501 0.580353
vt 0.384345 0.583601
vt 0.375749 0.582849
vt 0.380176 0.581665
vt 0.382503 0.577918
vt 0.380718 0.579938
vt 0.402487 0.571841
vt 0.404469 0.576265
vt 0.408631 0.579997
vt 0.402613 0.577208
vt 0.400907 0.572801
vt 0.398041 0.569367
vt 0.399579 0.568302
vt 0.398276 0.563781
vt 0.399364 0.573692
vt 0.400807 0.577888
vt 0.401120 0.582433
vt 0.399589 0.581948
vt 0.398856 0.578860
vt 0.397397 0.574769
vt 0.396677 0.570450
vt 0.393116 0.569358
vt 0.393528 0.568075
vt 0.394966 0.571431
vt 0.386832 0.583199
vt 0.386913 0.579499
vt 0.389187 0.583477
vt 0.388475 0.586349
vt 0.386648 0.587376
vt 0.384556 0.576812
vt 0.383906 0.573697
vt 0.386041 0.575212
vt 0.382139 0.573998
vt 0.388559 0.590345
vt 0.390132 0.588262
vt 0.391755 0.591434
vt 0.383252 0.568861
vt 0.383932 0.571576
vt 0.381887 0.571094
vt 0.395693 0.590171
vt 0.392234 0.589424
vt 0.394621 0.588119
vt 0.398555 0.587761
vt 0.400074 0.589132
vt 0.388900 0.567115
vt 0.386625 0.569191
vt 0.386078 0.567502
vt 0.384564 0.569762
vt 0.388845 0.565583
vt 0.400219 0.585687
vt 0.397057 0.586066
vt 0.398566 0.584133
vt 0.391138 0.568942
vt 0.390971 0.567126
vt 0.389141 0.568880
vt 0.394366 0.582995
vt 0.392121 0.585657
vt 0.386605 0.572061
vt 0.389571 0.572276
vt 0.396653 0.580683
vt 0.390109 0.578255
vt 0.394474 0.576257
vt 0.392457 0.572062
vt 0.369632 0.599569
vt 0.386354 0.604966
vt 0.385854 0.621757
vt 0.360873 0.585072
vt 0.366073 0.571821
vt 0.370245 0.556730
vt 0.374797 0.563830
vt 0.400376 0.600775
vt 0.409507 0.593504
vt 0.406848 0.604346
vt 0.384245 0.556328
vt 0.390245 0.558698
vt 0.383227 0.560361
vt 0.412683 0.587379
vt 0.414505 0.581679
vt 0.420100 0.587866
vt 0.417028 0.594682
vt 0.396200 0.554280
vt 0.398802 0.559185
vt 0.394662 0.558770
vt 0.391834 0.554459
vt 0.416779 0.575356
vt 0.422239 0.575822
vt 0.421190 0.582069
vt 0.404252 0.554781
vt 0.403796 0.558872
vt 0.399918 0.554658
vt 0.428779 0.574761
vt 0.432004 0.567455
vt 0.435211 0.572465
vt 0.429952 0.580856
vt 0.401700 0.549341
vt 0.405454 0.550330
vt 0.406908 0.546127
vt 0.410387 0.547935
vt 0.440740 0.582155
vt 0.430825 0.586398
vt 0.442616 0.587089
vt 0.430556 0.592927
vt 0.395178 0.547876
vt 0.398600 0.548411
vt 0.398852 0.542325
vt 0.401301 0.543262
vt 0.427072 0.603617
vt 0.444439 0.594064
vt 0.389829 0.548003
vt 0.395752 0.541348
vt 0.420385 0.558983
vt 0.419682 0.558656
vt 0.418917 0.558242
vt 0.419075 0.558073
vt 0.419757 0.558424
vt 0.420358 0.558687
vt 0.418684 0.557423
vt 0.418462 0.557511
vt 0.418098 0.556852
vt 0.418386 0.556856
vt 0.421271 0.557897
vt 0.420962 0.558547
vt 0.420831 0.558380
vt 0.418473 0.556265
vt 0.419069 0.555908
vt 0.418644 0.556376
vt 0.421272 0.557372
vt 0.421087 0.557847
vt 0.421084 0.557375
vt 0.421121 0.556941
vt 0.419574 0.555853
vt 0.419134 0.556081
vt 0.420009 0.555952
vt 0.419591 0.556035
vt 0.420907 0.556612
vt 0.420765 0.556216
vt 0.420948 0.556981
vt 0.420771 0.556687
vt 0.420647 0.556349
vt 0.420357 0.556124
vt 0.419990 0.556125
vt 0.420298 0.556266
vt 0.420376 0.556653
vt 0.420546 0.556847
vt 0.420684 0.557082
vt 0.420382 0.557040
vt 0.420207 0.556841
vt 0.419992 0.556688
vt 0.419920 0.556395
vt 0.420165 0.556506
vt 0.420785 0.557385
vt 0.420786 0.557721
vt 0.420619 0.557654
vt 0.420568 0.557460
vt 0.420505 0.557256
vt 0.419612 0.556328
vt 0.419366 0.556516
vt 0.419285 0.556360
vt 0.419767 0.556589
vt 0.419560 0.556547
vt 0.420623 0.558063
vt 0.420355 0.558258
vt 0.420360 0.557911
vt 0.420512 0.557810
vt 0.418968 0.556550
vt 0.419138 0.556792
vt 0.418801 0.556826
vt 0.419224 0.556635
vt 0.419923 0.558081
vt 0.419219 0.557920
vt 0.419458 0.557662
vt 0.420066 0.557742
vt 0.419330 0.557066
vt 0.419008 0.557234
vt 0.420215 0.557361
vt 0.419709 0.557390
vt 0.419979 0.557094
vt 0.420389 0.557565
vt 0.419692 0.556885
vt 0.419475 0.556733
vt 0.420503 0.557620
vt 0.419410 0.556626
vt 0.164179 0.653130
vt 0.182509 0.577151
vt 0.199743 0.698281
vt 0.178230 0.716926
vt 0.136883 0.667217
vt 0.137211 0.596085
vt 0.332457 0.519098
vt 0.339304 0.520770
vt 0.337861 0.523474
vt 0.320979 0.515874
vt 0.328094 0.512736
vt 0.334728 0.516617
vt 0.115410 0.453237
vt 0.118391 0.528620
vt 0.103506 0.606209
vt 0.079644 0.532487
vt 0.325633 0.504614
vt 0.331374 0.510907
vt 0.326395 0.495623
vt 0.329787 0.504011
vt 0.131736 0.374816
vt 0.206373 0.327598
vt 0.073519 0.448701
vt 0.090706 0.362516
vt 0.123769 0.284629
vt 0.165500 0.305885
vt 0.330724 0.487564
vt 0.330614 0.496803
vt 0.335183 0.477807
vt 0.337241 0.482654
vt 0.338845 0.486153
vt 0.333968 0.490439
vt 0.238561 0.731468
vt 0.293916 0.769318
vt 0.223591 0.754191
vt 0.344328 0.523230
vt 0.350749 0.526227
vt 0.343412 0.525937
vt 0.400623 0.800840
vt 0.512980 0.784411
vt 0.517163 0.819160
vt 0.394514 0.832319
vt 0.360496 0.523942
vt 0.366435 0.518598
vt 0.368092 0.520117
vt 0.359485 0.521794
vt 0.594306 0.750066
vt 0.667869 0.699290
vt 0.691236 0.726606
vt 0.610032 0.783077
vt 0.371995 0.515619
vt 0.372532 0.510121
vt 0.374289 0.510717
vt 0.370194 0.514587
vt 0.724862 0.611532
vt 0.739842 0.514931
vt 0.773596 0.526985
vt 0.752911 0.631711
vt 0.376361 0.505389
vt 0.376195 0.501013
vt 0.377707 0.500832
vt 0.374773 0.505233
vt 0.735664 0.440786
vt 0.723128 0.379048
vt 0.763722 0.366260
vt 0.775291 0.440946
vt 0.377793 0.497483
vt 0.375686 0.495378
vt 0.377111 0.494869
vt 0.376315 0.497848
vt 0.704770 0.328286
vt 0.684203 0.265600
vt 0.736764 0.306836
vt 0.374763 0.493437
vt 0.373940 0.491093
vt 0.376079 0.492819
vt 0.628333 0.167185
vt 0.520180 0.099616
vt 0.640062 0.131364
vt 0.705941 0.235629
vt 0.368516 0.490213
vt 0.364496 0.487095
vt 0.369624 0.489241
vt 0.372726 0.491809
vt 0.418774 0.094224
vt 0.343720 0.121736
vt 0.335393 0.082024
vt 0.420241 0.053684
vt 0.360213 0.485113
vt 0.356184 0.485303
vt 0.356469 0.483282
vt 0.359797 0.486841
vt 0.289936 0.155714
vt 0.244354 0.193554
vt 0.217067 0.162197
vt 0.271236 0.119790
vt 0.352868 0.481943
vt 0.348778 0.483892
vt 0.348827 0.481192
vt 0.352616 0.484271
vt 0.201364 0.244504
vt 0.166490 0.217789
vt 0.343559 0.481117
vt 0.344121 0.484308
vt 0.137020 0.193450
vt 0.088452 0.265064
vt 0.106381 0.167352
vt 0.169961 0.107293
vt 0.194056 0.135408
vt 0.345312 0.488354
vt 0.340248 0.488430
vt 0.344724 0.486488
vt 0.348859 0.485780
vt 0.348956 0.487408
vt 0.255231 0.089184
vt 0.239045 0.058858
vt 0.328587 0.050015
vt 0.352504 0.485945
vt 0.356020 0.486704
vt 0.352437 0.487381
vt 0.421486 0.028354
vt 0.525952 0.060112
vt 0.321038 0.018783
vt 0.421383 0.000116
vt 0.529495 0.039991
vt 0.359590 0.487803
vt 0.355873 0.487915
vt 0.363689 0.488506
vt 0.363349 0.489171
vt 0.359344 0.488763
vt 0.727981 0.209902
vt 0.649275 0.106818
vt 0.667224 0.079046
vt 0.757849 0.182361
vt 0.367399 0.491851
vt 0.367899 0.490899
vt 0.371890 0.492521
vt 0.371180 0.493407
vt 0.769886 0.287788
vt 0.812524 0.267464
vt 0.799261 0.357581
vt 0.372999 0.494687
vt 0.373821 0.494029
vt 0.374704 0.495799
vt 0.810357 0.441165
vt 0.842780 0.349850
vt 0.850441 0.440849
vt 0.804688 0.535583
vt 0.375229 0.498045
vt 0.373781 0.496232
vt 0.375028 0.500976
vt 0.374202 0.498158
vt 0.776062 0.647244
vt 0.840634 0.542457
vt 0.803618 0.662708
vt 0.706759 0.744160
vt 0.373660 0.505005
vt 0.373900 0.500781
vt 0.371515 0.509703
vt 0.372571 0.504637
vt 0.523210 0.842736
vt 0.621696 0.803920
vt 0.636653 0.826086
vt 0.533673 0.868505
vt 0.368384 0.513106
vt 0.369253 0.513883
vt 0.365668 0.517534
vt 0.365069 0.516392
vt 0.279256 0.818017
vt 0.394991 0.855171
vt 0.398898 0.884359
vt 0.272882 0.850607
vt 0.359146 0.518710
vt 0.359227 0.520365
vt 0.351170 0.521832
vt 0.351635 0.519647
vt 0.208969 0.775481
vt 0.283741 0.795926
vt 0.185619 0.807652
vt 0.154471 0.734371
vt 0.345808 0.518526
vt 0.345001 0.521126
vt 0.350824 0.523555
vt 0.340420 0.518459
vt 0.054570 0.350812
vt 0.039680 0.443561
vt 0.000116 0.437664
vt 0.014564 0.337236
vt 0.336093 0.492105
vt 0.335543 0.497893
vt 0.333185 0.497379
vt 0.338006 0.493511
vt 0.044895 0.534054
vt 0.069327 0.615425
vt 0.021766 0.628670
vt 0.000116 0.536234
vt 0.332574 0.503470
vt 0.336822 0.507885
vt 0.333966 0.509434
vt 0.335377 0.502933
vt 0.107290 0.681364
vt 0.119218 0.759456
vt 0.064578 0.701844
vt 0.336660 0.514519
vt 0.341798 0.515803
vt 0.338926 0.512239
vt 0.347736 0.403656
vt 0.352784 0.383681
vt 0.362142 0.406002
vt 0.360262 0.415827
vt 0.347898 0.416247
vt 0.361093 0.424728
vt 0.354648 0.439200
vt 0.349819 0.426827
vt 0.365958 0.356558
vt 0.381020 0.337063
vt 0.389658 0.346380
vt 0.385607 0.362617
vt 0.376288 0.388630
vt 0.360231 0.451605
vt 0.366745 0.456977
vt 0.363564 0.458659
vt 0.367949 0.437849
vt 0.367619 0.451482
vt 0.394358 0.328005
vt 0.409881 0.323056
vt 0.402995 0.339725
vt 0.369146 0.460403
vt 0.368438 0.464562
vt 0.365917 0.461985
vt 0.434488 0.322060
vt 0.472315 0.329337
vt 0.432400 0.340344
vt 0.415209 0.333855
vt 0.374758 0.464897
vt 0.377297 0.472594
vt 0.372223 0.467794
vt 0.370794 0.463284
vt 0.511812 0.349833
vt 0.537993 0.377157
vt 0.501456 0.372387
vt 0.462672 0.354534
vt 0.385925 0.476604
vt 0.385341 0.482767
vt 0.381990 0.478161
vt 0.381206 0.469055
vt 0.551543 0.397926
vt 0.557446 0.416001
vt 0.534979 0.409069
vt 0.522318 0.393187
vt 0.390042 0.484727
vt 0.388641 0.488231
vt 0.387127 0.485914
vt 0.388721 0.481344
vt 0.559306 0.445152
vt 0.571777 0.476034
vt 0.558573 0.478655
vt 0.543000 0.451022
vt 0.541761 0.424835
vt 0.394113 0.491287
vt 0.393372 0.496874
vt 0.391201 0.491836
vt 0.391220 0.496923
vt 0.391399 0.487416
vt 0.559110 0.511055
vt 0.552943 0.545725
vt 0.535111 0.531987
vt 0.540414 0.504996
vt 0.393546 0.502429
vt 0.397095 0.507452
vt 0.392900 0.508543
vt 0.397141 0.501569
vt 0.534165 0.572320
vt 0.507805 0.589177
vt 0.500819 0.577188
vt 0.522456 0.555167
vt 0.392789 0.514601
vt 0.396736 0.521256
vt 0.393234 0.521325
vt 0.397083 0.513469
vt 0.430740 0.548217
vt 0.430074 0.543535
vt 0.434053 0.545847
vt 0.431601 0.540880
vt 0.437208 0.543448
vt 0.437852 0.549119
vt 0.433125 0.550650
vt 0.422377 0.539758
vt 0.426748 0.537830
vt 0.426339 0.541289
vt 0.425704 0.544935
vt 0.422863 0.543836
vt 0.425687 0.552426
vt 0.426157 0.549468
vt 0.427754 0.550628
vt 0.428224 0.546474
vt 0.429321 0.552193
vt 0.426790 0.553467
vt 0.422737 0.547441
vt 0.424580 0.548358
vt 0.423496 0.550751
vt 0.422267 0.549997
vt 0.423575 0.554476
vt 0.423495 0.552970
vt 0.424384 0.553642
vt 0.424571 0.551597
vt 0.425252 0.554401
vt 0.424374 0.555088
vt 0.421757 0.551609
vt 0.422653 0.552261
vt 0.422021 0.553201
vt 0.421290 0.552560
vt 0.423086 0.555043
vt 0.422286 0.554448
vt 0.422765 0.553870
vt 0.423878 0.555589
vt 0.421566 0.553774
vt 0.420910 0.553116
vt 0.424536 0.556081
vt 0.425018 0.555729
vt 0.424985 0.556410
vt 0.420339 0.552587
vt 0.419961 0.552231
vt 0.420578 0.552082
vt 0.425419 0.556626
vt 0.425311 0.556105
vt 0.425951 0.556138
vt 0.426185 0.557001
vt 0.419692 0.551875
vt 0.420182 0.551882
vt 0.419230 0.551258
vt 0.420037 0.551312
vt 0.427586 0.557802
vt 0.427403 0.556153
vt 0.429915 0.556441
vt 0.429930 0.559365
vt 0.418305 0.550185
vt 0.419751 0.550040
vt 0.416643 0.548526
vt 0.419007 0.547988
vt 0.427590 0.554825
vt 0.430437 0.554275
vt 0.434796 0.553812
vt 0.433814 0.557242
vt 0.420678 0.547059
vt 0.420873 0.549600
vt 0.417554 0.545121
vt 0.419904 0.543519
vt 0.425910 0.555316
vt 0.420784 0.551193
vt 0.440169 0.553701
vt 0.444118 0.561065
vt 0.438818 0.558829
vt 0.442680 0.547026
vt 0.445464 0.553431
vt 0.418447 0.539706
vt 0.415335 0.541954
vt 0.412775 0.539130
vt 0.417008 0.536296
vt 0.421937 0.535721
vt 0.433488 0.562032
vt 0.437920 0.565866
vt 0.414079 0.546264
vt 0.410861 0.543810
vt 0.445923 0.573874
vt 0.448416 0.578169
vt 0.457222 0.573562
vt 0.457777 0.580300
vt 0.450286 0.582669
vt 0.402950 0.539222
vt 0.401214 0.535182
vt 0.404161 0.534671
vt 0.405338 0.540125
vt 0.400725 0.538632
vt 0.442184 0.569868
vt 0.448577 0.563209
vt 0.438258 0.577412
vt 0.410629 0.537083
vt 0.407917 0.541731
vt 0.403874 0.544498
vt 0.457468 0.592148
vt 0.452171 0.587610
vt 0.457648 0.585516
vt 0.399065 0.535645
vt 0.398472 0.538017
vt 0.396530 0.536072
vt 0.477273 0.595200
vt 0.462679 0.588723
vt 0.475981 0.588856
vt 0.394468 0.529578
vt 0.396426 0.529408
vt 0.397450 0.533974
vt 0.441466 0.495324
vt 0.445485 0.491332
vt 0.445869 0.495292
vt 0.449918 0.491396
vt 0.450136 0.495122
vt 0.446403 0.499211
vt 0.441635 0.499119
vt 0.437144 0.499378
vt 0.433689 0.496155
vt 0.437328 0.495835
vt 0.433370 0.493124
vt 0.437057 0.492262
vt 0.441605 0.503912
vt 0.446824 0.504247
vt 0.451142 0.498718
vt 0.452116 0.503908
vt 0.446945 0.511389
vt 0.441108 0.510653
vt 0.435655 0.510038
vt 0.432315 0.503239
vt 0.436696 0.503849
vt 0.433135 0.499120
vt 0.439309 0.520974
vt 0.445846 0.522103
vt 0.453275 0.522655
vt 0.442818 0.534306
vt 0.429692 0.529144
vt 0.427957 0.516798
vt 0.433294 0.519066
vt 0.439661 0.540696
vt 0.435734 0.532175
vt 0.445944 0.544241
vt 0.433026 0.538158
vt 0.427463 0.534743
vt 0.422247 0.532569
vt 0.449315 0.552563
vt 0.453741 0.550952
vt 0.454369 0.565382
vt 0.415736 0.531029
vt 0.416314 0.533837
vt 0.408364 0.534611
vt 0.515849 0.495707
vt 0.541504 0.479070
vt 0.512627 0.514869
vt 0.493182 0.503581
vt 0.498673 0.489996
vt 0.517615 0.477709
vt 0.402867 0.499276
vt 0.410053 0.501813
vt 0.403480 0.504802
vt 0.396414 0.496242
vt 0.401540 0.494533
vt 0.407794 0.496977
vt 0.440453 0.486853
vt 0.444746 0.481184
vt 0.445224 0.486444
vt 0.450113 0.481001
vt 0.450082 0.486522
vt 0.441120 0.491506
vt 0.432250 0.489340
vt 0.436103 0.487977
vt 0.430645 0.485258
vt 0.434734 0.483495
vt 0.425948 0.452067
vt 0.433255 0.436550
vt 0.436635 0.447253
vt 0.448228 0.436167
vt 0.447677 0.446658
vt 0.439095 0.455477
vt 0.423717 0.464275
vt 0.415263 0.466613
vt 0.418715 0.459735
vt 0.409469 0.464446
vt 0.411890 0.455207
vt 0.440947 0.462810
vt 0.430539 0.459326
vt 0.448061 0.461381
vt 0.448629 0.467601
vt 0.442425 0.469215
vt 0.433957 0.465956
vt 0.427679 0.469030
vt 0.426101 0.476008
vt 0.423217 0.472459
vt 0.430660 0.473718
vt 0.443759 0.475465
vt 0.436393 0.471788
vt 0.449607 0.474470
vt 0.438183 0.477164
vt 0.428605 0.480616
vt 0.432982 0.478716
vt 0.518049 0.420219
vt 0.524800 0.433501
vt 0.508334 0.440948
vt 0.501378 0.430531
vt 0.506925 0.409245
vt 0.393755 0.483308
vt 0.398888 0.484910
vt 0.394880 0.486320
vt 0.392966 0.479939
vt 0.398104 0.481659
vt 0.485227 0.441045
vt 0.492001 0.423080
vt 0.492605 0.447973
vt 0.481387 0.454088
vt 0.474361 0.449684
vt 0.476781 0.436153
vt 0.403559 0.479850
vt 0.407944 0.482183
vt 0.403543 0.483264
vt 0.397850 0.478323
vt 0.403925 0.476352
vt 0.408727 0.478873
vt 0.468265 0.456396
vt 0.466972 0.446474
vt 0.474279 0.459464
vt 0.469417 0.464603
vt 0.464494 0.462155
vt 0.462130 0.454187
vt 0.412826 0.479013
vt 0.414987 0.482504
vt 0.411673 0.481977
vt 0.409733 0.475409
vt 0.414174 0.475972
vt 0.416222 0.479911
vt 0.462023 0.467310
vt 0.459440 0.460422
vt 0.466035 0.469547
vt 0.463858 0.472910
vt 0.460807 0.472095
vt 0.457014 0.470793
vt 0.457690 0.465815
vt 0.419076 0.481334
vt 0.419931 0.484636
vt 0.417909 0.483647
vt 0.417678 0.477301
vt 0.420575 0.479045
vt 0.422794 0.481327
vt 0.421233 0.483304
vt 0.460795 0.477294
vt 0.464606 0.482642
vt 0.460650 0.482740
vt 0.457204 0.482231
vt 0.457186 0.476452
vt 0.464459 0.477166
vt 0.424610 0.484570
vt 0.422783 0.486109
vt 0.426215 0.488115
vt 0.424204 0.489237
vt 0.421897 0.490017
vt 0.420746 0.486993
vt 0.453857 0.475185
vt 0.453368 0.468748
vt 0.454027 0.481499
vt 0.426196 0.482698
vt 0.423984 0.478796
vt 0.428093 0.486792
vt 0.453501 0.463158
vt 0.454388 0.457205
vt 0.421480 0.475997
vt 0.418356 0.473783
vt 0.455885 0.450098
vt 0.447814 0.454723
vt 0.459044 0.441131
vt 0.414507 0.471895
vt 0.409578 0.470810
vt 0.419671 0.469445
vt 0.467613 0.427340
vt 0.451603 0.418825
vt 0.481024 0.409758
vt 0.402635 0.471508
vt 0.395587 0.473686
vt 0.400918 0.463936
vt 0.461226 0.375630
vt 0.491592 0.392311
vt 0.457849 0.394253
vt 0.390438 0.475197
vt 0.386225 0.467380
vt 0.391728 0.465602
vt 0.407757 0.433607
vt 0.419090 0.396194
vt 0.427563 0.419503
vt 0.419409 0.444135
vt 0.401033 0.451179
vt 0.387865 0.450225
vt 0.415775 0.369047
vt 0.411072 0.354917
vt 0.373523 0.458108
vt 0.377983 0.455513
vt 0.415320 0.378661
vt 0.381915 0.398941
vt 0.380586 0.453023
vt 0.373250 0.433844
vt 0.370169 0.409881
vt 0.384411 0.420532
vt 0.369950 0.416956
vt 0.368014 0.423024
vt 0.522975 0.456923
vt 0.505799 0.460914
vt 0.402670 0.488955
vt 0.398325 0.490278
vt 0.493678 0.462215
vt 0.500211 0.476749
vt 0.491571 0.475473
vt 0.484857 0.463894
vt 0.406124 0.487331
vt 0.409169 0.486115
vt 0.408885 0.491261
vt 0.406237 0.492739
vt 0.478277 0.466910
vt 0.484736 0.475373
vt 0.479077 0.475012
vt 0.472994 0.470713
vt 0.412142 0.485726
vt 0.415139 0.486013
vt 0.413481 0.489099
vt 0.411328 0.490211
vt 0.468862 0.479341
vt 0.468493 0.474782
vt 0.474334 0.477835
vt 0.418148 0.486778
vt 0.418982 0.489109
vt 0.416070 0.489454
vt 0.462431 0.534877
vt 0.460764 0.521246
vt 0.452968 0.511384
vt 0.458278 0.510169
vt 0.468885 0.518011
vt 0.419929 0.510279
vt 0.427281 0.507196
vt 0.423639 0.513799
vt 0.430817 0.508873
vt 0.418818 0.520668
vt 0.480435 0.503977
vt 0.487856 0.519418
vt 0.475976 0.511364
vt 0.467840 0.505065
vt 0.472348 0.501253
vt 0.421778 0.503199
vt 0.417062 0.505989
vt 0.411156 0.508332
vt 0.415380 0.502227
vt 0.419386 0.500986
vt 0.504434 0.534066
vt 0.490975 0.551516
vt 0.476366 0.534158
vt 0.404021 0.511071
vt 0.413139 0.516206
vt 0.404459 0.518393
vt 0.473266 0.565382
vt 0.474484 0.578737
vt 0.467814 0.553578
vt 0.404578 0.526946
vt 0.399869 0.528776
vt 0.410101 0.525925
vt 0.461313 0.547028
vt 0.451134 0.537689
vt 0.414738 0.526225
vt 0.423241 0.526697
vt 0.469412 0.585142
vt 0.398189 0.531261
vt 0.463000 0.487745
vt 0.460023 0.487751
vt 0.460331 0.492774
vt 0.456759 0.487457
vt 0.427646 0.491445
vt 0.426069 0.495479
vt 0.425545 0.492212
vt 0.423716 0.492683
vt 0.453691 0.486922
vt 0.453175 0.491541
vt 0.430886 0.493743
vt 0.429657 0.490461
vt 0.466409 0.497133
vt 0.462738 0.498505
vt 0.463098 0.507987
vt 0.459329 0.500015
vt 0.463678 0.492501
vt 0.427154 0.500239
vt 0.424887 0.499314
vt 0.424427 0.505262
vt 0.422596 0.498596
vt 0.423913 0.495642
vt 0.456113 0.502119
vt 0.454205 0.496904
vt 0.430660 0.497864
vt 0.429379 0.501733
vt 0.452715 0.494510
vt 0.456390 0.493232
vt 0.431608 0.495932
vt 0.428780 0.495374
vt 0.471929 0.483845
vt 0.471792 0.483058
vt 0.472209 0.482984
vt 0.472062 0.481851
vt 0.472716 0.481939
vt 0.472588 0.483086
vt 0.472210 0.483854
vt 0.417771 0.491643
vt 0.417529 0.491105
vt 0.417941 0.491535
vt 0.417833 0.490955
vt 0.418159 0.491506
vt 0.418211 0.491919
vt 0.418072 0.491965
vt 0.471765 0.484509
vt 0.471677 0.483970
vt 0.471959 0.484490
vt 0.471849 0.484893
vt 0.471703 0.484901
vt 0.471616 0.484608
vt 0.418390 0.492226
vt 0.418403 0.492431
vt 0.418290 0.492245
vt 0.418355 0.491943
vt 0.418479 0.492254
vt 0.418477 0.492414
vt 0.471735 0.485165
vt 0.471601 0.484958
vt 0.471852 0.485177
vt 0.471771 0.485431
vt 0.471676 0.485430
vt 0.471637 0.485189
vt 0.418517 0.492691
vt 0.418441 0.492574
vt 0.418498 0.492552
vt 0.418537 0.492429
vt 0.418551 0.492550
vt 0.418565 0.492678
vt 0.471688 0.485737
vt 0.471800 0.485762
vt 0.471875 0.485459
vt 0.471910 0.485796
vt 0.471834 0.486222
vt 0.471687 0.486169
vt 0.418592 0.493100
vt 0.418497 0.492894
vt 0.418548 0.492862
vt 0.418469 0.492719
vt 0.418601 0.492835
vt 0.418659 0.493053
vt 0.471733 0.486866
vt 0.471953 0.486933
vt 0.471968 0.486245
vt 0.472123 0.486905
vt 0.472486 0.488004
vt 0.472242 0.488169
vt 0.471865 0.488130
vt 0.418623 0.493476
vt 0.418480 0.494084
vt 0.418533 0.493483
vt 0.418527 0.493129
vt 0.418726 0.493415
vt 0.418812 0.494077
vt 0.418624 0.494141
vt 0.472296 0.490289
vt 0.472895 0.490164
vt 0.473205 0.489714
vt 0.474201 0.491513
vt 0.473890 0.492455
vt 0.418505 0.495225
vt 0.417968 0.496023
vt 0.418302 0.495026
vt 0.418825 0.495232
vt 0.418204 0.496474
vt 0.473317 0.489127
vt 0.472625 0.487703
vt 0.473361 0.488543
vt 0.474194 0.489746
vt 0.474224 0.490563
vt 0.418184 0.494740
vt 0.417808 0.495137
vt 0.418099 0.494451
vt 0.418375 0.493947
vt 0.417872 0.495548
vt 0.472248 0.486795
vt 0.472072 0.486223
vt 0.472349 0.486642
vt 0.472716 0.487365
vt 0.418456 0.493443
vt 0.418289 0.493787
vt 0.418385 0.493378
vt 0.418471 0.493131
vt 0.471958 0.485509
vt 0.471995 0.485822
vt 0.472036 0.485556
vt 0.472078 0.485831
vt 0.418417 0.492934
vt 0.418457 0.492919
vt 0.418401 0.492790
vt 0.418433 0.492756
vt 0.471999 0.484968
vt 0.471958 0.485241
vt 0.472110 0.485088
vt 0.472045 0.485323
vt 0.418364 0.492674
vt 0.418397 0.492621
vt 0.418299 0.492566
vt 0.418338 0.492490
vt 0.472500 0.484071
vt 0.472166 0.484602
vt 0.472683 0.484394
vt 0.472309 0.484787
vt 0.418158 0.492443
vt 0.418203 0.492330
vt 0.417917 0.492301
vt 0.417961 0.492115
vt 0.472955 0.483467
vt 0.473625 0.482864
vt 0.473800 0.483569
vt 0.473162 0.483964
vt 0.417648 0.491886
vt 0.417253 0.492059
vt 0.417234 0.491693
vt 0.417620 0.492158
vt 0.487638 0.496275
vt 0.481026 0.498572
vt 0.476525 0.497610
vt 0.480506 0.495158
vt 0.484365 0.493326
vt 0.415178 0.498176
vt 0.417182 0.499192
vt 0.415061 0.499761
vt 0.412153 0.498894
vt 0.413386 0.497540
vt 0.473356 0.496533
vt 0.474947 0.495123
vt 0.473113 0.492999
vt 0.475584 0.492857
vt 0.477845 0.493548
vt 0.417384 0.496799
vt 0.417847 0.497889
vt 0.418643 0.496695
vt 0.418731 0.498530
vt 0.416338 0.497282
vt 0.491290 0.487021
vt 0.486792 0.485804
vt 0.410213 0.495439
vt 0.411831 0.494580
vt 0.473795 0.480413
vt 0.476140 0.479614
vt 0.474417 0.481326
vt 0.473213 0.482226
vt 0.472539 0.479859
vt 0.416767 0.490554
vt 0.417334 0.491322
vt 0.416622 0.491085
vt 0.415558 0.490573
vt 0.417268 0.490075
vt 0.475333 0.491154
vt 0.475074 0.490035
vt 0.476474 0.490883
vt 0.416795 0.495902
vt 0.417400 0.495365
vt 0.417373 0.495939
vt 0.475874 0.489316
vt 0.477188 0.489587
vt 0.476948 0.490354
vt 0.479186 0.490207
vt 0.478533 0.491893
vt 0.475702 0.489650
vt 0.415895 0.496543
vt 0.416521 0.495688
vt 0.415456 0.495808
vt 0.416338 0.495343
vt 0.416941 0.495089
vt 0.417056 0.495235
vt 0.477243 0.488677
vt 0.477503 0.487643
vt 0.478204 0.488435
vt 0.476071 0.488900
vt 0.476346 0.488415
vt 0.476559 0.488054
vt 0.477072 0.487944
vt 0.416224 0.494917
vt 0.416806 0.494908
vt 0.415750 0.494897
vt 0.415997 0.494456
vt 0.416230 0.494553
vt 0.416485 0.494552
vt 0.416624 0.494702
vt 0.477561 0.486706
vt 0.478054 0.485084
vt 0.478503 0.486979
vt 0.480109 0.487149
vt 0.414759 0.494496
vt 0.415464 0.494253
vt 0.415457 0.493332
vt 0.415869 0.494025
vt 0.476052 0.482711
vt 0.478030 0.482259
vt 0.477208 0.483657
vt 0.479387 0.484102
vt 0.476466 0.484414
vt 0.475623 0.483695
vt 0.416106 0.492824
vt 0.415665 0.492572
vt 0.414740 0.493051
vt 0.415105 0.492050
vt 0.416068 0.491977
vt 0.416404 0.492376
vt 0.474693 0.482454
vt 0.476388 0.481251
vt 0.474667 0.483403
vt 0.416815 0.492104
vt 0.416665 0.491659
vt 0.415701 0.491355
vt 0.478641 0.479723
vt 0.481377 0.481417
vt 0.414465 0.491023
vt 0.413539 0.492144
vt 0.482872 0.486532
vt 0.481597 0.491454
vt 0.414463 0.496560
vt 0.413501 0.494500
vt 0.480045 0.493194
vt 0.415283 0.497250
vt 0.474519 0.484005
vt 0.475300 0.484277
vt 0.475006 0.484729
vt 0.474334 0.484462
vt 0.473781 0.484065
vt 0.416970 0.492370
vt 0.416836 0.492782
vt 0.416636 0.492606
vt 0.417334 0.492296
vt 0.417121 0.492564
vt 0.475971 0.484876
vt 0.477111 0.485448
vt 0.476516 0.485712
vt 0.475588 0.485243
vt 0.416624 0.493102
vt 0.416243 0.493438
vt 0.416396 0.492977
vt 0.415934 0.493387
vt 0.476943 0.486688
vt 0.477030 0.487343
vt 0.476727 0.487186
vt 0.476553 0.486761
vt 0.416156 0.493948
vt 0.416313 0.494158
vt 0.416187 0.494265
vt 0.416348 0.493938
vt 0.476786 0.487568
vt 0.476329 0.487819
vt 0.476492 0.487342
vt 0.416441 0.494206
vt 0.416570 0.494416
vt 0.416326 0.494345
vt 0.475900 0.488191
vt 0.475602 0.488595
vt 0.475303 0.488355
vt 0.475579 0.487935
vt 0.476016 0.487559
vt 0.416815 0.494549
vt 0.417121 0.494566
vt 0.417001 0.494713
vt 0.416692 0.494258
vt 0.416943 0.494391
vt 0.475471 0.488913
vt 0.475426 0.489124
vt 0.475315 0.488936
vt 0.475304 0.488719
vt 0.417097 0.494854
vt 0.417175 0.494850
vt 0.417140 0.494952
vt 0.417158 0.494743
vt 0.475037 0.489422
vt 0.474256 0.489198
vt 0.475039 0.488992
vt 0.417315 0.494849
vt 0.417722 0.494871
vt 0.417360 0.495060
vt 0.473183 0.484334
vt 0.473686 0.484442
vt 0.473137 0.484598
vt 0.472719 0.484648
vt 0.417662 0.492342
vt 0.417432 0.492465
vt 0.417935 0.492432
vt 0.417722 0.492466
vt 0.472355 0.484945
vt 0.472706 0.484812
vt 0.472377 0.485034
vt 0.472165 0.485189
vt 0.418157 0.492528
vt 0.417964 0.492511
vt 0.418286 0.492624
vt 0.418159 0.492575
vt 0.472112 0.485384
vt 0.472212 0.485229
vt 0.472156 0.485407
vt 0.472116 0.485580
vt 0.418339 0.492714
vt 0.418268 0.492650
vt 0.418364 0.492813
vt 0.418320 0.492732
vt 0.472243 0.486108
vt 0.472163 0.485816
vt 0.472154 0.485592
vt 0.472203 0.485812
vt 0.418372 0.492938
vt 0.418346 0.492824
vt 0.418370 0.493095
vt 0.418351 0.492942
vt 0.472776 0.487106
vt 0.472420 0.486504
vt 0.472166 0.486170
vt 0.472491 0.486436
vt 0.472858 0.486953
vt 0.418288 0.493293
vt 0.418332 0.493318
vt 0.418417 0.493117
vt 0.418227 0.493664
vt 0.418168 0.493597
vt 0.473414 0.488112
vt 0.473486 0.487774
vt 0.474320 0.488705
vt 0.417951 0.494081
vt 0.418025 0.494241
vt 0.417639 0.494634
vt 0.475599 0.487189
vt 0.475150 0.487520
vt 0.474890 0.487920
vt 0.474394 0.487375
vt 0.474681 0.487005
vt 0.475127 0.486689
vt 0.417105 0.494143
vt 0.417457 0.493987
vt 0.417275 0.494309
vt 0.416851 0.494034
vt 0.417021 0.493739
vt 0.417274 0.493840
vt 0.474663 0.486170
vt 0.474272 0.486481
vt 0.473971 0.486815
vt 0.473590 0.486346
vt 0.473895 0.486034
vt 0.474207 0.485725
vt 0.417411 0.493536
vt 0.417729 0.493386
vt 0.417599 0.493663
vt 0.417183 0.493432
vt 0.417349 0.493159
vt 0.417540 0.493270
vt 0.473568 0.485701
vt 0.473293 0.485995
vt 0.473266 0.485496
vt 0.473393 0.485227
vt 0.473778 0.485406
vt 0.417780 0.492925
vt 0.417832 0.493175
vt 0.417658 0.493065
vt 0.417517 0.492948
vt 0.417682 0.492809
vt 0.473048 0.485180
vt 0.472998 0.485414
vt 0.473032 0.485759
vt 0.472822 0.485620
vt 0.472712 0.485395
vt 0.472724 0.485194
vt 0.418041 0.492801
vt 0.418016 0.492928
vt 0.417901 0.492849
vt 0.417931 0.493024
vt 0.417845 0.492740
vt 0.418008 0.492703
vt 0.473098 0.484887
vt 0.473550 0.484854
vt 0.472739 0.484978
vt 0.417781 0.492602
vt 0.417555 0.492648
vt 0.417971 0.492598
vt 0.474609 0.485259
vt 0.474066 0.484969
vt 0.417319 0.492773
vt 0.417095 0.492985
vt 0.475138 0.485715
vt 0.476104 0.485947
vt 0.475627 0.486298
vt 0.416898 0.493271
vt 0.416735 0.493610
vt 0.416466 0.493500
vt 0.476103 0.486916
vt 0.416579 0.493961
vt 0.474931 0.488465
vt 0.474329 0.488008
vt 0.417560 0.494291
vt 0.417314 0.494580
vt 0.473708 0.487312
vt 0.473184 0.486717
vt 0.417787 0.493877
vt 0.417976 0.493519
vt 0.472603 0.485993
vt 0.472839 0.486296
vt 0.418096 0.493266
vt 0.418174 0.493085
vt 0.472383 0.485582
vt 0.472458 0.485766
vt 0.472639 0.485532
vt 0.472293 0.486082
vt 0.418217 0.492952
vt 0.418096 0.492860
vt 0.418230 0.492850
vt 0.418341 0.493089
vt 0.472370 0.485405
vt 0.472396 0.485227
vt 0.418213 0.492760
vt 0.418175 0.492674
vt 0.472465 0.485078
vt 0.418120 0.492610
vt 0.471224 0.489803
vt 0.471205 0.492473
vt 0.468890 0.490892
vt 0.470020 0.488758
vt 0.471290 0.487826
vt 0.419332 0.494874
vt 0.420710 0.495220
vt 0.419594 0.496277
vt 0.419073 0.493853
vt 0.419852 0.494190
vt 0.471440 0.486715
vt 0.470710 0.487229
vt 0.471164 0.486388
vt 0.471523 0.486103
vt 0.418857 0.493300
vt 0.419300 0.493472
vt 0.418734 0.492998
vt 0.418956 0.493096
vt 0.471590 0.485454
vt 0.471573 0.485726
vt 0.471399 0.485932
vt 0.471488 0.485668
vt 0.471520 0.485479
vt 0.418658 0.492813
vt 0.418774 0.492895
vt 0.418612 0.492677
vt 0.418651 0.492681
vt 0.418693 0.492772
vt 0.471494 0.485038
vt 0.471550 0.485238
vt 0.471481 0.485327
vt 0.471395 0.485186
vt 0.418649 0.492598
vt 0.418602 0.492563
vt 0.418602 0.492454
vt 0.418673 0.492515
vt 0.471263 0.484200
vt 0.471414 0.484748
vt 0.471169 0.484990
vt 0.470716 0.484580
vt 0.418760 0.492383
vt 0.418601 0.492296
vt 0.418597 0.491997
vt 0.418932 0.492108
vt 0.470692 0.481984
vt 0.471059 0.483328
vt 0.469925 0.483750
vt 0.419212 0.491562
vt 0.418567 0.491526
vt 0.418535 0.490789
vt 0.470135 0.485803
vt 0.468730 0.486170
vt 0.466852 0.486860
vt 0.468544 0.482646
vt 0.421350 0.492745
vt 0.420209 0.492644
vt 0.419409 0.492653
vt 0.419754 0.490756
vt 0.470914 0.485622
vt 0.471290 0.485534
vt 0.418980 0.492669
vt 0.418775 0.492677
vt 0.471440 0.485504
vt 0.418695 0.492682
vt 0.466658 0.482753
vt 0.469486 0.480438
vt 0.418873 0.489791
vt 0.420785 0.490474
vt 0.465213 0.487456
vt 0.466787 0.492144
vt 0.422372 0.492843
vt 0.422023 0.495722
vt 0.469733 0.495336
vt 0.420608 0.497729
vt 0.999478 0.231896
vt 0.851133 0.056379
vt 0.919603 0.215693
vt 0.930927 0.072971
vt 0.281976 0.456814
vt 0.411952 0.564857
vt 0.420552 0.556456
vt 0.051112 0.242927
vt 0.341567 0.490368
vt 0.537711 0.013774
vt 0.363043 0.490046
vt 0.725769 0.763267
vt 0.370481 0.509192
vt 0.439467 0.482090
vn 0.703351 -0.228379 0.673156
vn 0.818977 -0.001884 0.573824
vn 0.776439 -0.262265 0.573027
vn 0.574270 -0.435545 0.693191
vn 0.619565 -0.502486 0.603032
vn 0.759822 -0.264162 0.594044
vn 0.743518 -0.000776 0.668715
vn -0.703351 -0.228379 0.673156
vn -0.619565 -0.502486 0.603032
vn -0.574270 -0.435545 0.693191
vn -0.776439 -0.262265 0.573027
vn -0.818977 -0.001884 0.573824
vn -0.743518 -0.000776 0.668715
vn -0.759822 -0.264162 0.594044
vn 0.813457 -0.298946 0.498917
vn 0.805495 -0.000951 0.592602
vn 0.656743 -0.569384 0.494459
vn 0.677476 -0.572732 0.461524
vn 0.830791 -0.299546 0.469105
vn 0.865075 -0.001487 0.501640
vn -0.813457 -0.298946 0.498917
vn -0.677476 -0.572732 0.461524
vn -0.656743 -0.569384 0.494459
vn -0.805495 -0.000951 0.592602
vn -0.865075 -0.001487 0.501640
vn -0.830791 -0.299546 0.469105
vn 0.407257 -0.771038 0.489533
vn 0.396090 -0.676556 0.620793
vn 0.087617 -0.862697 0.498073
vn 0.098670 -0.889341 0.446471
vn 0.425991 -0.786358 0.447407
vn -0.407257 -0.771038 0.489533
vn -0.098670 -0.889341 0.446471
vn -0.087617 -0.862697 0.498073
vn -0.396090 -0.676556 0.620793
vn -0.425991 -0.786358 0.447407
vn 0.374328 -0.578600 0.724638
vn 0.628139 -0.514856 0.583407
vn 0.396663 -0.699677 0.594230
vn 0.135161 -0.639526 0.756795
vn 0.112269 -0.754951 0.646099
vn -0.374328 -0.578600 0.724638
vn -0.112269 -0.754951 0.646099
vn -0.135161 -0.639526 0.756795
vn -0.396663 -0.699677 0.594230
vn -0.628139 -0.514856 0.583407
vn -0.125937 -0.613838 0.779322
vn 0.117239 -0.785344 0.607857
vn -0.198338 -0.753450 0.626877
vn -0.373333 -0.471776 0.798780
vn -0.461096 -0.547986 0.697926
vn -0.190914 -0.716240 0.671232
vn 0.125937 -0.613838 0.779322
vn 0.461096 -0.547986 0.697926
vn 0.373333 -0.471776 0.798780
vn 0.198338 -0.753450 0.626877
vn -0.117239 -0.785344 0.607857
vn 0.190914 -0.716240 0.671232
vn -0.250542 -0.815784 0.521273
vn -0.545194 -0.625733 0.557872
vn -0.563518 -0.652683 0.506411
vn -0.255801 -0.846709 0.466529
vn 0.250542 -0.815784 0.521273
vn 0.563518 -0.652683 0.506411
vn 0.545194 -0.625733 0.557872
vn 0.255801 -0.846709 0.466529
vn -0.740133 -0.329863 0.585997
vn -0.638225 -0.284449 0.715372
vn -0.692104 -0.001858 0.721796
vn -0.802002 -0.002519 0.597316
vn -0.767458 -0.345620 0.539958
vn 0.767458 -0.345620 0.539958
vn 0.802002 -0.002519 0.597316
vn 0.740133 -0.329863 0.585997
vn 0.692104 -0.001858 0.721796
vn 0.638225 -0.284449 0.715372
vn -0.538569 -0.241618 0.807195
vn -0.492591 -0.578193 0.650420
vn -0.695485 -0.305097 0.650551
vn -0.587365 -0.000587 0.809322
vn 0.587365 -0.000587 0.809322
vn 0.538569 -0.241618 0.807195
vn 0.695485 -0.305097 0.650551
vn 0.492591 -0.578193 0.650420
vn -0.546624 0.236890 0.803172
vn -0.763406 -0.003046 0.645911
vn -0.709125 0.293577 0.641057
vn -0.520250 0.578654 0.628091
vn -0.391615 0.478563 0.785885
vn -0.639051 0.280339 0.716256
vn 0.639051 0.280339 0.716256
vn 0.391615 0.478563 0.785885
vn 0.546624 0.236890 0.803172
vn 0.520250 0.578654 0.628091
vn 0.709125 0.293577 0.641058
vn 0.763406 -0.003046 0.645911
vn -0.736903 0.323432 0.593603
vn -0.464830 0.542748 0.699541
vn -0.538578 0.609475 0.581786
vn -0.761535 0.340925 0.551212
vn -0.832342 -0.001237 0.554262
vn 0.761535 0.340925 0.551212
vn 0.538578 0.609474 0.581786
vn 0.736903 0.323432 0.593603
vn 0.464830 0.542748 0.699541
vn 0.832342 -0.001237 0.554262
vn -0.191961 0.713381 0.673972
vn -0.240215 0.794964 0.557072
vn 0.113392 0.751956 0.649388
vn 0.094621 0.838953 0.535914
vn -0.239245 0.822158 0.516544
vn -0.549480 0.636551 0.541179
vn 0.239245 0.822158 0.516544
vn -0.094621 0.838953 0.535914
vn 0.240215 0.794964 0.557072
vn -0.113392 0.751956 0.649388
vn 0.191961 0.713381 0.673972
vn 0.549480 0.636551 0.541179
vn -0.219878 0.776062 0.591085
vn -0.140383 0.635488 0.759241
vn 0.109382 0.815363 0.568523
vn 0.131183 0.664889 0.735332
vn -0.131183 0.664889 0.735332
vn 0.140383 0.635488 0.759241
vn -0.109382 0.815363 0.568523
vn 0.219878 0.776062 0.591085
vn 0.405764 0.722697 0.559522
vn 0.381449 0.598091 0.704829
vn 0.647578 0.516164 0.560551
vn 0.586306 0.440302 0.679985
vn 0.398191 0.672579 0.623763
vn -0.398191 0.672579 0.623763
vn -0.586306 0.440302 0.679985
vn -0.381449 0.598091 0.704829
vn -0.647578 0.516164 0.560551
vn -0.405764 0.722697 0.559522
vn 0.407788 0.748834 0.522452
vn 0.622269 0.496224 0.605428
vn 0.655138 0.552395 0.515416
vn 0.423492 0.761258 0.491061
vn 0.106811 0.860425 0.498256
vn -0.423492 0.761258 0.491061
vn -0.655138 0.552395 0.515416
vn -0.407788 0.748834 0.522452
vn -0.622269 0.496224 0.605428
vn -0.106811 0.860425 0.498256
vn 0.760562 0.259613 0.595101
vn 0.812241 0.290455 0.505866
vn 0.828590 0.293266 0.476901
vn 0.672235 0.557239 0.487426
vn -0.828590 0.293266 0.476901
vn -0.812241 0.290455 0.505866
vn -0.760562 0.259613 0.595101
vn -0.672235 0.557239 0.487426
vn 0.785164 0.254614 0.564526
vn 0.708388 0.225894 0.668699
vn -0.708388 0.225894 0.668699
vn -0.785164 0.254614 0.564526
vn 0.849471 -0.002161 0.527631
vn 0.835236 0.269741 0.479187
vn 0.666779 0.556199 0.496033
vn 0.670355 0.176489 0.720746
vn 0.647437 -0.001842 0.762117
vn -0.670355 0.176489 0.720746
vn -0.666779 0.556199 0.496033
vn -0.835236 0.269741 0.479187
vn -0.849471 -0.002161 0.527631
vn -0.647436 -0.001842 0.762117
vn 0.424851 0.803661 0.416691
vn 0.077960 0.890623 0.448010
vn 0.400503 0.570375 0.717126
vn 0.529887 0.349977 0.772487
vn -0.400503 0.570375 0.717126
vn -0.077960 0.890623 0.448010
vn -0.424851 0.803661 0.416691
vn -0.529887 0.349977 0.772487
vn -0.282342 0.862425 0.420127
vn -0.595472 0.615191 0.516676
vn -0.133073 0.630365 0.764808
vn 0.147524 0.593694 0.791053
vn 0.133073 0.630365 0.764808
vn 0.595472 0.615191 0.516676
vn 0.282342 0.862425 0.420127
vn -0.147524 0.593694 0.791053
vn -0.825777 0.350872 0.441566
vn -0.878248 -0.004081 0.478187
vn -0.567330 0.254552 0.783160
vn -0.338165 0.395620 0.853891
vn 0.567330 0.254552 0.783160
vn 0.878248 -0.004081 0.478187
vn 0.825777 0.350872 0.441566
vn 0.338165 0.395620 0.853891
vn -0.819831 -0.365922 0.440430
vn -0.581435 -0.628389 0.516779
vn -0.337141 -0.419842 0.842656
vn -0.567108 -0.272723 0.777181
vn 0.819831 -0.365922 0.440431
vn 0.337141 -0.419842 0.842656
vn 0.581435 -0.628389 0.516779
vn 0.567108 -0.272723 0.777181
vn -0.276577 -0.864067 0.420588
vn 0.079482 -0.888858 0.451236
vn 0.142554 -0.621712 0.770164
vn -0.138750 -0.653678 0.743944
vn 0.276577 -0.864067 0.420588
vn -0.142554 -0.621712 0.770164
vn -0.079482 -0.888858 0.451236
vn 0.138750 -0.653678 0.743944
vn 0.420960 -0.803361 0.421192
vn 0.654429 -0.565688 0.501717
vn 0.527938 -0.373153 0.762914
vn 0.398869 -0.595250 0.697554
vn -0.420960 -0.803361 0.421192
vn -0.527938 -0.373154 0.762914
vn -0.654429 -0.565688 0.501717
vn -0.398869 -0.595250 0.697554
vn 0.829936 -0.281682 0.481520
vn 0.670839 -0.191290 0.716508
vn -0.829936 -0.281683 0.481520
vn -0.670839 -0.191290 0.716508
vn 0.395356 -0.000834 0.918527
vn 0.350756 -0.120336 0.928703
vn 0.413976 -0.074943 0.907198
vn -0.413976 -0.074943 0.907198
vn -0.350756 -0.120336 0.928703
vn -0.395356 -0.000834 0.918527
vn 0.300837 -0.202572 0.931913
vn 0.203909 -0.189632 0.960448
vn -0.203909 -0.189632 0.960448
vn -0.300837 -0.202572 0.931913
vn 0.014240 -0.117984 0.992913
vn 0.085388 -0.205163 0.974996
vn -0.085388 -0.205163 0.974996
vn -0.014240 -0.117984 0.992913
vn -0.061946 -0.000336 0.998079
vn -0.089712 -0.065006 0.993844
vn -0.547619 -0.002161 0.836725
vn 0.089712 -0.065006 0.993844
vn 0.547619 -0.002161 0.836725
vn 0.061946 -0.000336 0.998079
vn 0.015717 0.111020 0.993694
vn -0.089198 0.059391 0.994242
vn 0.089198 0.059391 0.994242
vn -0.015717 0.111020 0.993694
vn 0.204507 0.177473 0.962642
vn 0.087738 0.193113 0.977246
vn -0.087738 0.193113 0.977246
vn -0.204507 0.177473 0.962642
vn 0.349901 0.113324 0.929907
vn 0.299714 0.190669 0.934782
vn -0.299714 0.190669 0.934782
vn -0.349901 0.113324 0.929907
vn 0.413734 0.069121 0.907770
vn -0.413734 0.069121 0.907770
vn 0.095270 -0.985059 0.143463
vn 0.164375 -0.896559 0.411295
vn 0.099563 -0.897814 0.428972
vn 0.154973 -0.769642 0.619383
vn 0.090330 -0.788003 0.609009
vn 0.000000 -0.896762 0.442513
vn 0.000000 -0.985940 0.167097
vn -0.090330 -0.788003 0.609009
vn -0.099563 -0.897814 0.428972
vn -0.154973 -0.769642 0.619383
vn -0.164375 -0.896559 0.411295
vn -0.095270 -0.985059 0.143463
vn 0.253802 -0.961538 0.105023
vn 0.456621 -0.730011 0.508509
vn 0.268217 -0.856857 0.440289
vn 0.375262 -0.560224 0.738463
vn 0.250153 -0.701603 0.667216
vn 0.149131 -0.983160 0.105621
vn -0.250153 -0.701603 0.667216
vn -0.268217 -0.856857 0.440289
vn -0.375262 -0.560224 0.738463
vn -0.456621 -0.730011 0.508509
vn -0.253802 -0.961538 0.105023
vn -0.149131 -0.983160 0.105621
vn 0.684343 -0.449074 0.574462
vn 0.986640 -0.080561 0.141604
vn 0.790481 -0.209385 0.575585
vn 0.473415 -0.368613 0.800001
vn 0.563848 -0.815894 0.128035
vn 0.898209 -0.414529 0.146240
vn -0.684343 -0.449074 0.574462
vn -0.473415 -0.368613 0.800001
vn -0.790481 -0.209385 0.575585
vn -0.986640 -0.080561 0.141604
vn -0.898209 -0.414529 0.146240
vn -0.563848 -0.815894 0.128035
vn 0.991085 0.057859 0.120014
vn 0.821085 0.043335 0.569159
vn 0.822736 -0.049696 0.566247
vn 0.570611 -0.102723 0.814770
vn 0.532860 -0.225632 0.815568
vn -0.822736 -0.049696 0.566247
vn -0.532860 -0.225632 0.815568
vn -0.570611 -0.102723 0.814770
vn -0.821085 0.043335 0.569159
vn -0.991085 0.057859 0.120014
vn 0.981016 0.148911 0.124229
vn 0.823266 0.169961 0.541614
vn 0.819839 0.098787 0.564008
vn 0.589328 0.035501 0.807114
vn 0.582483 -0.012359 0.812749
vn 0.985734 0.115268 0.122645
vn -0.819839 0.098787 0.564008
vn -0.582483 -0.012359 0.812749
vn -0.589328 0.035501 0.807113
vn -0.823266 0.169961 0.541614
vn -0.981016 0.148911 0.124229
vn -0.985734 0.115268 0.122645
vn 0.377938 -0.778016 0.501850
vn 0.633583 -0.724536 0.271331
vn 0.329425 -0.914490 0.234921
vn 0.369419 -0.754319 0.542708
vn 0.390112 -0.565859 0.726372
vn 0.392288 -0.487095 0.780288
vn 0.641026 -0.589670 0.491299
vn -0.377937 -0.778016 0.501850
vn -0.390112 -0.565859 0.726372
vn -0.369419 -0.754319 0.542708
vn -0.329425 -0.914490 0.234921
vn -0.633583 -0.724536 0.271331
vn -0.641026 -0.589670 0.491299
vn -0.392288 -0.487095 0.780288
vn 0.438887 -0.686071 0.580246
vn 0.357169 -0.910683 0.207572
vn 0.472963 -0.857344 0.203143
vn 0.610261 -0.770589 0.183779
vn 0.568737 -0.589191 0.573926
vn 0.486423 -0.429635 0.760793
vn 0.417600 -0.526413 0.740608
vn -0.438887 -0.686071 0.580246
vn -0.486423 -0.429635 0.760793
vn -0.568737 -0.589191 0.573926
vn -0.610261 -0.770589 0.183779
vn -0.472963 -0.857344 0.203143
vn -0.357169 -0.910683 0.207572
vn -0.417600 -0.526413 0.740608
vn 0.689020 -0.479374 0.543554
vn 0.748592 -0.646495 0.147154
vn 0.734714 -0.396977 0.550095
vn 0.590273 -0.319547 0.741261
vn 0.571921 -0.355170 0.739433
vn -0.689020 -0.479374 0.543554
vn -0.590273 -0.319547 0.741261
vn -0.734714 -0.396977 0.550095
vn -0.748592 -0.646495 0.147154
vn -0.571921 -0.355170 0.739433
vn 0.975007 -0.150514 0.163425
vn 0.736725 -0.302542 0.604735
vn 0.931062 0.285506 0.227177
vn 0.734351 -0.052405 0.676744
vn 0.523095 -0.305853 0.795504
vn -0.523095 -0.305853 0.795504
vn -0.734351 -0.052405 0.676744
vn -0.736725 -0.302542 0.604735
vn -0.931062 0.285506 0.227177
vn -0.975007 -0.150514 0.163425
vn 0.657400 0.715217 0.237257
vn 0.639038 0.319866 0.699512
vn 0.473414 0.864887 0.166879
vn 0.538482 0.550860 0.637644
vn 0.455440 -0.177679 0.872356
vn 0.472215 -0.301442 0.828339
vn -0.455440 -0.177679 0.872356
vn -0.538482 0.550860 0.637644
vn -0.639038 0.319866 0.699512
vn -0.473414 0.864887 0.166879
vn -0.657400 0.715217 0.237257
vn -0.472215 -0.301442 0.828339
vn 0.514555 0.846669 0.135590
vn 0.524672 0.607247 0.596632
vn 0.590342 0.793136 0.149770
vn 0.549832 0.564660 0.615503
vn 0.315594 0.016983 0.948742
vn 0.363705 -0.043714 0.930488
vn -0.315594 0.016983 0.948742
vn -0.549832 0.564660 0.615503
vn -0.524672 0.607247 0.596632
vn -0.590342 0.793136 0.149770
vn -0.514555 0.846669 0.135590
vn -0.363705 -0.043714 0.930488
vn 0.588911 0.790329 0.169006
vn 0.533345 0.550960 0.641862
vn 0.314459 0.932198 0.179230
vn 0.330339 0.640111 0.693639
vn 0.258352 0.102773 0.960569
vn 0.307239 0.054785 0.950054
vn -0.533345 0.550960 0.641862
vn -0.258352 0.102773 0.960569
vn -0.330339 0.640111 0.693639
vn -0.314459 0.932198 0.179230
vn -0.588911 0.790329 0.169006
vn -0.307239 0.054785 0.950054
vn -0.204963 0.960946 0.185937
vn -0.073746 0.669183 0.739430
vn -0.670451 0.724000 0.162235
vn -0.466988 0.516006 0.718094
vn 0.106435 0.122761 0.986712
vn -0.106435 0.122761 0.986712
vn 0.466988 0.516006 0.718094
vn 0.073746 0.669183 0.739430
vn 0.670451 0.724000 0.162235
vn 0.204963 0.960946 0.185937
vn -0.864735 0.490271 0.108941
vn -0.660773 0.377781 0.648583
vn -0.847628 0.522610 0.091679
vn -0.679223 0.411178 0.607939
vn -0.102489 0.022754 0.994474
vn -0.047093 0.074229 0.996129
vn 0.102489 0.022754 0.994474
vn 0.679223 0.411178 0.607939
vn 0.660773 0.377781 0.648583
vn 0.847628 0.522610 0.091679
vn 0.864735 0.490271 0.108941
vn 0.047093 0.074229 0.996129
vn -0.615002 0.773479 0.153307
vn -0.499146 0.573299 0.649755
vn -0.000000 0.976524 0.215407
vn 0.000000 0.666953 0.745100
vn -0.118032 0.032550 0.992476
vn -0.127450 0.009126 0.991803
vn 0.118032 0.032550 0.992476
vn 0.499146 0.573299 0.649755
vn 0.615002 0.773479 0.153307
vn 0.127450 0.009126 0.991803
vn 0.355238 -0.305913 0.883303
vn 0.319004 -0.241723 0.916409
vn 0.360873 -0.298689 0.883491
vn 0.282574 -0.249536 0.926220
vn 0.306043 -0.298081 0.904149
vn -0.306043 -0.298081 0.904149
vn -0.360873 -0.298689 0.883491
vn -0.282574 -0.249536 0.926220
vn -0.319004 -0.241723 0.916409
vn -0.355238 -0.305913 0.883303
vn 0.211766 -0.274684 0.937925
vn 0.215225 -0.324758 0.920984
vn 0.125863 -0.350850 0.927935
vn -0.215225 -0.324758 0.920984
vn -0.125863 -0.350850 0.927935
vn -0.211766 -0.274684 0.937925
vn 0.106249 -0.218579 0.970018
vn 0.057221 -0.399373 0.915001
vn 0.064934 -0.370939 0.926384
vn 0.303114 0.036285 0.952263
vn 0.127393 -0.279755 0.951582
vn -0.064934 -0.370939 0.926384
vn -0.303114 0.036285 0.952263
vn -0.057221 -0.399373 0.915001
vn -0.106249 -0.218579 0.970018
vn -0.127393 -0.279755 0.951582
vn 0.055999 -0.474123 0.878676
vn 0.111562 -0.346676 0.931327
vn 0.048194 -0.477204 0.877470
vn 0.184534 -0.165058 0.968867
vn 0.202888 -0.282111 0.937683
vn -0.055999 -0.474123 0.878676
vn -0.048194 -0.477204 0.877470
vn -0.111562 -0.346676 0.931327
vn -0.202888 -0.282111 0.937683
vn -0.184534 -0.165058 0.968867
vn 0.174249 -0.271450 0.946548
vn 0.253165 -0.300481 0.919575
vn 0.172849 -0.434570 0.883896
vn -0.172849 -0.434570 0.883896
vn -0.253165 -0.300481 0.919575
vn -0.174249 -0.271450 0.946548
vn 0.382496 -0.133926 0.914199
vn 0.461335 -0.226284 0.857884
vn 0.375156 -0.223833 0.899532
vn 0.279140 -0.134941 0.950722
vn -0.375156 -0.223833 0.899532
vn -0.461335 -0.226284 0.857884
vn -0.382496 -0.133926 0.914199
vn -0.279140 -0.134941 0.950722
vn 0.462579 -0.281674 0.840643
vn 0.411858 -0.326667 0.850683
vn 0.453635 -0.265177 0.850821
vn 0.448850 -0.194104 0.872271
vn -0.453635 -0.265177 0.850821
vn -0.411858 -0.326667 0.850683
vn -0.462579 -0.281674 0.840643
vn -0.448850 -0.194104 0.872271
vn 0.375083 -0.434354 0.818932
vn 0.354182 -0.346151 0.868755
vn 0.385093 -0.392413 0.835294
vn 0.439057 -0.368131 0.819578
vn -0.385093 -0.392413 0.835294
vn -0.354182 -0.346151 0.868755
vn -0.375083 -0.434354 0.818932
vn -0.439057 -0.368131 0.819578
vn 0.284808 -0.161040 0.944961
vn 0.098453 -0.113604 0.988636
vn 0.179912 0.053864 0.982207
vn 0.273557 -0.386032 0.880991
vn 0.182604 -0.218976 0.958491
vn -0.284808 -0.161040 0.944961
vn -0.179912 0.053864 0.982207
vn -0.098453 -0.113604 0.988636
vn -0.182604 -0.218976 0.958491
vn -0.273557 -0.386032 0.880991
vn -0.052794 0.125865 0.990642
vn -0.069086 -0.073645 0.994889
vn -0.078212 0.015699 0.996813
vn -0.000000 0.049069 0.998795
vn -0.157349 0.077589 0.984490
vn 0.052794 0.125865 0.990642
vn 0.078212 0.015699 0.996813
vn 0.069086 -0.073645 0.994889
vn 0.157349 0.077589 0.984490
vn 0.248904 -0.200593 0.947528
vn 0.248743 -0.291357 0.923709
vn 0.176038 -0.279108 0.943986
vn 0.136145 -0.167373 0.976448
vn -0.176038 -0.279108 0.943986
vn -0.248743 -0.291357 0.923709
vn -0.248904 -0.200593 0.947528
vn -0.136145 -0.167373 0.976448
vn 0.119580 -0.237656 0.963961
vn 0.000000 -0.285324 0.958431
vn -0.000000 -0.246475 0.969149
vn 0.038298 -0.204337 0.978151
vn 0.015889 -0.134035 0.990849
vn -0.119580 -0.237656 0.963961
vn -0.015889 -0.134035 0.990849
vn -0.038298 -0.204337 0.978151
vn 0.000000 -0.156078 0.987745
vn -0.016827 -0.149314 0.988647
vn -0.145707 -0.119385 0.982098
vn -0.131057 -0.170415 0.976618
vn 0.131057 -0.170415 0.976618
vn 0.016827 -0.149314 0.988647
vn 0.145707 -0.119385 0.982098
vn 0.070576 -0.703012 0.707667
vn 0.072690 -0.528048 0.846098
vn 0.025161 -0.546616 0.837006
vn 0.000000 -0.704507 0.709697
vn 0.000000 -0.789348 0.613945
vn 0.136875 -0.664273 0.734851
vn -0.070576 -0.703012 0.707667
vn -0.025161 -0.546616 0.837006
vn -0.072690 -0.528048 0.846098
vn -0.136875 -0.664273 0.734851
vn 0.223694 -0.569509 0.790962
vn 0.231591 -0.332235 0.914322
vn 0.153025 -0.452135 0.878725
vn 0.312022 -0.419791 0.852302
vn -0.223694 -0.569509 0.790962
vn -0.153025 -0.452135 0.878725
vn -0.231591 -0.332235 0.914322
vn -0.312022 -0.419791 0.852302
vn 0.363145 -0.199703 0.910080
vn 0.267283 -0.213584 0.939650
vn 0.355410 -0.282116 0.891120
vn -0.355410 -0.282116 0.891120
vn -0.267283 -0.213584 0.939650
vn -0.363145 -0.199703 0.910080
vn 0.358855 -0.012637 0.933308
vn 0.613236 0.086257 0.785176
vn 0.362835 0.018092 0.931678
vn 0.173825 -0.037029 0.984080
vn 0.186808 -0.047078 0.981268
vn 0.369875 -0.043168 0.928078
vn -0.358855 -0.012637 0.933308
vn -0.186808 -0.047078 0.981268
vn -0.173825 -0.037029 0.984080
vn -0.362835 0.018092 0.931678
vn -0.613236 0.086257 0.785176
vn -0.369875 -0.043168 0.928078
vn 0.373113 -0.115192 0.920607
vn 0.199277 -0.114842 0.973191
vn 0.206023 -0.062525 0.976548
vn -0.373113 -0.115192 0.920607
vn -0.199277 -0.114842 0.973191
vn -0.206023 -0.062525 0.976548
vn 0.179426 -0.006090 0.983753
vn 0.139094 -0.283237 0.948910
vn 0.050697 -0.014067 0.998615
vn 0.000000 -0.285643 0.958336
vn 0.000000 -0.011912 0.999929
vn 0.050399 -0.014962 0.998617
vn 0.170572 -0.007780 0.985315
vn -0.050399 -0.014962 0.998617
vn -0.050697 -0.014067 0.998615
vn -0.139094 -0.283237 0.948910
vn -0.179426 -0.006090 0.983752
vn -0.170572 -0.007780 0.985315
vn 0.051160 -0.047162 0.997576
vn 0.048947 -0.049242 0.997587
vn -0.000000 -0.052895 0.998600
vn 0.000000 -0.048158 0.998840
vn -0.048947 -0.049242 0.997587
vn -0.051160 -0.047162 0.997576
vn 0.000000 -0.048047 0.998845
vn 0.053687 -0.181237 0.981973
vn 0.059298 -0.052178 0.996876
vn -0.059298 -0.052178 0.996876
vn -0.053687 -0.181237 0.981973
vn 0.804509 -0.548742 0.227262
vn 0.837570 -0.168380 0.519735
vn 0.989191 -0.130313 0.067225
vn 0.758120 -0.582083 0.293996
vn 0.507256 -0.743258 0.436186
vn 0.542479 -0.676963 0.497431
vn 0.665359 -0.330063 0.669594
vn -0.804509 -0.548742 0.227262
vn -0.507256 -0.743258 0.436186
vn -0.758120 -0.582083 0.293996
vn -0.989191 -0.130313 0.067225
vn -0.837570 -0.168380 0.519735
vn -0.665359 -0.330063 0.669594
vn -0.542479 -0.676963 0.497431
vn 0.606674 0.158144 0.779061
vn 0.676235 0.731527 -0.087032
vn 0.954184 0.299025 -0.010843
vn 0.681084 0.726575 0.090629
vn 0.939631 0.295980 0.171727
vn -0.939631 0.295980 0.171727
vn -0.954184 0.299025 -0.010843
vn -0.681084 0.726575 0.090629
vn -0.676235 0.731527 -0.087032
vn -0.606674 0.158144 0.779061
vn -0.102334 0.299613 0.948557
vn -0.345430 0.809072 0.475480
vn 0.155087 0.970491 0.184650
vn -0.351244 0.904143 0.243213
vn 0.158717 0.984713 0.071752
vn 0.176574 0.273879 0.945416
vn -0.158717 0.984713 0.071752
vn -0.155087 0.970491 0.184650
vn 0.351244 0.904143 0.243213
vn 0.345430 0.809072 0.475480
vn 0.102334 0.299613 0.948557
vn -0.176574 0.273879 0.945416
vn -0.598291 0.654584 0.462135
vn 0.000000 0.767528 0.641015
vn -0.000000 0.891831 0.452369
vn 0.000000 0.963766 0.266749
vn -0.612062 0.729207 0.306004
vn 0.000000 0.310651 0.950524
vn 0.000000 0.755017 0.655705
vn 0.612062 0.729207 0.306004
vn 0.598291 0.654584 0.462135
vn 0.000000 -0.757759 0.652535
vn 0.304942 -0.723015 0.619887
vn 0.343776 -0.296934 0.890869
vn 0.320825 -0.798536 0.509324
vn 0.000000 -0.852060 0.523444
vn -0.320826 -0.798536 0.509324
vn -0.304942 -0.723015 0.619887
vn -0.343776 -0.296934 0.890869
vn 0.000000 -0.648627 0.761106
vn 0.225373 -0.642325 0.732548
vn 0.354847 -0.672103 0.649893
vn 0.212825 -0.577283 0.788321
vn 0.120894 -0.496142 0.859783
vn 0.000000 -0.454094 0.890954
vn -0.225373 -0.642325 0.732548
vn -0.212825 -0.577283 0.788321
vn -0.354847 -0.672103 0.649893
vn -0.120894 -0.496142 0.859783
vn -0.430606 0.692935 0.578291
vn 0.000000 0.744838 0.667246
vn -0.144984 0.417852 0.896872
vn -0.147417 0.519293 0.841785
vn -0.276458 0.753950 0.595928
vn 0.430606 0.692935 0.578291
vn 0.147417 0.519293 0.841785
vn 0.144984 0.417852 0.896872
vn 0.276458 0.753950 0.595928
vn 0.145100 0.812460 0.564673
vn 0.086821 0.486864 0.869152
vn 0.549621 0.594833 0.586592
vn -0.549621 0.594833 0.586592
vn -0.086821 0.486864 0.869152
vn -0.145100 0.812460 0.564673
vn 0.741152 0.269209 0.614996
vn 0.319301 0.402438 0.857957
vn 0.346632 0.225547 0.910480
vn 0.741243 -0.166796 0.650183
vn 0.965803 -0.151456 0.210440
vn -0.741243 -0.166796 0.650183
vn -0.346632 0.225547 0.910480
vn -0.741152 0.269209 0.614996
vn -0.319301 0.402438 0.857957
vn -0.965803 -0.151456 0.210440
vn 0.542958 -0.560703 0.625148
vn 0.295261 -0.143330 0.944604
vn 0.211720 -0.467902 0.858046
vn -0.211720 -0.467902 0.858046
vn -0.542958 -0.560703 0.625148
vn -0.295261 -0.143330 0.944604
vn 0.029798 -0.071787 0.996975
vn 0.038861 0.221713 0.974337
vn -0.038861 0.221713 0.974337
vn -0.029798 -0.071787 0.996975
vn 0.056348 -0.349447 0.935260
vn 0.000000 0.140466 0.990085
vn 0.000000 -0.282889 0.959153
vn -0.056348 -0.349447 0.935260
vn -0.205223 -0.050695 0.977401
vn -0.222275 -0.230130 0.947436
vn 0.212100 -0.170290 0.962297
vn 0.000000 0.019341 0.999813
vn 0.205223 -0.050695 0.977401
vn -0.212100 -0.170290 0.962297
vn 0.222275 -0.230130 0.947436
vn 0.325780 -0.189050 0.926352
vn 0.687809 -0.156960 0.708719
vn 0.773477 -0.188237 0.605227
vn -0.773477 -0.188237 0.605227
vn -0.687809 -0.156960 0.708719
vn -0.325780 -0.189050 0.926352
vn 0.649648 -0.087570 0.755175
vn 0.483551 -0.032743 0.874704
vn 0.786623 0.069926 0.613461
vn 0.836852 -0.008450 0.547365
vn -0.786623 0.069926 0.613461
vn -0.483551 -0.032743 0.874704
vn -0.649648 -0.087570 0.755175
vn -0.836852 -0.008450 0.547365
vn 0.388869 0.043084 0.920285
vn 0.656520 0.136605 0.741836
vn 0.715185 0.138644 0.685046
vn -0.656520 0.136605 0.741836
vn -0.388869 0.043084 0.920285
vn -0.715185 0.138644 0.685046
vn 0.829500 0.252683 0.498077
vn 0.966112 0.218488 0.137444
vn 0.938653 0.311376 0.148238
vn 0.850470 0.281716 0.444225
vn -0.850470 0.281716 0.444225
vn -0.829500 0.252683 0.498077
vn -0.938653 0.311376 0.148238
vn -0.966112 0.218488 0.137444
vn 0.938473 0.305697 0.160677
vn 0.884951 0.239125 0.399601
vn 0.936673 0.300732 0.179456
vn 0.913829 0.186427 0.360779
vn -0.913829 0.186427 0.360779
vn -0.884951 0.239125 0.399601
vn -0.936673 0.300732 0.179456
vn -0.938473 0.305697 0.160677
vn 0.904532 -0.162524 0.394218
vn 0.966738 -0.100272 0.235293
vn -0.904532 -0.162524 0.394218
vn -0.966738 -0.100272 0.235293
vn -0.033544 -0.363496 0.930992
vn 0.078439 -0.635249 0.768314
vn 0.000000 -0.224319 0.974516
vn 0.000000 -0.717346 0.696718
vn 0.115646 -0.938371 0.325709
vn -0.386694 -0.798975 0.460551
vn -0.115646 -0.938371 0.325709
vn -0.078439 -0.635249 0.768314
vn 0.033544 -0.363496 0.930992
vn 0.386694 -0.798975 0.460551
vn -0.262263 -0.158206 0.951940
vn -0.233710 -0.268463 0.934509
vn -0.887334 -0.233791 0.397467
vn 0.233709 -0.268463 0.934509
vn 0.262263 -0.158206 0.951940
vn 0.887334 -0.233791 0.397467
vn -0.273144 -0.088949 0.957852
vn -0.870844 0.193265 0.451973
vn -0.711460 0.484210 0.509279
vn -0.243260 0.028404 0.969545
vn 0.273144 -0.088949 0.957852
vn 0.870844 0.193265 0.451973
vn 0.243260 0.028404 0.969545
vn 0.711460 0.484210 0.509279
vn -0.120671 0.122129 0.985151
vn 0.000000 -0.543005 0.839730
vn -0.476282 0.703068 0.528063
vn -0.203983 0.813885 0.544042
vn 0.000000 0.152606 0.988287
vn 0.120671 0.122129 0.985151
vn 0.476282 0.703068 0.528063
vn 0.203983 0.813885 0.544042
vn 0.000000 0.851115 0.524979
vn -0.193384 0.831873 0.520183
vn -0.447862 0.770983 0.452775
vn -0.120685 0.374799 0.919217
vn 0.000000 0.377235 0.926117
vn 0.120685 0.374799 0.919217
vn 0.447862 0.770983 0.452775
vn 0.193384 0.831873 0.520183
vn -0.713189 0.636064 0.294592
vn -0.919944 0.340440 0.194431
vn -0.884207 0.317278 0.342801
vn -0.556119 0.398232 0.729481
vn -0.289310 0.404312 0.867658
vn 0.713189 0.636064 0.294592
vn 0.884207 0.317278 0.342801
vn 0.919944 0.340441 0.194431
vn 0.289310 0.404312 0.867658
vn 0.556119 0.398232 0.729481
vn -0.954610 -0.232780 0.185834
vn -0.449076 -0.844755 0.291067
vn -0.275319 -0.730149 0.625366
vn -0.751592 -0.289351 0.592778
vn 0.954610 -0.232780 0.185834
vn 0.275319 -0.730149 0.625366
vn 0.449076 -0.844755 0.291067
vn 0.751592 -0.289351 0.592778
vn 0.115708 -0.942051 0.314883
vn 0.000000 -0.961092 0.276230
vn -0.000000 -0.946075 0.323948
vn 0.092032 -0.716403 0.691590
vn -0.092032 -0.716403 0.691590
vn -0.115708 -0.942051 0.314883
vn 0.020723 -0.281929 0.959211
vn 0.000000 -0.695688 0.718344
vn 0.000000 -0.267496 0.963559
vn 0.028103 -0.302006 0.952892
vn -0.020723 -0.281929 0.959211
vn -0.028103 -0.302006 0.952892
vn -0.409491 -0.141753 0.901234
vn 0.409491 -0.141753 0.901234
vn -0.264708 -0.180824 0.947223
vn -0.082899 -0.133992 0.987509
vn -0.303172 -0.217487 0.927786
vn -0.007933 -0.013521 0.999877
vn 0.099850 -0.047401 0.993873
vn -0.229995 -0.107860 0.967196
vn 0.264708 -0.180824 0.947223
vn 0.007933 -0.013521 0.999877
vn 0.303172 -0.217487 0.927786
vn 0.082899 -0.133992 0.987509
vn 0.229995 -0.107860 0.967196
vn -0.099850 -0.047401 0.993873
vn -0.077850 -0.037776 0.996249
vn -0.162348 -0.059112 0.984961
vn 0.143367 -0.055721 0.988100
vn 0.162718 -0.050983 0.985354
vn 0.162348 -0.059112 0.984961
vn -0.143368 -0.055721 0.988100
vn 0.077850 -0.037776 0.996249
vn -0.162718 -0.050983 0.985354
vn 0.007349 -0.037578 0.999267
vn 0.323027 -0.225623 0.919101
vn 0.169338 -0.067842 0.983220
vn 0.165668 -0.078564 0.983047
vn 0.143502 -0.065721 0.987465
vn 0.085617 -0.014511 0.996222
vn -0.007349 -0.037578 0.999267
vn -0.169338 -0.067842 0.983220
vn -0.323027 -0.225623 0.919101
vn -0.085617 -0.014511 0.996222
vn -0.143502 -0.065721 0.987465
vn -0.165668 -0.078564 0.983047
vn -0.253753 -0.313775 0.914962
vn -0.108256 -0.457501 0.882594
vn -0.076530 -0.132479 0.988227
vn 0.076530 -0.132479 0.988227
vn 0.108256 -0.457501 0.882594
vn 0.253753 -0.313775 0.914962
vn 0.037345 -0.524562 0.850553
vn 0.183887 -0.552024 0.813299
vn 0.208677 -0.294049 0.932732
vn 0.116007 -0.316683 0.941411
vn -0.037345 -0.524562 0.850553
vn -0.208677 -0.294049 0.932732
vn -0.183887 -0.552024 0.813299
vn -0.116007 -0.316683 0.941411
vn 0.363189 -0.530408 0.766003
vn 0.486569 -0.441881 0.753652
vn 0.378457 -0.168010 0.910244
vn 0.313491 -0.250424 0.915976
vn -0.363189 -0.530408 0.766003
vn -0.378457 -0.168010 0.910244
vn -0.486569 -0.441881 0.753652
vn -0.313491 -0.250424 0.915976
vn 0.511927 -0.317977 0.798011
vn 0.484509 -0.196454 0.852442
vn 0.302274 -0.049832 0.951918
vn 0.362692 -0.083476 0.928163
vn -0.511927 -0.317977 0.798011
vn -0.302274 -0.049832 0.951918
vn -0.484509 -0.196454 0.852442
vn -0.362692 -0.083476 0.928163
vn 0.460127 -0.106667 0.881422
vn 0.431249 -0.041377 0.901284
vn 0.240452 -0.061309 0.968723
vn 0.256617 -0.062193 0.964510
vn -0.460127 -0.106667 0.881422
vn -0.240452 -0.061309 0.968723
vn -0.431249 -0.041377 0.901283
vn -0.256617 -0.062193 0.964510
vn 0.383298 -0.028445 0.923187
vn 0.382347 0.010797 0.923956
vn 0.276650 -0.070454 0.958385
vn -0.276650 -0.070454 0.958385
vn -0.382347 0.010797 0.923956
vn -0.383298 -0.028445 0.923187
vn 0.440624 0.217579 0.870925
vn 0.369363 0.384847 0.845851
vn 0.397557 -0.024308 0.917256
vn 0.333347 -0.101583 0.937316
vn -0.397557 -0.024308 0.917256
vn -0.369363 0.384847 0.845851
vn -0.440624 0.217579 0.870925
vn -0.333347 -0.101583 0.937316
vn 0.210391 0.293539 0.932508
vn 0.155169 0.123199 0.980176
vn 0.108053 0.163787 0.980560
vn 0.124871 0.217859 0.967959
vn -0.210391 0.293539 0.932508
vn -0.108053 0.163787 0.980560
vn -0.155169 0.123199 0.980176
vn -0.124871 0.217859 0.967959
vn 0.176875 0.073780 0.981464
vn 0.151983 0.065581 0.986205
vn 0.123921 0.102093 0.987026
vn 0.159962 0.142656 0.976761
vn -0.176875 0.073780 0.981464
vn -0.123921 0.102093 0.987026
vn -0.151983 0.065581 0.986205
vn -0.159962 0.142656 0.976761
vn 0.120986 0.027085 0.992285
vn 0.112957 0.002179 0.993597
vn -0.120986 0.027085 0.992285
vn -0.112957 0.002179 0.993597
vn 0.253900 -0.272845 0.927949
vn 0.389477 -0.322075 0.862888
vn 0.328241 -0.440457 0.835617
vn 0.260363 -0.316514 0.912157
vn 0.210210 -0.164528 0.963713
vn -0.328241 -0.440457 0.835617
vn -0.389477 -0.322075 0.862888
vn -0.253900 -0.272845 0.927949
vn -0.210210 -0.164528 0.963713
vn -0.260363 -0.316514 0.912157
vn 0.186661 -0.147590 0.971275
vn 0.200602 -0.293447 0.934691
vn 0.041992 -0.234648 0.971173
vn -0.186661 -0.147590 0.971275
vn -0.041992 -0.234648 0.971173
vn -0.200602 -0.293447 0.934691
vn -0.039789 -0.407362 0.912400
vn 0.312663 0.149065 0.938095
vn 0.034955 -0.441884 0.896391
vn -0.093083 -0.706622 0.701442
vn 0.030238 -0.591027 0.806085
vn 0.039789 -0.407362 0.912399
vn -0.034955 -0.441884 0.896391
vn -0.312663 0.149065 0.938095
vn -0.030238 -0.591027 0.806085
vn 0.093083 -0.706622 0.701442
vn 0.014291 -0.548423 0.836079
vn 0.076188 -0.651792 0.754562
vn -0.088671 -0.816018 0.571185
vn -0.118965 -0.668597 0.734047
vn 0.088671 -0.816018 0.571185
vn -0.076188 -0.651792 0.754562
vn -0.014291 -0.548423 0.836079
vn 0.118965 -0.668597 0.734047
vn -0.127197 -0.301549 0.944928
vn -0.302155 -0.372134 0.877621
vn -0.204061 -0.111617 0.972574
vn 0.302155 -0.372134 0.877621
vn 0.127197 -0.301549 0.944928
vn 0.204061 -0.111617 0.972574
vn -0.159242 0.028105 0.986839
vn -0.394322 -0.118883 0.911250
vn -0.332151 0.077716 0.940019
vn -0.047682 0.191567 0.980321
vn 0.159242 0.028105 0.986839
vn 0.394322 -0.118883 0.911250
vn 0.047682 0.191567 0.980321
vn 0.332151 0.077716 0.940019
vn 0.013438 0.300282 0.953756
vn -0.195458 0.282230 0.939224
vn -0.157259 0.441320 0.883463
vn 0.040327 0.359259 0.932366
vn -0.013438 0.300282 0.953756
vn 0.195458 0.282230 0.939224
vn -0.040327 0.359259 0.932366
vn 0.157259 0.441320 0.883463
vn 0.234239 0.333291 0.913263
vn 0.129754 0.356159 0.925373
vn -0.000477 0.625156 0.780500
vn 0.190559 0.603146 0.774533
vn 0.000477 0.625156 0.780500
vn -0.129754 0.356159 0.925373
vn -0.234239 0.333291 0.913263
vn -0.190559 0.603146 0.774533
vn 0.333487 0.386989 0.859666
vn 0.304700 0.353486 0.884424
vn 0.323358 0.599297 0.732313
vn 0.404042 0.597282 0.692824
vn -0.323358 0.599297 0.732313
vn -0.304700 0.353486 0.884424
vn -0.333487 0.386989 0.859666
vn -0.404042 0.597282 0.692824
vn 0.392067 0.382834 0.836494
vn -0.004688 -0.274032 0.961709
vn 0.516577 0.513633 0.685076
vn 0.536790 0.284306 0.794372
vn -0.516577 0.513633 0.685076
vn -0.392067 0.382834 0.836494
vn 0.004688 -0.274032 0.961709
vn -0.536789 0.284306 0.794372
vn 0.532953 -0.275512 0.800034
vn 0.631417 -0.186050 0.752793
vn 0.772696 -0.240406 0.587492
vn 0.636764 -0.364887 0.679256
vn -0.532953 -0.275512 0.800034
vn -0.772696 -0.240406 0.587492
vn -0.631417 -0.186050 0.752793
vn -0.636764 -0.364887 0.679256
vn 0.671111 -0.082361 0.736767
vn 0.676474 0.001774 0.736465
vn 0.805868 0.010770 0.591998
vn 0.814403 -0.094454 0.572561
vn -0.671111 -0.082361 0.736767
vn -0.805868 0.010770 0.591998
vn -0.676474 0.001774 0.736465
vn -0.814403 -0.094454 0.572561
vn 0.647145 0.118264 0.753138
vn 0.677176 0.332091 0.656619
vn 0.775816 0.140067 0.615216
vn -0.647145 0.118264 0.753138
vn -0.677176 0.332091 0.656619
vn -0.775816 0.140067 0.615216
vn -0.544251 0.838581 -0.023921
vn -0.759861 0.595887 -0.259865
vn -0.366052 0.861783 0.351192
vn -0.000000 0.881179 0.472783
vn 0.000000 0.998433 0.055959
vn 0.366052 0.861783 0.351192
vn 0.759862 0.595887 -0.259865
vn 0.544251 0.838581 -0.023921
vn -0.788825 0.473845 -0.391440
vn -0.640433 0.647787 -0.412574
vn -0.498400 0.453285 -0.739006
vn -0.486623 0.396356 -0.778524
vn -0.452783 0.889566 -0.060503
vn 0.788825 0.473845 -0.391440
vn 0.498400 0.453285 -0.739006
vn 0.640433 0.647787 -0.412574
vn 0.452783 0.889566 -0.060503
vn 0.486623 0.396356 -0.778524
vn -0.246040 0.880718 -0.404722
vn 0.235026 0.888774 -0.393502
vn -0.226699 0.534953 -0.813900
vn 0.226699 0.534953 -0.813900
vn -0.235026 0.888774 -0.393502
vn 0.246040 0.880718 -0.404722
vn 0.468922 0.793708 -0.387479
vn 0.446856 0.821756 -0.353605
vn 0.109736 0.565230 -0.817602
vn 0.089345 0.621933 -0.777957
vn -0.109736 0.565230 -0.817602
vn -0.446856 0.821756 -0.353605
vn -0.468922 0.793708 -0.387479
vn -0.089345 0.621933 -0.777957
vn 0.389684 0.894782 -0.217973
vn 0.374273 0.910814 -0.174178
vn 0.298128 0.923112 -0.242867
vn 0.148844 0.830164 -0.537283
vn -0.298128 0.923112 -0.242867
vn -0.374273 0.910814 -0.174178
vn -0.389684 0.894782 -0.217973
vn -0.148844 0.830164 -0.537283
vn 0.528612 0.825952 -0.195889
vn 0.851541 0.458673 -0.253963
vn 0.502497 0.825626 -0.256589
vn 0.360300 0.910472 -0.203040
vn -0.502497 0.825626 -0.256589
vn -0.851541 0.458673 -0.253963
vn -0.528612 0.825952 -0.195889
vn -0.360300 0.910472 -0.203040
vn 0.969522 0.001214 -0.245000
vn 0.894787 -0.428836 0.124319
vn 0.901153 -0.394004 -0.180788
vn 0.977728 0.066901 -0.198926
vn 0.801704 0.504913 -0.319896
vn -0.977728 0.066901 -0.198926
vn -0.901153 -0.394004 -0.180788
vn -0.969522 0.001214 -0.245000
vn -0.894787 -0.428836 0.124319
vn -0.801704 0.504913 -0.319896
vn 0.715454 -0.687401 -0.124919
vn 0.576617 -0.810597 -0.102201
vn 0.613572 -0.787595 0.056774
vn 0.767456 -0.640439 0.029132
vn -0.715454 -0.687401 -0.124919
vn -0.613572 -0.787595 0.056774
vn -0.576617 -0.810597 -0.102201
vn -0.767456 -0.640439 0.029132
vn 0.460827 -0.881614 -0.101955
vn 0.351734 -0.931001 -0.097574
vn 0.425591 -0.902583 0.064939
vn 0.496859 -0.866427 0.049348
vn -0.460827 -0.881614 -0.101955
vn -0.425591 -0.902583 0.064939
vn -0.351734 -0.931001 -0.097574
vn -0.496859 -0.866427 0.049348
vn 0.210427 -0.258207 -0.942894
vn 0.000000 -0.497657 -0.867374
vn 0.229802 -0.545248 -0.806161
vn 0.000000 -0.780192 -0.625540
vn 0.277152 -0.794114 -0.540897
vn 0.480722 -0.509640 -0.713563
vn 0.326299 -0.251406 -0.911221
vn -0.480722 -0.509640 -0.713563
vn -0.277152 -0.794114 -0.540897
vn -0.229802 -0.545248 -0.806161
vn -0.210427 -0.258207 -0.942894
vn -0.326299 -0.251406 -0.911221
vn 0.132770 -0.246139 -0.960098
vn 0.000000 -0.155655 -0.987811
vn 0.181315 -0.137210 -0.973806
vn 0.000000 -0.234646 -0.972081
vn 0.220162 -0.099005 -0.970426
vn 0.144253 -0.165516 -0.975600
vn -0.220162 -0.099005 -0.970426
vn -0.181315 -0.137210 -0.973806
vn -0.132770 -0.246139 -0.960098
vn -0.144253 -0.165516 -0.975600
vn 0.049111 -0.761173 -0.646687
vn 0.000000 -0.514217 -0.857660
vn 0.070335 -0.468131 -0.880855
vn 0.000000 -0.289792 -0.957090
vn 0.058246 -0.373511 -0.925795
vn 0.039155 -0.700465 -0.712612
vn -0.058246 -0.373511 -0.925795
vn -0.070335 -0.468131 -0.880855
vn -0.049111 -0.761173 -0.646687
vn -0.039155 -0.700465 -0.712612
vn 0.075823 -0.968183 -0.238480
vn 0.000000 -0.978912 -0.204283
vn 0.000000 -0.791704 -0.610906
vn 0.100899 -0.949996 -0.295511
vn -0.075823 -0.968183 -0.238480
vn -0.100899 -0.949996 -0.295511
vn 0.201000 -0.919335 -0.338263
vn 0.143148 -0.603316 -0.784550
vn 0.616192 -0.656240 -0.435495
vn -0.201000 -0.919335 -0.338263
vn -0.616192 -0.656240 -0.435495
vn -0.143148 -0.603316 -0.784549
vn 0.888468 -0.178600 -0.422761
vn 0.424442 -0.422754 -0.800705
vn 0.539790 -0.134099 -0.831050
vn 0.928579 0.089544 -0.360172
vn -0.888468 -0.178600 -0.422761
vn -0.424442 -0.422754 -0.800705
vn -0.928579 0.089544 -0.360171
vn -0.539790 -0.134099 -0.831050
vn 0.927906 0.142842 -0.344364
vn 0.604914 0.057605 -0.794204
vn 0.659000 0.105856 -0.744657
vn 0.931316 0.148282 -0.332659
vn -0.927906 0.142842 -0.344363
vn -0.604914 0.057605 -0.794204
vn -0.931317 0.148282 -0.332659
vn -0.659000 0.105856 -0.744657
vn 0.244950 -0.060898 -0.967621
vn 0.344276 -0.011826 -0.938794
vn 0.528644 -0.112120 -0.841407
vn 0.722369 0.085262 -0.686231
vn -0.344276 -0.011826 -0.938794
vn -0.244950 -0.060898 -0.967621
vn -0.722369 0.085262 -0.686231
vn -0.528644 -0.112120 -0.841407
vn 0.140458 -0.242192 -0.960007
vn -0.140458 -0.242192 -0.960007
vn 0.771423 -0.244166 -0.587614
vn 0.913707 0.091653 -0.395904
vn 0.825436 0.051819 -0.562113
vn 0.645956 -0.640700 -0.415023
vn 0.895121 -0.258770 -0.363037
vn -0.771423 -0.244166 -0.587614
vn -0.825436 0.051819 -0.562113
vn -0.913707 0.091653 -0.395904
vn -0.895121 -0.258770 -0.363037
vn -0.645956 -0.640700 -0.415023
vn 0.940273 0.150296 -0.305446
vn 0.949187 0.207870 -0.236294
vn -0.940273 0.150296 -0.305446
vn -0.949187 0.207870 -0.236294
vn 0.975011 0.221574 -0.016065
vn 0.962017 0.203670 0.181773
vn 0.883136 -0.351417 0.310767
vn 0.776861 -0.264351 0.571495
vn 0.945697 0.198400 0.257476
vn -0.962017 0.203670 0.181773
vn -0.776861 -0.264351 0.571495
vn -0.883136 -0.351417 0.310767
vn -0.975011 0.221574 -0.016065
vn -0.945697 0.198400 0.257476
vn 0.942258 0.292406 -0.163246
vn 0.976053 0.006611 -0.217431
vn 0.927691 0.341862 0.150068
vn -0.976053 0.006611 -0.217431
vn -0.942257 0.292406 -0.163246
vn -0.927691 0.341862 0.150068
vn 0.601935 -0.793467 0.089916
vn 0.968558 -0.145878 0.201530
vn 0.757191 -0.431968 0.489964
vn -0.757191 -0.431968 0.489964
vn -0.968558 -0.145878 0.201530
vn -0.601935 -0.793467 0.089916
vn 0.300681 -0.949111 -0.093693
vn 0.459720 -0.869973 0.178338
vn 0.373019 -0.923988 0.084283
vn -0.300681 -0.949111 -0.093693
vn -0.373019 -0.923988 0.084283
vn -0.459720 -0.869973 0.178338
vn 0.000000 -0.497702 -0.867348
vn 0.292386 -0.275120 -0.915871
vn 0.285548 -0.492304 -0.822252
vn 0.424550 -0.306024 -0.852119
vn 0.407566 -0.496220 -0.766587
vn 0.274463 -0.704191 -0.654817
vn 0.000000 -0.718135 -0.695904
vn -0.274463 -0.704191 -0.654817
vn -0.407567 -0.496220 -0.766587
vn -0.285548 -0.492304 -0.822252
vn -0.424550 -0.306024 -0.852119
vn -0.292386 -0.275120 -0.915871
vn -0.000000 -0.863961 -0.503558
vn 0.267811 -0.842862 -0.466756
vn 0.454292 -0.689072 -0.564622
vn 0.482378 -0.786258 -0.386148
vn 0.260347 -0.923166 -0.282815
vn 0.000000 -0.949555 -0.313600
vn -0.260347 -0.923166 -0.282815
vn -0.482378 -0.786258 -0.386148
vn -0.267811 -0.842862 -0.466756
vn -0.454292 -0.689072 -0.564622
vn 0.000000 -0.982561 -0.185943
vn 0.269717 -0.948560 -0.165793
vn 0.514671 -0.853411 -0.082483
vn 0.300639 -0.944606 -0.131665
vn -0.300639 -0.944606 -0.131665
vn -0.514671 -0.853411 -0.082483
vn -0.269717 -0.948560 -0.165793
vn 0.311441 -0.913539 -0.261630
vn 0.000000 -0.985831 -0.167743
vn 0.652661 -0.748915 -0.114719
vn 0.000000 -0.946559 -0.322532
vn -0.311441 -0.913539 -0.261630
vn -0.652661 -0.748915 -0.114719
vn 0.903409 -0.413355 -0.113976
vn 0.798978 -0.592745 0.101428
vn 0.927605 -0.365344 0.077930
vn -0.798978 -0.592745 0.101428
vn -0.903409 -0.413355 -0.113976
vn -0.927605 -0.365344 0.077930
vn 0.832616 -0.521567 0.186331
vn 0.941678 -0.333422 -0.045523
vn 0.646944 -0.731198 0.216362
vn 0.691001 -0.706956 0.150767
vn 0.905189 -0.409171 0.114944
vn 0.967747 -0.211819 0.136378
vn -0.832616 -0.521567 0.186331
vn -0.691001 -0.706956 0.150767
vn -0.646944 -0.731198 0.216362
vn -0.941678 -0.333422 -0.045523
vn -0.967747 -0.211819 0.136378
vn -0.905189 -0.409171 0.114944
vn -0.000000 -0.003607 -0.999994
vn 0.291606 0.289220 -0.911766
vn 0.286231 -0.040165 -0.957319
vn 0.435328 0.212247 -0.874894
vn 0.426317 -0.118707 -0.896751
vn 0.000000 -0.255386 -0.966839
vn -0.426317 -0.118707 -0.896751
vn -0.286231 -0.040165 -0.957319
vn -0.435328 0.212247 -0.874894
vn -0.291606 0.289220 -0.911766
vn 0.000000 0.963466 0.267831
vn 0.175595 0.803370 0.569001
vn 0.146979 0.950108 0.275120
vn 0.417734 0.731730 0.538582
vn 0.385076 0.884131 0.264632
vn 0.133706 0.990893 0.015914
vn -0.133706 0.990893 0.015914
vn -0.385076 0.884131 0.264632
vn -0.146979 0.950108 0.275120
vn -0.417733 0.731730 0.538582
vn -0.175595 0.803370 0.569001
vn 0.149059 0.959234 -0.240108
vn -0.000000 0.999958 0.009131
vn 0.334213 0.911580 -0.239425
vn 0.341818 0.770501 -0.538041
vn 0.212395 0.823447 -0.526140
vn 0.000000 0.971236 -0.238117
vn -0.149059 0.959234 -0.240108
vn -0.341818 0.770501 -0.538041
vn -0.334213 0.911580 -0.239425
vn -0.212395 0.823447 -0.526140
vn 0.275207 0.601912 -0.749642
vn 0.000000 0.850442 -0.526069
vn 0.397182 0.533276 -0.746903
vn 0.000000 0.634738 -0.772727
vn -0.397182 0.533276 -0.746903
vn -0.275207 0.601912 -0.749642
vn 0.548813 0.834862 -0.042530
vn 0.832598 0.546524 -0.089956
vn 0.828967 0.514191 0.220050
vn 0.560238 0.759059 0.331607
vn 0.434331 0.900207 0.031376
vn -0.548813 0.834862 -0.042530
vn -0.828967 0.514191 0.220050
vn -0.832598 0.546524 -0.089956
vn -0.434331 0.900207 0.031376
vn -0.560238 0.759059 0.331607
vn 0.550790 0.640216 0.535495
vn 0.518954 0.753257 0.404093
vn 0.803552 0.429869 0.411723
vn 0.831044 0.451294 0.325114
vn 0.630993 0.657193 0.412244
vn 0.574089 0.617293 0.537933
vn -0.550790 0.640216 0.535495
vn -0.831044 0.451294 0.325114
vn -0.803552 0.429869 0.411723
vn -0.518953 0.753257 0.404093
vn -0.574089 0.617293 0.537933
vn -0.630993 0.657193 0.412244
vn 0.708964 0.685497 0.165720
vn 0.644535 0.649318 0.403684
vn 0.874617 0.471543 0.112658
vn 0.898077 0.437676 -0.043565
vn 0.742923 0.668552 -0.033226
vn 0.672814 0.721677 0.162798
vn -0.708964 0.685497 0.165720
vn -0.898077 0.437676 -0.043565
vn -0.874617 0.471543 0.112658
vn -0.644535 0.649318 0.403684
vn -0.672814 0.721677 0.162798
vn -0.742923 0.668552 -0.033226
vn 0.758355 0.604431 -0.244051
vn 0.672761 0.738982 -0.036040
vn 0.905445 0.369015 -0.209755
vn 0.873307 0.297247 -0.385979
vn 0.747963 0.431754 -0.504122
vn 0.591166 0.561865 -0.578646
vn 0.651186 0.705858 -0.278786
vn -0.758355 0.604431 -0.244051
vn -0.873307 0.297247 -0.385979
vn -0.905445 0.369015 -0.209755
vn -0.672761 0.738982 -0.036040
vn -0.651186 0.705858 -0.278786
vn -0.591165 0.561865 -0.578646
vn -0.747963 0.431754 -0.504122
vn 0.704458 0.206443 -0.679058
vn 0.706176 0.038569 -0.706985
vn 0.641812 -0.056110 -0.764807
vn 0.590932 0.000072 -0.806722
vn 0.577593 0.306184 -0.756728
vn 0.870642 0.180961 -0.457423
vn -0.577593 0.306184 -0.756728
vn -0.704458 0.206443 -0.679058
vn -0.590932 0.000072 -0.806722
vn -0.641812 -0.056110 -0.764807
vn -0.706176 0.038569 -0.706985
vn -0.870642 0.180961 -0.457423
vn 0.486397 0.426543 -0.762548
vn 0.486636 0.672290 -0.557863
vn 0.523763 0.106459 -0.845186
vn -0.486397 0.426543 -0.762548
vn -0.486636 0.672290 -0.557863
vn -0.523762 0.106459 -0.845186
vn 0.544499 0.798962 -0.255306
vn 0.586593 0.809849 -0.007279
vn -0.544499 0.798962 -0.255306
vn -0.586593 0.809849 -0.007279
vn 0.617348 0.760172 0.202533
vn 0.354433 0.934886 0.019131
vn 0.640767 0.630977 0.437362
vn -0.617348 0.760172 0.202533
vn -0.640767 0.630977 0.437362
vn -0.354433 0.934886 0.019131
vn 0.620492 0.556728 0.552308
vn 0.430993 0.603095 0.671209
vn 0.534124 0.732491 0.422100
vn -0.620492 0.556728 0.552308
vn -0.534124 0.732491 0.422100
vn -0.430993 0.603095 0.671209
vn 0.152598 0.988179 0.014726
vn 0.368456 0.928714 0.041600
vn 0.355225 0.750849 0.556813
vn -0.368456 0.928714 0.041600
vn -0.152598 0.988179 0.014726
vn -0.355225 0.750849 0.556813
vn -0.000000 0.689844 0.723958
vn 0.201007 0.686029 0.699257
vn 0.205911 0.653524 0.728359
vn 0.000000 0.827331 0.561715
vn -0.205911 0.653524 0.728359
vn -0.201007 0.686029 0.699257
vn -0.206971 0.758684 -0.617707
vn -0.199026 0.318179 -0.926904
vn 0.199026 0.318179 -0.926904
vn 0.206971 0.758684 -0.617707
vn 0.002801 0.950981 0.309237
vn -0.004682 0.730518 0.682878
vn -0.002801 0.950981 0.309237
vn 0.004682 0.730518 0.682878
vn -0.103221 0.552938 0.826804
vn 0.000000 0.612838 0.790209
vn 0.000000 0.491525 0.870864
vn 0.103221 0.552938 0.826804
vn 0.988554 0.143294 0.047198
vn 0.966940 0.150857 0.205594
vn -0.966940 0.150857 0.205594
vn -0.988554 0.143294 0.047198
vn 0.959829 0.141665 0.242195
vn 0.981427 -0.134858 0.136432
vn 0.991099 -0.113073 0.070269
vn 0.974474 0.176827 0.138320
vn -0.959829 0.141665 0.242195
vn -0.974474 0.176827 0.138320
vn -0.991099 -0.113073 0.070269
vn -0.981427 -0.134858 0.136432
vn 0.977861 0.208772 -0.014205
vn 0.996339 -0.084213 0.014748
vn 0.993950 0.105890 -0.029157
vn 0.974422 0.201540 -0.099414
vn -0.977861 0.208772 -0.014205
vn -0.974422 0.201540 -0.099414
vn -0.993950 0.105890 -0.029157
vn -0.996339 -0.084213 0.014748
vn 0.602657 0.659581 -0.449174
vn 0.959239 0.186490 -0.212323
vn 0.831832 0.534267 0.150380
vn -0.959239 0.186490 -0.212323
vn -0.602657 0.659581 -0.449174
vn -0.831832 0.534267 0.150380
vn 0.674751 -0.731915 0.094929
vn 0.617366 -0.786653 -0.006013
vn 0.476506 -0.853868 -0.209406
vn 0.604230 -0.781723 -0.154322
vn 0.553055 -0.832861 0.021759
vn -0.553055 -0.832861 0.021759
vn -0.604230 -0.781723 -0.154322
vn -0.617366 -0.786653 -0.006013
vn -0.476506 -0.853868 -0.209406
vn -0.674751 -0.731915 0.094929
vn 0.533769 -0.839247 0.103709
vn 0.484281 -0.859522 0.163383
vn 0.425894 -0.903421 0.049454
vn 0.365593 -0.915490 -0.167987
vn 0.227521 -0.973771 -0.002089
vn -0.365593 -0.915490 -0.167987
vn -0.425894 -0.903421 0.049454
vn -0.484281 -0.859522 0.163383
vn -0.533769 -0.839247 0.103709
vn -0.227521 -0.973771 -0.002089
vn 0.518177 -0.834644 0.186712
vn 0.522528 -0.831177 0.190025
vn 0.580195 -0.800005 0.152857
vn -0.518177 -0.834645 0.186712
vn -0.580195 -0.800005 0.152857
vn -0.522528 -0.831177 0.190025
vn 0.632643 -0.726891 0.267192
vn 0.520597 -0.737138 0.430820
vn 0.693960 -0.686692 0.216504
vn -0.632643 -0.726891 0.267192
vn -0.520597 -0.737138 0.430820
vn -0.693960 -0.686692 0.216504
vn 0.723102 -0.667456 0.177835
vn 0.609947 -0.792430 0.004524
vn -0.723102 -0.667456 0.177835
vn -0.609947 -0.792430 0.004524
vn 0.473598 -0.721600 0.504974
vn -0.473598 -0.721600 0.504974
vn 0.548233 -0.307863 -0.777600
vn 0.537605 -0.336042 -0.773342
vn 0.437292 -0.603995 -0.666308
vn 0.554554 -0.286354 -0.781326
vn -0.554554 -0.286354 -0.781326
vn -0.437292 -0.603995 -0.666308
vn -0.537605 -0.336042 -0.773342
vn -0.548233 -0.307863 -0.777600
vn 0.497363 -0.192687 -0.845873
vn 0.517771 -0.350610 -0.780375
vn -0.517771 -0.350610 -0.780375
vn -0.497363 -0.192687 -0.845874
vn 0.114727 -0.886198 -0.448878
vn 0.343136 -0.830274 -0.439208
vn 0.550393 -0.818799 -0.163205
vn 0.554119 -0.744688 -0.372011
vn 0.320662 -0.603125 -0.730353
vn -0.554119 -0.744688 -0.372011
vn -0.343136 -0.830274 -0.439208
vn -0.550393 -0.818799 -0.163205
vn -0.114727 -0.886198 -0.448877
vn -0.320662 -0.603125 -0.730353
vn 0.606840 -0.723565 -0.328936
vn 0.598009 -0.641997 -0.479817
vn -0.598009 -0.641997 -0.479817
vn -0.606840 -0.723565 -0.328936
vn 0.521356 -0.490510 -0.698275
vn 0.583093 -0.533618 -0.612579
vn -0.521355 -0.490510 -0.698275
vn -0.583093 -0.533618 -0.612579
vn 0.310428 0.499137 0.809010
vn -0.278854 0.919221 0.277980
vn 0.209824 0.538499 0.816084
vn -0.447179 0.827370 0.339837
vn 0.050988 0.494810 0.867504
vn 0.587116 -0.135774 0.798036
vn 0.566881 -0.216260 0.794907
vn -0.587116 -0.135774 0.798036
vn -0.050988 0.494810 0.867504
vn -0.209824 0.538499 0.816084
vn 0.447179 0.827370 0.339837
vn 0.278854 0.919221 0.277980
vn -0.310428 0.499137 0.809010
vn -0.566881 -0.216260 0.794907
vn 0.373603 0.424507 0.824751
vn -0.129807 0.960758 0.245142
vn 0.477330 -0.253468 0.841374
vn 0.285278 -0.225041 0.931651
vn 0.425964 0.311001 0.849608
vn 0.092616 0.957335 0.273737
vn -0.373603 0.424507 0.824751
vn -0.285278 -0.225041 0.931651
vn -0.477330 -0.253468 0.841374
vn 0.129807 0.960758 0.245142
vn -0.092616 0.957335 0.273737
vn -0.425964 0.311001 0.849608
vn 0.382846 0.142080 0.912821
vn 0.444487 0.829371 0.338490
vn 0.015182 -0.168376 0.985606
vn 0.314393 -0.004294 0.949283
vn 0.755063 0.101654 0.647724
vn 0.718740 0.474639 0.508066
vn -0.314393 -0.004294 0.949283
vn -0.015182 -0.168376 0.985606
vn -0.382846 0.142080 0.912821
vn -0.444487 0.829371 0.338490
vn -0.718740 0.474639 0.508066
vn -0.755063 0.101654 0.647724
vn 0.722325 -0.191054 0.664639
vn 0.320354 -0.070496 0.944671
vn -0.166111 -0.068193 0.983746
vn -0.219030 0.096271 0.970957
vn 0.404034 -0.094522 0.909847
vn 0.696375 -0.440654 0.566468
vn -0.404034 -0.094522 0.909847
vn 0.219030 0.096271 0.970957
vn -0.320354 -0.070496 0.944671
vn 0.166111 -0.068193 0.983746
vn -0.722325 -0.191054 0.664639
vn -0.696375 -0.440654 0.566468
vn 0.614828 -0.674117 0.409332
vn 0.531323 -0.181981 0.827393
vn -0.086653 0.341487 0.935883
vn 0.189655 0.458328 0.868312
vn 0.455589 0.347690 0.819482
vn 0.600864 -0.344489 0.721311
vn 0.476736 -0.827923 0.295410
vn -0.531323 -0.181981 0.827393
vn -0.455589 0.347690 0.819482
vn -0.189655 0.458328 0.868312
vn 0.086653 0.341487 0.935883
vn -0.614828 -0.674117 0.409332
vn -0.476736 -0.827923 0.295410
vn -0.600864 -0.344489 0.721311
vn 0.319545 -0.905309 0.279834
vn 0.547590 -0.447172 0.707236
vn 0.553615 0.194521 0.809736
vn 0.353415 0.311637 0.882032
vn 0.261330 -0.360815 0.895276
vn -0.547590 -0.447172 0.707235
vn -0.353415 0.311637 0.882032
vn -0.553615 0.194521 0.809736
vn -0.319545 -0.905309 0.279834
vn -0.261330 -0.360815 0.895276
vn 0.371683 0.669946 0.642669
vn 0.124404 0.800433 0.586370
vn 0.130542 0.918085 0.374271
vn 0.135796 0.910820 0.389829
vn 0.281174 0.713398 0.641876
vn -0.371683 0.669946 0.642669
vn -0.135796 0.910820 0.389829
vn -0.130542 0.918085 0.374271
vn -0.124404 0.800433 0.586370
vn -0.281174 0.713398 0.641876
vn -0.233893 0.799116 0.553811
vn -0.569821 0.616276 0.543607
vn -0.489425 0.859022 0.150147
vn -0.155473 0.950568 0.268791
vn 0.233893 0.799116 0.553811
vn 0.155473 0.950568 0.268791
vn 0.489425 0.859022 0.150147
vn 0.569821 0.616276 0.543607
vn -0.709577 -0.089971 0.698861
vn -0.775442 0.263832 0.573657
vn -0.991198 -0.076895 0.107768
vn -0.952860 0.302187 -0.027229
vn 0.952860 0.302187 -0.027229
vn 0.775442 0.263832 0.573657
vn 0.991198 -0.076895 0.107768
vn 0.709577 -0.089971 0.698861
vn 0.100259 -0.523894 0.845863
vn -0.388152 -0.379269 0.839936
vn -0.095043 -0.749893 0.654696
vn -0.738897 -0.526792 0.420144
vn 0.738897 -0.526792 0.420144
vn 0.388152 -0.379269 0.839936
vn 0.095043 -0.749893 0.654696
vn -0.100259 -0.523894 0.845863
vn 0.571810 -0.507681 0.644433
vn 0.421842 -0.542079 0.726774
vn 0.529252 -0.655091 0.539210
vn 0.344937 -0.716068 0.606848
vn -0.344937 -0.716068 0.606848
vn -0.421842 -0.542079 0.726774
vn -0.529252 -0.655091 0.539211
vn -0.571810 -0.507681 0.644433
vn 0.658362 -0.440902 0.610053
vn 0.656669 -0.404369 0.636609
vn 0.700983 -0.531977 0.474998
vn 0.649134 -0.579819 0.492377
vn -0.658362 -0.440902 0.610053
vn -0.700983 -0.531977 0.474998
vn -0.656669 -0.404369 0.636609
vn -0.649134 -0.579819 0.492377
vn 0.841575 -0.539427 -0.027769
vn 0.758580 -0.641604 0.113580
vn 0.477127 -0.659909 0.580406
vn 0.897269 -0.429202 0.103411
vn 0.905550 -0.404805 -0.126933
vn -0.897269 -0.429202 0.103411
vn -0.477127 -0.659909 0.580406
vn -0.758580 -0.641604 0.113580
vn -0.841575 -0.539427 -0.027769
vn -0.905550 -0.404805 -0.126933
vn -0.064060 -0.939784 0.335712
vn 0.048835 -0.289295 0.955993
vn 0.062838 -0.936650 0.344583
vn 0.171777 0.507656 0.844262
vn 0.709416 0.148573 0.688952
vn -0.171777 0.507656 0.844262
vn -0.048835 -0.289295 0.955993
vn -0.062838 -0.936650 0.344583
vn 0.064060 -0.939784 0.335712
vn -0.709416 0.148573 0.688952
vn 0.944333 -0.323200 -0.061460
vn 0.936177 -0.328745 -0.124497
vn -0.944333 -0.323200 -0.061460
vn -0.936177 -0.328745 -0.124497
vn 0.180375 0.465381 0.866536
vn 0.829114 0.077177 0.553726
vn 0.491811 -0.196460 0.848249
vn 0.515763 -0.129164 0.846939
vn -0.339203 0.912268 0.229583
vn -0.180375 0.465381 0.866536
vn -0.515763 -0.129164 0.846939
vn -0.491811 -0.196460 0.848249
vn -0.829114 0.077177 0.553726
vn 0.339203 0.912268 0.229583
vn 0.139380 0.838080 0.527443
vn 0.107723 0.955613 0.274226
vn 0.465068 0.673761 0.574246
vn -0.465068 0.673761 0.574246
vn -0.107723 0.955613 0.274226
vn -0.139380 0.838080 0.527443
vn 0.808398 -0.008196 0.588579
vn 0.696726 0.158300 0.699653
vn 0.712070 0.236624 0.661034
vn 0.941413 -0.107428 0.319688
vn 0.875772 0.017107 0.482421
vn 0.515469 0.747324 0.419284
vn -0.875772 0.017107 0.482421
vn -0.712070 0.236624 0.661034
vn -0.941413 -0.107428 0.319688
vn -0.696726 0.158300 0.699653
vn -0.808398 -0.008196 0.588579
vn -0.515469 0.747324 0.419284
vn 0.616394 0.388430 0.684968
vn 0.926188 0.038834 0.375058
vn 0.904778 0.013866 0.425658
vn 0.754079 -0.044872 0.655249
vn 0.687884 0.335900 0.643418
vn 0.543788 0.653948 0.525972
vn 0.581367 0.638325 0.504533
vn -0.616394 0.388430 0.684968
vn -0.754079 -0.044872 0.655249
vn -0.904778 0.013866 0.425658
vn -0.926188 0.038834 0.375058
vn -0.581367 0.638325 0.504533
vn -0.543788 0.653948 0.525973
vn -0.687884 0.335900 0.643418
vn 0.794172 -0.546608 0.265538
vn 0.757340 -0.492843 0.428418
vn 0.861739 -0.448227 0.237692
vn 0.908026 -0.406095 0.102843
vn -0.908026 -0.406095 0.102843
vn -0.861739 -0.448227 0.237692
vn -0.757340 -0.492843 0.428418
vn -0.794172 -0.546608 0.265538
vn 0.618647 -0.403652 0.674048
vn 0.834805 -0.368395 0.409127
vn 0.686874 -0.432847 0.583822
vn 0.879510 -0.414014 0.234638
vn 0.697965 -0.536683 0.474148
vn 0.693172 -0.511782 0.507535
vn -0.697965 -0.536683 0.474148
vn -0.686874 -0.432847 0.583822
vn -0.879510 -0.414014 0.234638
vn -0.834805 -0.368395 0.409127
vn -0.618647 -0.403652 0.674048
vn -0.693172 -0.511782 0.507535
vn 0.599174 -0.410069 0.687629
vn 0.697688 -0.282529 0.658338
vn 0.694410 -0.520938 0.496405
vn -0.694410 -0.520938 0.496405
vn -0.599174 -0.410069 0.687629
vn -0.697688 -0.282529 0.658338
vn 0.968334 -0.195183 0.155670
vn 0.944407 -0.328374 0.016287
vn -0.968334 -0.195183 0.155670
vn -0.944407 -0.328374 0.016287
vn 0.915501 -0.393689 -0.082869
vn 0.944423 -0.325366 -0.046925
vn -0.944423 -0.325366 -0.046925
vn -0.915501 -0.393689 -0.082869
vn 0.964029 -0.226871 0.138483
vn -0.964029 -0.226871 0.138483
vn 0.708557 -0.550490 0.441483
vn 0.717023 -0.555324 0.421300
vn 0.582856 -0.376573 0.720050
vn 0.612439 -0.347556 0.710016
vn 0.690454 -0.546899 0.473471
vn -0.708557 -0.550490 0.441483
vn -0.582856 -0.376573 0.720050
vn -0.717023 -0.555324 0.421300
vn -0.690454 -0.546899 0.473471
vn -0.612439 -0.347556 0.710016
vn 0.705592 -0.573292 0.416505
vn 0.699176 -0.597486 0.392636
vn 0.677779 -0.613005 0.406006
vn 0.526207 -0.402196 0.749229
vn -0.526207 -0.402196 0.749229
vn -0.677779 -0.613005 0.406006
vn -0.705592 -0.573292 0.416505
vn -0.699176 -0.597486 0.392636
vn 0.731283 -0.572053 0.371457
vn 0.866452 0.050616 0.496689
vn 0.630954 -0.061491 0.773380
vn 0.506352 -0.346496 0.789651
vn -0.731283 -0.572053 0.371457
vn -0.630954 -0.061491 0.773380
vn -0.866452 0.050616 0.496689
vn -0.506352 -0.346496 0.789651
vn 0.561644 0.681489 0.469178
vn 0.584029 0.667309 0.462179
vn 0.450838 0.388168 0.803785
vn -0.450838 0.388168 0.803785
vn -0.584029 0.667309 0.462179
vn -0.561644 0.681489 0.469178
vn 0.799635 0.296946 0.521925
vn 0.829576 -0.157303 0.535780
vn 0.415083 0.121261 0.901666
vn 0.511160 0.221969 0.830329
vn 0.429326 0.392187 0.813553
vn -0.799635 0.296946 0.521925
vn -0.415083 0.121261 0.901666
vn -0.829576 -0.157303 0.535780
vn -0.429326 0.392187 0.813553
vn -0.511160 0.221969 0.830329
vn 0.796216 -0.056373 0.602380
vn 0.567895 0.651725 0.502742
vn 0.208428 0.747987 0.630138
vn 0.395947 0.294370 0.869812
vn -0.796216 -0.056373 0.602380
vn -0.208428 0.747987 0.630138
vn -0.567895 0.651725 0.502742
vn -0.395947 0.294370 0.869812
vn 0.028852 0.972868 0.229553
vn 0.037302 0.950287 0.309132
vn -0.118247 0.875372 0.468766
vn 0.118247 0.875372 0.468766
vn -0.037302 0.950287 0.309132
vn -0.028852 0.972868 0.229553
vn 0.636300 -0.563613 0.526747
vn 0.627282 -0.287179 0.723910
vn 0.592030 -0.204870 0.779441
vn 0.521621 -0.629898 0.575448
vn -0.636300 -0.563613 0.526747
vn -0.627282 -0.287179 0.723910
vn -0.521621 -0.629898 0.575448
vn -0.592030 -0.204870 0.779441
vn 0.308156 -0.754839 0.579015
vn 0.515345 -0.166860 0.840582
vn 0.397559 -0.268750 0.877337
vn -0.183738 -0.740157 0.646844
vn -0.308156 -0.754839 0.579015
vn -0.515345 -0.166860 0.840582
vn 0.183738 -0.740157 0.646844
vn -0.397559 -0.268750 0.877337
vn -0.681662 -0.463545 0.566094
vn 0.218181 -0.188330 0.957564
vn 0.057565 -0.065642 0.996181
vn -0.899846 -0.071092 0.430375
vn 0.681662 -0.463545 0.566094
vn -0.218181 -0.188330 0.957564
vn 0.899846 -0.071092 0.430375
vn -0.057566 -0.065642 0.996181
vn -0.625829 0.616105 0.478281
vn -0.844788 0.305628 0.439233
vn -0.013244 0.012653 0.999832
vn 0.076518 0.058781 0.995334
vn 0.844788 0.305628 0.439233
vn 0.013244 0.012653 0.999832
vn 0.625829 0.616105 0.478281
vn -0.076518 0.058781 0.995334
vn -0.036283 0.903638 0.426757
vn -0.328968 0.821008 0.466612
vn -0.778425 0.627596 0.013307
vn 0.254584 0.249924 0.934198
vn 0.375760 0.393397 0.839073
vn -0.254584 0.249924 0.934198
vn 0.328968 0.821008 0.466612
vn 0.778425 0.627596 0.013307
vn 0.036283 0.903638 0.426756
vn -0.375760 0.393397 0.839073
vn 0.121139 0.915526 0.383584
vn 0.426359 0.539301 0.726204
vn 0.105406 0.792654 0.600491
vn -0.426359 0.539301 0.726204
vn -0.121139 0.915526 0.383584
vn -0.105406 0.792654 0.600491
vn 0.185398 0.081885 0.979246
vn 0.195258 0.116942 0.973755
vn 0.079982 0.286664 0.954687
vn 0.259195 0.218243 0.940844
vn 0.227542 0.090344 0.969568
vn 0.200184 0.009952 0.979708
vn -0.195258 0.116942 0.973755
vn -0.259195 0.218243 0.940844
vn -0.079982 0.286664 0.954687
vn -0.185398 0.081885 0.979246
vn -0.200184 0.009952 0.979708
vn -0.227542 0.090344 0.969568
vn 0.293007 -0.000223 0.956110
vn 0.337742 0.033661 0.940637
vn 0.421493 0.067396 0.904324
vn 0.449026 -0.056123 0.891754
vn 0.380478 -0.019809 0.924578
vn 0.351957 -0.010310 0.935960
vn -0.337742 0.033661 0.940637
vn -0.449026 -0.056123 0.891754
vn -0.421493 0.067396 0.904324
vn -0.293007 -0.000223 0.956110
vn -0.351957 -0.010310 0.935960
vn -0.380478 -0.019809 0.924578
vn 0.361391 -0.033020 0.931830
vn 0.418775 -0.110911 0.901291
vn 0.301182 -0.039669 0.952741
vn 0.324108 0.041604 0.945105
vn 0.363964 -0.002460 0.931410
vn -0.301182 -0.039669 0.952741
vn -0.418775 -0.110911 0.901291
vn -0.361391 -0.033020 0.931830
vn -0.363964 -0.002460 0.931410
vn -0.324108 0.041604 0.945105
vn 0.290712 0.167819 0.941978
vn 0.304021 0.014407 0.952556
vn 0.373844 -0.166566 0.912412
vn 0.410691 -0.140877 0.900826
vn 0.433504 0.129943 0.891734
vn 0.357620 0.310007 0.880910
vn -0.433504 0.129943 0.891734
vn -0.410691 -0.140877 0.900826
vn -0.304021 0.014407 0.952556
vn -0.373844 -0.166566 0.912412
vn -0.290712 0.167819 0.941978
vn -0.357620 0.310007 0.880910
vn 0.403584 0.171370 0.898750
vn 0.451899 0.007459 0.892038
vn 0.365270 0.331084 0.870035
vn -0.403584 0.171370 0.898751
vn -0.451899 0.007459 0.892038
vn -0.365270 0.331084 0.870035
vn 0.391764 -0.107671 0.913744
vn 0.441270 -0.077951 0.893982
vn -0.441270 -0.077951 0.893982
vn -0.391764 -0.107671 0.913744
vn 0.300406 -0.112841 0.947113
vn 0.474239 -0.403522 0.782475
vn 0.211283 -0.088269 0.973431
vn -0.300406 -0.112841 0.947113
vn -0.211283 -0.088269 0.973431
vn -0.474239 -0.403522 0.782475
vn 0.192434 -0.012158 0.981234
vn -0.192434 -0.012158 0.981234
vn -0.085234 0.553132 0.828722
vn 0.231729 0.419760 0.877556
vn -0.231729 0.419760 0.877556
vn 0.085234 0.553132 0.828722
vn 0.511538 0.135710 0.848476
vn 0.509286 -0.034565 0.859903
vn -0.511538 0.135710 0.848476
vn -0.509286 -0.034565 0.859903
vn 0.438417 -0.177566 0.881056
vn 0.453847 -0.123227 0.882518
vn -0.453847 -0.123227 0.882518
vn -0.438417 -0.177566 0.881057
vn 0.518288 0.016196 0.855053
vn 0.485040 -0.142550 0.862795
vn 0.503730 -0.020985 0.863606
vn 0.168241 0.122983 0.978044
vn -0.485040 -0.142550 0.862795
vn -0.503730 -0.020985 0.863606
vn -0.518288 0.016196 0.855053
vn -0.168241 0.122983 0.978044
vn 0.493673 0.200925 0.846118
vn 0.426104 0.324048 0.844647
vn -0.493673 0.200925 0.846118
vn -0.426104 0.324048 0.844647
vn 0.384028 0.347739 0.855337
vn -0.384028 0.347739 0.855337
vn -0.027167 -0.937700 -0.346383
vn -0.120947 -0.946180 -0.300191
vn -0.192549 -0.535355 -0.822387
vn -0.345111 -0.436241 -0.831019
vn 0.137780 -0.906218 -0.399733
vn 0.027167 -0.937700 -0.346383
vn 0.192549 -0.535355 -0.822387
vn 0.120947 -0.946180 -0.300191
vn -0.137780 -0.906218 -0.399733
vn 0.345111 -0.436241 -0.831019
vn 0.428068 -0.831286 -0.354572
vn -0.223752 -0.411411 -0.883559
vn 0.034790 -0.402883 -0.914590
vn 0.736456 -0.652699 -0.177811
vn -0.428068 -0.831286 -0.354572
vn 0.223752 -0.411411 -0.883559
vn -0.736456 -0.652699 -0.177811
vn -0.034790 -0.402883 -0.914590
vn 0.989610 0.119982 0.079225
vn 0.944773 -0.301562 0.128317
vn 0.424179 -0.373058 -0.825167
vn 0.801741 -0.179441 -0.570098
vn 0.913180 0.079298 -0.399767
vn -0.944773 -0.301561 0.128317
vn -0.424179 -0.373058 -0.825167
vn -0.989610 0.119982 0.079225
vn -0.913180 0.079298 -0.399767
vn -0.801741 -0.179441 -0.570098
vn 0.300494 0.845373 -0.441642
vn 0.794625 0.586129 -0.158192
vn 0.625571 0.343825 -0.700318
vn 0.104027 0.407784 -0.907133
vn -0.625571 0.343824 -0.700318
vn -0.794625 0.586129 -0.158192
vn -0.300494 0.845373 -0.441642
vn -0.104027 0.407784 -0.907133
vn -0.407334 0.807788 -0.426096
vn -0.186647 0.858424 -0.477777
vn -0.278371 0.333300 -0.900789
vn -0.438169 0.317087 -0.841108
vn 0.278371 0.333300 -0.900789
vn 0.186647 0.858424 -0.477777
vn 0.407334 0.807788 -0.426096
vn 0.438169 0.317087 -0.841108
vn -0.612835 0.749267 -0.251060
vn -0.516542 0.783508 -0.345398
vn -0.517403 0.340300 -0.785169
vn 0.517403 0.340300 -0.785169
vn 0.516542 0.783508 -0.345398
vn 0.612835 0.749268 -0.251060
vn -0.366184 -0.016358 -0.930398
vn -0.429064 -0.019173 -0.903070
vn -0.117129 -0.071326 -0.990552
vn -0.446603 0.429744 -0.784771
vn 0.117129 -0.071326 -0.990552
vn 0.429064 -0.019173 -0.903070
vn 0.366184 -0.016358 -0.930398
vn 0.446603 0.429744 -0.784771
vn -0.209629 -0.024031 -0.977486
vn -0.010410 -0.028163 -0.999549
vn 0.209629 -0.024031 -0.977486
vn 0.010410 -0.028163 -0.999549
vn 0.447559 0.046569 -0.893041
vn -0.447559 0.046569 -0.893041
vn 0.274930 0.355500 -0.893327
vn -0.416143 0.834679 -0.360744
vn 0.416143 0.834679 -0.360744
vn -0.274930 0.355500 -0.893327
vn 0.368280 -0.204326 -0.906984
vn 0.099456 -0.591858 -0.799883
vn -0.368280 -0.204326 -0.906984
vn -0.099456 -0.591858 -0.799883
vn -0.093749 -0.917010 -0.387690
vn 0.093749 -0.917010 -0.387690
vn 0.881483 -0.000752 0.472216
vn -0.881483 -0.000752 0.472216
vn 0.190873 -0.002692 0.981611
vn -0.190873 -0.002692 0.981611
vn 0.000000 -0.081189 0.996699
vn 0.000000 -0.017457 0.999848
vn 0.000000 0.833341 0.552760
vn 0.465564 -0.458477 0.757000
vn -0.465564 -0.458477 0.757000
vn -0.126904 -0.852550 0.507004
vn 0.126904 -0.852550 0.507004
vn -0.151683 0.569852 0.807627
vn 0.151683 0.569852 0.807627
vn 0.000000 0.327777 -0.944755
usemtl Suzanne
f 1/1/1 2/2/2 3/3/3
f 3/3/3 4/4/4 1/1/1
f 1/1/1 5/5/5 6/6/6
f 6/6/6 7/7/7 1/1/1
f 8/8/8 9/9/9 10/10/10
f 10/10/10 11/11/11 8/8/8
f 8/8/8 12/12/12 13/13/13
f 13/13/13 14/14/14 8/8/8
f 15/15/15 16/16/16 6/6/6
f 6/6/6 17/17/17 15/15/15
f 15/15/15 18/18/18 19/19/19
f 19/19/19 20/20/20 15/15/15
f 21/21/21 22/22/22 23/23/23
f 23/23/23 14/14/14 21/21/21
f 21/21/21 24/24/24 25/25/25
f 25/25/25 26/26/26 21/21/21
f 27/27/27 5/5/5 28/28/28
f 28/28/28 29/29/29 27/27/27
f 27/27/27 30/30/30 31/31/31
f 31/31/31 17/17/17 27/27/27
f 32/32/32 33/33/33 34/34/34
f 34/34/34 35/35/35 32/32/32
f 32/32/32 9/9/9 23/23/23
f 23/23/23 36/36/36 32/32/32
f 37/37/37 38/38/38 39/39/39
f 39/39/39 40/40/40 37/37/37
f 37/37/37 41/41/41 28/28/28
f 28/28/28 4/4/4 37/37/37
f 42/42/42 43/43/43 44/44/44
f 44/44/44 45/45/45 42/42/42
f 42/42/42 46/46/46 10/10/10
f 10/10/10 35/35/35 42/42/42
f 47/47/47 48/48/48 49/49/49
f 49/49/49 50/50/50 47/47/47
f 47/47/47 51/51/51 52/52/52
f 52/52/52 40/40/40 47/47/47
f 53/53/53 54/54/54 55/55/55
f 55/55/55 56/56/56 53/53/53
f 53/53/53 57/57/57 44/44/44
f 44/44/44 58/58/58 53/53/53
f 59/59/59 41/41/41 52/52/52
f 52/52/52 60/60/60 59/59/59
f 59/59/59 61/61/61 62/62/62
f 62/62/62 29/29/29 59/59/59
f 63/63/63 64/64/64 65/65/65
f 65/65/65 58/58/58 63/63/63
f 63/63/63 43/43/43 34/34/34
f 34/34/34 66/66/66 63/63/63
f 67/67/67 51/51/51 68/68/68
f 67/67/67 69/69/69 70/70/70
f 70/70/70 71/71/71 67/67/67
f 71/71/71 60/60/60 67/67/67
f 72/72/72 73/73/73 74/74/74
f 74/74/74 75/75/75 76/76/76
f 74/74/74 54/54/54 65/65/65
f 65/65/65 72/72/72 74/74/74
f 77/77/77 78/78/78 79/79/79
f 79/79/79 80/80/80 77/77/77
f 80/80/80 68/68/68 77/77/77
f 68/68/68 50/50/50 77/77/77
f 76/76/76 81/81/81 82/82/82
f 81/81/81 83/83/83 82/82/82
f 82/82/82 84/84/84 55/55/55
f 55/55/55 76/76/76 82/82/82
f 85/85/85 86/86/86 87/87/87
f 85/85/85 88/88/88 89/89/89
f 89/89/89 90/90/90 85/85/85
f 90/90/90 80/80/80 85/85/85
f 91/91/91 92/92/92 93/93/93
f 93/93/93 94/94/94 95/95/95
f 93/93/93 96/96/96 81/81/81
f 81/81/81 91/91/91 93/93/93
f 70/70/70 90/90/90 97/97/97
f 97/97/97 98/98/98 99/99/99
f 99/99/99 100/100/100 97/97/97
f 97/97/97 101/101/101 70/70/70
f 102/102/102 103/103/103 104/104/104
f 104/104/104 105/105/105 91/91/91
f 91/91/91 73/73/73 104/104/104
f 104/104/104 106/106/106 102/102/102
f 99/99/99 107/107/107 108/108/108
f 108/108/108 109/109/109 110/110/110
f 110/110/110 111/111/111 108/108/108
f 108/108/108 112/112/112 99/99/99
f 113/113/113 114/114/114 115/115/115
f 115/115/115 116/116/116 117/117/117
f 117/117/117 103/103/103 115/115/115
f 115/115/115 118/118/118 113/113/113
f 89/89/89 119/119/119 120/120/120
f 120/120/120 121/121/121 122/122/122
f 122/122/122 107/107/107 120/120/120
f 120/120/120 98/98/98 89/89/89
f 117/117/117 123/123/123 124/124/124
f 124/124/124 125/125/125 126/126/126
f 126/126/126 92/92/92 124/124/124
f 124/124/124 105/105/105 117/117/117
f 122/122/122 127/127/127 128/128/128
f 128/128/128 129/129/129 130/130/130
f 130/130/130 131/131/131 128/128/128
f 128/128/128 109/109/109 122/122/122
f 132/132/132 133/133/133 134/134/134
f 134/134/134 135/135/135 136/136/136
f 136/136/136 123/123/123 134/134/134
f 134/134/134 116/116/116 132/132/132
f 110/110/110 131/131/131 137/137/137
f 137/137/137 138/138/138 139/139/139
f 139/139/139 140/140/140 137/137/137
f 137/137/137 141/141/141 110/110/110
f 142/142/142 143/143/143 144/144/144
f 144/144/144 145/145/145 132/132/132
f 132/132/132 114/114/114 144/144/144
f 144/144/144 146/146/146 142/142/142
f 139/139/139 147/147/147 148/148/148
f 148/148/148 16/16/16 20/20/20
f 20/20/20 149/149/149 148/148/148
f 148/148/148 150/150/150 139/139/139
f 151/151/151 25/25/25 152/152/152
f 152/152/152 24/24/24 153/153/153
f 153/153/153 143/143/143 152/152/152
f 152/152/152 154/154/154 151/151/151
f 130/130/130 155/155/155 156/156/156
f 156/156/156 2/2/2 7/7/7
f 7/7/7 147/147/147 156/156/156
f 156/156/156 138/138/138 130/130/130
f 153/153/153 13/13/13 157/157/157
f 157/157/157 12/12/12 158/158/158
f 158/158/158 133/133/133 157/157/157
f 157/157/157 145/145/145 153/153/153
f 159/159/159 155/155/155 160/160/160
f 160/160/160 129/129/129 161/161/161
f 161/161/161 162/162/162 160/160/160
f 160/160/160 163/163/163 159/159/159
f 164/164/164 165/165/165 166/166/166
f 166/166/166 135/135/135 158/158/158
f 158/158/158 167/167/167 166/166/166
f 166/166/166 168/168/168 164/164/164
f 161/161/161 127/127/127 169/169/169
f 169/169/169 121/121/121 170/170/170
f 170/170/170 171/171/171 169/169/169
f 169/169/169 172/172/172 161/161/161
f 173/173/173 174/174/174 175/175/175
f 175/175/175 125/125/125 136/136/136
f 136/136/136 165/165/165 175/175/175
f 175/175/175 176/176/176 173/173/173
f 170/170/170 119/119/119 177/177/177
f 177/177/177 88/88/88 178/178/178
f 178/178/178 179/179/179 177/177/177
f 177/177/177 180/180/180 170/170/170
f 181/181/181 182/182/182 183/183/183
f 183/183/183 94/94/94 126/126/126
f 126/126/126 174/174/174 183/183/183
f 183/183/183 184/184/184 181/181/181
f 178/178/178 87/87/87 185/185/185
f 87/87/87 186/186/186 185/185/185
f 186/186/186 187/187/187 185/185/185
f 185/185/185 188/188/188 178/178/178
f 189/189/189 190/190/190 191/191/191
f 190/190/190 95/95/95 191/191/191
f 95/95/95 182/182/182 191/191/191
f 191/191/191 192/192/192 189/189/189
f 193/193/193 86/86/86 79/79/79
f 79/79/79 194/194/194 193/193/193
f 193/193/193 195/195/195 196/196/196
f 196/196/196 186/186/186 193/193/193
f 197/197/197 198/198/198 199/199/199
f 199/199/199 83/83/83 197/197/197
f 197/197/197 96/96/96 190/190/190
f 190/190/190 200/200/200 197/197/197
f 201/201/201 78/78/78 49/49/49
f 49/49/49 202/202/202 201/201/201
f 201/201/201 203/203/203 204/204/204
f 204/204/204 194/194/194 201/201/201
f 205/205/205 206/206/206 207/207/207
f 207/207/207 56/56/56 205/205/205
f 205/205/205 84/84/84 199/199/199
f 199/199/199 208/208/208 205/205/205
f 209/209/209 48/48/48 39/39/39
f 39/39/39 210/210/210 209/209/209
f 209/209/209 211/211/211 212/212/212
f 212/212/212 202/202/202 209/209/209
f 213/213/213 214/214/214 215/215/215
f 215/215/215 45/45/45 213/213/213
f 213/213/213 57/57/57 207/207/207
f 207/207/207 216/216/216 213/213/213
f 217/217/217 38/38/38 3/3/3
f 3/3/3 159/159/159 217/217/217
f 217/217/217 163/163/163 218/218/218
f 218/218/218 210/210/210 217/217/217
f 219/219/219 168/168/168 167/167/167
f 167/167/167 11/11/11 219/219/219
f 219/219/219 46/46/46 215/215/215
f 215/215/215 220/220/220 219/219/219
f 221/221/221 222/222/222 223/223/223
f 223/223/223 211/211/211 218/218/218
f 223/223/223 163/163/163 221/221/221
f 224/224/224 168/168/168 220/220/220
f 224/224/224 214/214/214 225/225/225
f 225/225/225 226/226/226 224/224/224
f 227/227/227 203/203/203 212/212/212
f 227/227/227 211/211/211 222/222/222
f 222/222/222 228/228/228 227/227/227
f 229/229/229 225/225/225 230/230/230
f 230/230/230 214/214/214 216/216/216
f 230/230/230 206/206/206 229/229/229
f 228/228/228 231/231/231 232/232/232
f 232/232/232 195/195/195 204/204/204
f 232/232/232 203/203/203 228/228/228
f 233/233/233 206/206/206 208/208/208
f 233/233/233 198/198/198 234/234/234
f 234/234/234 229/229/229 233/233/233
f 231/231/231 235/235/235 236/236/236
f 236/236/236 237/237/237 196/196/196
f 236/236/236 195/195/195 231/231/231
f 238/238/238 198/198/198 200/200/200
f 238/238/238 239/239/239 240/240/240
f 240/240/240 234/234/234 238/238/238
f 235/235/235 241/241/241 242/242/242
f 242/242/242 188/188/188 187/187/187
f 242/242/242 237/237/237 235/235/235
f 243/243/243 239/239/239 189/189/189
f 243/243/243 192/192/192 244/244/244
f 244/244/244 240/240/240 243/243/243
f 241/241/241 245/245/245 246/246/246
f 246/246/246 180/180/180 179/179/179
f 246/246/246 188/188/188 241/241/241
f 247/247/247 192/192/192 181/181/181
f 247/247/247 184/184/184 248/248/248
f 248/248/248 244/244/244 247/247/247
f 245/245/245 249/249/249 250/250/250
f 250/250/250 172/172/172 171/171/171
f 250/250/250 180/180/180 245/245/245
f 251/251/251 184/184/184 173/173/173
f 251/251/251 176/176/176 252/252/252
f 252/252/252 248/248/248 251/251/251
f 249/249/249 221/221/221 253/253/253
f 253/253/253 163/163/163 162/162/162
f 253/253/253 172/172/172 249/249/249
f 254/254/254 176/176/176 164/164/164
f 254/254/254 168/168/168 226/226/226
f 226/226/226 252/252/252 254/254/254
f 255/255/255 256/256/256 257/257/257
f 257/257/257 258/258/258 259/259/259
f 259/259/259 260/260/260 257/257/257
f 257/257/257 261/261/261 255/255/255
f 260/260/260 262/262/262 263/263/263
f 263/263/263 264/264/264 265/265/265
f 265/265/265 266/266/266 263/263/263
f 263/263/263 261/261/261 260/260/260
f 267/267/267 268/268/268 269/269/269
f 269/269/269 270/270/270 271/271/271
f 271/271/271 256/256/256 269/269/269
f 269/269/269 272/272/272 267/267/267
f 265/265/265 273/273/273 274/274/274
f 274/274/274 275/275/275 276/276/276
f 276/276/276 277/277/277 274/274/274
f 274/274/274 278/278/278 265/265/265
f 279/279/279 280/280/280 281/281/281
f 281/281/281 282/282/282 279/279/279
f 279/279/279 270/270/270 268/268/268
f 279/279/279 283/283/283 284/284/284
f 285/285/285 275/275/275 286/286/286
f 286/286/286 287/287/287 285/285/285
f 285/285/285 288/288/288 289/289/289
f 285/285/285 290/290/290 276/276/276
f 291/291/291 292/292/292 293/293/293
f 292/292/292 294/294/294 293/293/293
f 293/293/293 295/295/295 281/281/281
f 281/281/281 291/291/291 293/293/293
f 296/296/296 297/297/297 298/298/298
f 298/298/298 299/299/299 296/296/296
f 299/299/299 300/300/300 296/296/296
f 300/300/300 287/287/287 296/296/296
f 301/301/301 302/302/302 303/303/303
f 302/302/302 304/304/304 303/303/303
f 303/303/303 305/305/305 292/292/292
f 303/303/303 306/306/306 301/301/301
f 307/307/307 308/308/308 309/309/309
f 309/309/309 310/310/310 307/307/307
f 310/310/310 311/311/311 307/307/307
f 307/307/307 312/312/312 299/299/299
f 313/313/313 314/314/314 315/315/315
f 315/315/315 316/316/316 313/313/313
f 313/313/313 317/317/317 318/318/318
f 318/318/318 319/319/319 313/313/313
f 320/320/320 321/321/321 322/322/322
f 322/322/322 323/323/323 320/320/320
f 320/320/320 324/324/324 325/325/325
f 325/325/325 326/326/326 320/320/320
f 327/327/327 328/328/328 329/329/329
f 327/327/327 330/330/330 331/331/331
f 327/327/327 332/332/332 333/333/333
f 333/333/333 316/316/316 327/327/327
f 334/334/334 335/335/335 336/336/336
f 334/334/334 337/337/337 338/338/338
f 334/334/334 339/339/339 322/322/322
f 322/322/322 340/340/340 334/334/334
f 341/341/341 330/330/330 342/342/342
f 342/342/342 343/343/343 341/341/341
f 341/341/341 344/344/344 345/345/345
f 345/345/345 331/331/331 341/341/341
f 346/346/346 347/347/347 348/348/348
f 348/348/348 349/349/349 346/346/346
f 346/346/346 337/337/337 336/336/336
f 336/336/336 350/350/350 346/346/346
f 343/343/343 351/351/351 352/352/352
f 352/352/352 353/353/353 354/354/354
f 354/354/354 355/355/355 352/352/352
f 352/352/352 344/344/344 343/343/343
f 356/356/356 357/357/357 358/358/358
f 358/358/358 359/359/359 360/360/360
f 360/360/360 348/348/348 358/358/358
f 358/358/358 347/347/347 356/356/356
f 354/354/354 361/361/361 362/362/362
f 362/362/362 363/363/363 364/364/364
f 364/364/364 365/365/365 362/362/362
f 362/362/362 366/366/366 354/354/354
f 367/367/367 368/368/368 369/369/369
f 369/369/369 370/370/370 371/371/371
f 371/371/371 357/357/357 369/369/369
f 369/369/369 372/372/372 367/367/367
f 364/364/364 373/373/373 374/374/374
f 374/374/374 375/375/375 376/376/376
f 376/376/376 377/377/377 374/374/374
f 374/374/374 378/378/378 364/364/364
f 379/379/379 380/380/380 381/381/381
f 381/381/381 382/382/382 383/383/383
f 383/383/383 368/368/368 381/381/381
f 381/381/381 384/384/384 379/379/379
f 376/376/376 385/385/385 386/386/386
f 386/386/386 387/387/387 388/388/388
f 386/386/386 389/389/389 390/390/390
f 390/390/390 376/376/376 386/386/386
f 391/391/391 392/392/392 393/393/393
f 391/391/391 394/394/394 395/395/395
f 395/395/395 380/380/380 391/391/391
f 380/380/380 396/396/396 391/391/391
f 388/388/388 397/397/397 398/398/398
f 398/398/398 399/399/399 400/400/400
f 400/400/400 401/401/401 398/398/398
f 401/401/401 388/388/388 398/398/398
f 402/402/402 403/403/403 404/404/404
f 404/404/404 405/405/405 406/406/406
f 406/406/406 393/393/393 404/404/404
f 393/393/393 402/402/402 404/404/404
f 400/400/400 407/407/407 408/408/408
f 408/408/408 409/409/409 410/410/410
f 410/410/410 411/411/411 408/408/408
f 408/408/408 412/412/412 400/400/400
f 413/413/413 414/414/414 415/415/415
f 415/415/415 416/416/416 417/417/417
f 417/417/417 403/403/403 415/415/415
f 415/415/415 418/418/418 413/413/413
f 410/410/410 419/419/419 420/420/420
f 420/420/420 421/421/421 422/422/422
f 422/422/422 423/423/423 420/420/420
f 420/420/420 424/424/424 410/410/410
f 425/425/425 422/422/422 426/426/426
f 426/426/426 421/421/421 427/427/427
f 427/427/427 414/414/414 426/426/426
f 426/426/426 428/428/428 425/425/425
f 429/429/429 430/430/430 431/431/431
f 431/431/431 432/432/432 433/433/433
f 433/433/433 411/411/411 431/431/431
f 431/431/431 424/424/424 429/429/429
f 413/413/413 434/434/434 435/435/435
f 435/435/435 436/436/436 437/437/437
f 437/437/437 438/438/438 435/435/435
f 435/435/435 428/428/428 413/413/413
f 433/433/433 439/439/439 440/440/440
f 439/439/439 441/441/441 440/440/440
f 440/440/440 389/389/389 401/401/401
f 440/440/440 412/412/412 433/433/433
f 442/442/442 392/392/392 443/443/443
f 443/443/443 444/444/444 442/442/442
f 444/444/444 434/434/434 442/442/442
f 442/442/442 418/418/418 402/402/402
f 445/445/445 446/446/446 447/447/447
f 447/447/447 448/448/448 390/390/390
f 390/390/390 441/441/441 447/447/447
f 447/447/447 449/449/449 445/445/445
f 443/443/443 396/396/396 450/450/450
f 450/450/450 451/451/451 452/452/452
f 452/452/452 453/453/453 450/450/450
f 450/450/450 454/454/454 443/443/443
f 455/455/455 456/456/456 457/457/457
f 457/457/457 377/377/377 455/455/455
f 377/377/377 446/446/446 455/455/455
f 455/455/455 458/458/458 459/459/459
f 452/452/452 379/379/379 460/460/460
f 379/379/379 461/461/461 460/460/460
f 460/460/460 462/462/462 463/463/463
f 460/460/460 464/464/464 452/452/452
f 465/465/465 466/466/466 467/467/467
f 467/467/467 366/366/366 365/365/365
f 467/467/467 378/378/378 457/457/457
f 457/457/457 465/465/465 467/467/467
f 468/468/468 384/384/384 367/367/367
f 468/468/468 372/372/372 469/469/469
f 469/469/469 470/470/470 468/468/468
f 470/470/470 461/461/461 468/468/468
f 471/471/471 472/472/472 473/473/473
f 473/473/473 344/344/344 355/355/355
f 355/355/355 466/466/466 473/473/473
f 473/473/473 474/474/474 471/471/471
f 469/469/469 356/356/356 475/475/475
f 475/475/475 347/347/347 476/476/476
f 476/476/476 477/477/477 475/475/475
f 475/475/475 478/478/478 469/469/469
f 479/479/479 480/480/480 481/481/481
f 481/481/481 332/332/332 345/345/345
f 345/345/345 472/472/472 481/481/481
f 481/481/481 482/482/482 479/479/479
f 476/476/476 350/350/350 483/483/483
f 483/483/483 335/335/335 484/484/484
f 484/484/484 485/485/485 483/483/483
f 483/483/483 486/486/486 476/476/476
f 487/487/487 488/488/488 489/489/489
f 489/489/489 317/317/317 333/333/333
f 333/333/333 480/480/480 489/489/489
f 489/489/489 490/490/490 487/487/487
f 484/484/484 340/340/340 491/491/491
f 491/491/491 321/321/321 492/492/492
f 492/492/492 493/493/493 491/491/491
f 491/491/491 494/494/494 484/484/484
f 495/495/495 496/496/496 497/497/497
f 497/497/497 318/318/318 495/495/495
f 318/318/318 488/488/488 495/495/495
f 495/495/495 498/498/498 499/499/499
f 492/492/492 326/326/326 500/500/500
f 326/326/326 501/501/501 500/500/500
f 500/500/500 502/502/502 503/503/503
f 500/500/500 504/504/504 492/492/492
f 505/505/505 496/496/496 506/506/506
f 506/506/506 507/507/507 505/505/505
f 505/505/505 508/508/508 509/509/509
f 509/509/509 497/497/497 505/505/505
f 510/510/510 508/508/508 511/511/511
f 511/511/511 512/512/512 510/510/510
f 510/510/510 502/502/502 501/501/501
f 501/501/501 513/513/513 510/510/510
f 514/514/514 429/429/429 515/515/515
f 515/515/515 424/424/424 423/423/423
f 423/423/423 516/516/516 515/515/515
f 515/515/515 517/517/517 514/514/514
f 518/518/518 425/425/425 519/519/519
f 519/519/519 428/428/428 438/438/438
f 438/438/438 520/520/520 519/519/519
f 519/519/519 521/521/521 518/518/518
f 522/522/522 517/517/517 516/516/516
f 516/516/516 523/523/523 522/522/522
f 522/522/522 524/524/524 525/525/525
f 525/525/525 526/526/526 522/522/522
f 527/527/527 524/524/524 523/523/523
f 523/523/523 518/518/518 527/527/527
f 527/527/527 521/521/521 528/528/528
f 528/528/528 529/529/529 527/527/527
f 530/530/530 507/507/507 531/531/531
f 531/531/531 532/532/532 533/533/533
f 533/533/533 525/525/525 531/531/531
f 531/531/531 524/524/524 530/530/530
f 529/529/529 534/534/534 535/535/535
f 535/535/535 536/536/536 511/511/511
f 511/511/511 530/530/530 535/535/535
f 535/535/535 524/524/524 529/529/529
f 537/537/537 538/538/538 539/539/539
f 539/539/539 540/540/540 537/537/537
f 537/537/537 541/541/541 259/259/259
f 259/259/259 542/542/542 537/537/537
f 543/543/543 541/541/541 540/540/540
f 540/540/540 544/544/544 543/543/543
f 543/543/543 545/545/545 546/546/546
f 546/546/546 262/262/262 543/543/543
f 547/547/547 548/548/548 549/549/549
f 549/549/549 542/542/542 547/547/547
f 547/547/547 258/258/258 271/271/271
f 271/271/271 550/550/550 547/547/547
f 551/551/551 264/264/264 546/546/546
f 546/546/546 552/552/552 551/551/551
f 551/551/551 553/553/553 554/554/554
f 554/554/554 273/273/273 551/551/551
f 555/555/555 556/556/556 557/557/557
f 557/557/557 548/548/548 550/550/550
f 550/550/550 282/282/282 557/557/557
f 557/557/557 295/295/295 555/555/555
f 286/286/286 554/554/554 558/558/558
f 558/558/558 553/553/553 559/559/559
f 559/559/559 560/560/560 558/558/558
f 558/558/558 297/297/297 286/286/286
f 561/561/561 562/562/562 563/563/563
f 563/563/563 564/564/564 561/561/561
f 561/561/561 565/565/565 566/566/566
f 566/566/566 304/304/304 561/561/561
f 567/567/567 568/568/568 569/569/569
f 569/569/569 570/570/570 567/567/567
f 567/567/567 571/571/571 309/309/309
f 309/309/309 572/572/572 567/567/567
f 573/573/573 574/574/574 555/555/555
f 555/555/555 294/294/294 573/573/573
f 573/573/573 305/305/305 566/566/566
f 566/566/566 575/575/575 573/573/573
f 576/576/576 308/308/308 298/298/298
f 298/298/298 560/560/560 576/576/576
f 576/576/576 577/577/577 578/578/578
f 578/578/578 572/572/572 576/576/576
f 579/579/579 580/580/580 581/581/581
f 581/581/581 582/582/582 583/583/583
f 583/583/583 584/584/584 581/581/581
f 581/581/581 585/585/585 579/579/579
f 586/586/586 583/583/583 587/587/587
f 587/587/587 582/582/582 588/588/588
f 588/588/588 589/589/589 587/587/587
f 587/587/587 590/590/590 586/586/586
f 591/591/591 564/564/564 592/592/592
f 592/592/592 585/585/585 584/584/584
f 584/584/584 593/593/593 592/592/592
f 592/592/592 594/594/594 591/591/591
f 593/593/593 586/586/586 595/595/595
f 595/595/595 590/590/590 569/569/569
f 569/569/569 596/596/596 595/595/595
f 595/595/595 594/594/594 593/593/593
f 597/597/597 598/598/598 599/599/599
f 599/599/599 574/574/574 575/575/575
f 599/599/599 565/565/565 591/591/591
f 599/599/599 594/594/594 597/597/597
f 600/600/600 568/568/568 578/578/578
f 600/600/600 577/577/577 601/601/601
f 601/601/601 597/597/597 600/600/600
f 600/600/600 594/594/594 596/596/596
f 602/602/602 603/603/603 604/604/604
f 604/604/604 605/605/605 602/602/602
f 602/602/602 606/606/606 607/607/607
f 607/607/607 608/608/608 602/602/602
f 609/609/609 610/610/610 611/611/611
f 611/611/611 612/612/612 609/609/609
f 609/609/609 613/613/613 614/614/614
f 614/614/614 615/615/615 609/609/609
f 616/616/616 617/617/617 618/618/618
f 618/618/618 619/619/619 620/620/620
f 620/620/620 604/604/604 618/618/618
f 604/604/604 616/616/616 618/618/618
f 612/612/612 621/621/621 622/622/622
f 622/622/622 623/623/623 624/624/624
f 624/624/624 625/625/625 622/622/622
f 625/625/625 612/612/612 622/622/622
f 626/626/626 627/627/627 628/628/628
f 628/628/628 629/629/629 630/630/630
f 630/630/630 617/617/617 628/628/628
f 628/628/628 631/631/631 626/626/626
f 624/624/624 632/632/632 633/633/633
f 633/633/633 634/634/634 635/635/635
f 635/635/635 636/636/636 633/633/633
f 633/633/633 637/637/637 624/624/624
f 638/638/638 639/639/639 640/640/640
f 638/638/638 641/641/641 642/642/642
f 642/642/642 627/627/627 638/638/638
f 638/638/638 643/643/643 644/644/644
f 635/635/635 645/645/645 646/646/646
f 646/646/646 641/641/641 640/640/640
f 646/646/646 639/639/639 644/644/644
f 646/646/646 643/643/643 635/635/635
f 647/647/647 580/580/580 648/648/648
f 648/648/648 649/649/649 607/607/607
f 607/607/607 650/650/650 648/648/648
f 648/648/648 651/651/651 647/647/647
f 652/652/652 615/615/615 653/653/653
f 653/653/653 654/654/654 588/588/588
f 588/588/588 647/647/647 653/653/653
f 653/653/653 651/651/651 652/652/652
f 655/655/655 650/650/650 656/656/656
f 656/656/656 606/606/606 657/657/657
f 656/656/656 658/658/658 659/659/659
f 656/656/656 660/660/660 655/655/655
f 661/661/661 662/662/662 663/663/663
f 661/661/661 610/610/610 652/652/652
f 652/652/652 655/655/655 661/661/661
f 661/661/661 660/660/660 664/664/664
f 665/665/665 641/641/641 666/666/666
f 666/666/666 667/667/667 665/665/665
f 665/665/665 668/668/668 669/669/669
f 669/669/669 642/642/642 665/665/665
f 670/670/670 671/671/671 672/672/672
f 672/672/672 666/666/666 670/670/670
f 670/670/670 641/641/641 645/645/645
f 645/645/645 673/673/673 670/670/670
f 630/630/630 669/669/669 674/674/674
f 669/669/669 675/675/675 674/674/674
f 675/675/675 676/676/676 674/674/674
f 674/674/674 619/619/619 630/630/630
f 677/677/677 678/678/678 679/679/679
f 678/678/678 673/673/673 679/679/679
f 673/673/673 632/632/632 679/679/679
f 679/679/679 623/623/623 677/677/677
f 620/620/620 676/676/676 680/680/680
f 680/680/680 681/681/681 682/682/682
f 682/682/682 683/683/683 680/680/680
f 680/680/680 684/684/684 620/620/620
f 685/685/685 686/686/686 687/687/687
f 687/687/687 688/688/688 677/677/677
f 677/677/677 621/621/621 687/687/687
f 687/687/687 689/689/689 685/685/685
f 690/690/690 684/684/684 683/683/683
f 690/690/690 691/691/691 692/692/692
f 692/692/692 657/657/657 690/690/690
f 657/657/657 605/605/605 690/690/690
f 663/663/663 693/693/693 694/694/694
f 694/694/694 695/695/695 685/685/685
f 694/694/694 689/689/689 611/611/611
f 611/611/611 663/663/663 694/694/694
f 667/667/667 696/696/696 697/697/697
f 697/697/697 691/691/691 682/682/682
f 697/697/697 681/681/681 675/675/675
f 697/697/697 668/668/668 667/667/667
f 698/698/698 688/688/688 686/686/686
f 698/698/698 695/695/695 699/699/699
f 699/699/699 672/672/672 698/698/698
f 698/698/698 671/671/671 678/678/678
f 700/700/700 701/701/701 702/702/702
f 702/702/702 659/659/659 700/700/700
f 700/700/700 658/658/658 692/692/692
f 692/692/692 696/696/696 700/700/700
f 703/703/703 662/662/662 664/664/664
f 664/664/664 702/702/702 703/703/703
f 703/703/703 701/701/701 699/699/699
f 699/699/699 693/693/693 703/703/703
f 704/704/704 643/643/643 626/626/626
f 626/626/626 705/705/705 704/704/704
f 704/704/704 706/706/706 509/509/509
f 509/509/509 707/707/707 704/704/704
f 708/708/708 709/709/709 710/710/710
f 710/710/710 636/636/636 708/708/708
f 708/708/708 643/643/643 707/707/707
f 707/707/707 513/513/513 708/708/708
f 711/711/711 631/631/631 616/616/616
f 711/711/711 603/603/603 712/712/712
f 712/712/712 713/713/713 711/711/711
f 711/711/711 706/706/706 705/705/705
f 714/714/714 715/715/715 716/716/716
f 716/716/716 613/613/613 625/625/625
f 716/716/716 637/637/637 710/710/710
f 716/716/716 709/709/709 714/714/714
f 712/712/712 608/608/608 717/717/717
f 608/608/608 718/718/718 717/717/717
f 718/718/718 719/719/719 717/717/717
f 717/717/717 720/720/720 712/712/712
f 721/721/721 722/722/722 723/723/723
f 722/722/722 614/614/614 723/723/723
f 614/614/614 715/715/715 723/723/723
f 723/723/723 724/724/724 721/721/721
f 718/718/718 579/579/579 725/725/725
f 725/725/725 585/585/585 563/563/563
f 563/563/563 726/726/726 725/725/725
f 725/725/725 727/727/727 718/718/718
f 728/728/728 570/570/570 729/729/729
f 729/729/729 590/590/590 589/589/589
f 589/589/589 722/722/722 729/729/729
f 729/729/729 730/730/730 728/728/728
f 731/731/731 732/732/732 733/733/733
f 733/733/733 734/734/734 731/731/731
f 734/734/734 726/726/726 731/731/731
f 731/731/731 562/562/562 302/302/302
f 728/728/728 735/735/735 736/736/736
f 735/735/735 737/737/737 736/736/736
f 736/736/736 738/738/738 310/310/310
f 736/736/736 571/571/571 728/728/728
f 734/734/734 739/739/739 740/740/740
f 740/740/740 741/741/741 742/742/742
f 742/742/742 719/719/719 740/740/740
f 740/740/740 727/727/727 734/734/734
f 721/721/721 743/743/743 744/744/744
f 744/744/744 745/745/745 746/746/746
f 746/746/746 735/735/735 744/744/744
f 744/744/744 730/730/730 721/721/721
f 747/747/747 314/314/314 319/319/319
f 319/319/319 713/713/713 747/747/747
f 747/747/747 720/720/720 742/742/742
f 742/742/742 748/748/748 747/747/747
f 749/749/749 724/724/724 714/714/714
f 714/714/714 325/325/325 749/749/749
f 749/749/749 324/324/324 750/750/750
f 750/750/750 743/743/743 749/749/749
f 751/751/751 598/598/598 752/752/752
f 752/752/752 753/753/753 754/754/754
f 754/754/754 755/755/755 752/752/752
f 752/752/752 756/756/756 751/751/751
f 757/757/757 754/754/754 758/758/758
f 758/758/758 753/753/753 601/601/601
f 601/601/601 759/759/759 758/758/758
f 758/758/758 760/760/760 757/757/757
f 761/761/761 556/556/556 762/762/762
f 762/762/762 574/574/574 751/751/751
f 762/762/762 756/756/756 763/763/763
f 763/763/763 761/761/761 762/762/762
f 764/764/764 760/760/760 759/759/759
f 764/764/764 577/577/577 559/559/559
f 559/559/559 765/765/765 764/764/764
f 765/765/765 766/766/766 764/764/764
f 767/767/767 538/538/538 549/549/549
f 767/767/767 548/548/548 761/761/761
f 767/767/767 768/768/768 769/769/769
f 769/769/769 770/770/770 767/767/767
f 771/771/771 772/772/772 765/765/765
f 771/771/771 553/553/553 552/552/552
f 771/771/771 545/545/545 773/773/773
f 773/773/773 774/774/774 771/771/771
f 775/775/775 776/776/776 539/539/539
f 539/539/539 770/770/770 775/775/775
f 775/775/775 777/777/777 778/778/778
f 778/778/778 779/779/779 775/775/775
f 780/780/780 781/781/781 773/773/773
f 773/773/773 544/544/544 780/780/780
f 780/780/780 776/776/776 779/779/779
f 779/779/779 782/782/782 780/780/780
f 783/783/783 778/778/778 784/784/784
f 778/778/778 785/785/785 784/784/784
f 785/785/785 786/786/786 784/784/784
f 784/784/784 787/787/787 783/783/783
f 788/788/788 789/789/789 790/790/790
f 789/789/789 782/782/782 790/790/790
f 782/782/782 783/783/783 790/790/790
f 790/790/790 787/787/787 788/788/788
f 791/791/791 777/777/777 769/769/769
f 769/769/769 792/792/792 791/791/791
f 791/791/791 793/793/793 794/794/794
f 791/791/791 795/795/795 785/785/785
f 796/796/796 797/797/797 798/798/798
f 798/798/798 774/774/774 796/796/796
f 796/796/796 781/781/781 789/789/789
f 796/796/796 799/799/799 800/800/800
f 801/801/801 768/768/768 763/763/763
f 763/763/763 802/802/802 801/801/801
f 801/801/801 803/803/803 804/804/804
f 804/804/804 792/792/792 801/801/801
f 805/805/805 806/806/806 807/807/807
f 807/807/807 766/766/766 805/805/805
f 805/805/805 772/772/772 798/798/798
f 798/798/798 808/808/808 805/805/805
f 802/802/802 755/755/755 809/809/809
f 809/809/809 810/810/810 811/811/811
f 811/811/811 812/812/812 809/809/809
f 809/809/809 803/803/803 802/802/802
f 813/813/813 811/811/811 814/814/814
f 814/814/814 810/810/810 757/757/757
f 757/757/757 807/807/807 814/814/814
f 814/814/814 806/806/806 813/813/813
f 815/815/815 816/816/816 817/817/817
f 817/817/817 786/786/786 815/815/815
f 815/815/815 795/795/795 818/818/818
f 818/818/818 812/812/812 815/815/815
f 819/819/819 799/799/799 788/788/788
f 788/788/788 817/817/817 819/819/819
f 819/819/819 816/816/816 813/813/813
f 813/813/813 820/820/820 819/819/819
f 804/804/804 818/818/818 821/821/821
f 818/818/818 794/794/794 821/821/821
f 821/821/821 793/793/793 804/804/804
f 822/822/822 797/797/797 800/800/800
f 800/800/800 820/820/820 822/822/822
f 820/820/820 808/808/808 822/822/822
f 823/823/823 824/824/824 533/533/533
f 533/533/533 825/825/825 823/823/823
f 823/823/823 826/826/826 827/827/827
f 827/827/827 828/828/828 823/823/823
f 829/829/829 830/830/830 831/831/831
f 831/831/831 534/534/534 829/829/829
f 829/829/829 832/832/832 833/833/833
f 833/833/833 834/834/834 829/829/829
f 835/835/835 526/526/526 836/836/836
f 836/836/836 824/824/824 828/828/828
f 836/836/836 837/837/837 838/838/838
f 838/838/838 835/835/835 836/836/836
f 839/839/839 840/840/840 833/833/833
f 839/839/839 832/832/832 528/528/528
f 528/528/528 841/841/841 839/839/839
f 841/841/841 842/842/842 839/839/839
f 843/843/843 844/844/844 514/514/514
f 843/843/843 517/517/517 835/835/835
f 843/843/843 845/845/845 846/846/846
f 843/843/843 847/847/847 848/848/848
f 849/849/849 850/850/850 841/841/841
f 849/849/849 521/521/521 520/520/520
f 849/849/849 851/851/851 852/852/852
f 849/849/849 853/853/853 854/854/854
f 855/855/855 532/532/532 506/506/506
f 855/855/855 496/496/496 856/856/856
f 856/856/856 857/857/857 855/855/855
f 857/857/857 825/825/825 855/855/855
f 858/858/858 859/859/859 860/860/860
f 860/860/860 502/502/502 512/512/512
f 860/860/860 536/536/536 831/831/831
f 831/831/831 858/858/858 860/860/860
f 861/861/861 496/496/496 499/499/499
f 499/499/499 862/862/862 861/861/861
f 861/861/861 863/863/863 864/864/864
f 864/864/864 856/856/856 861/861/861
f 865/865/865 866/866/866 867/867/867
f 867/867/867 503/503/503 865/865/865
f 865/865/865 502/502/502 859/859/859
f 859/859/859 868/868/868 865/865/865
f 869/869/869 498/498/498 487/487/487
f 487/487/487 870/870/870 869/869/869
f 869/869/869 871/871/871 872/872/872
f 872/872/872 862/862/862 869/869/869
f 873/873/873 874/874/874 875/875/875
f 875/875/875 493/493/493 873/873/873
f 873/873/873 504/504/504 867/867/867
f 867/867/867 876/876/876 873/873/873
f 877/877/877 490/490/490 479/479/479
f 479/479/479 878/878/878 877/877/877
f 877/877/877 879/879/879 880/880/880
f 880/880/880 870/870/870 877/877/877
f 881/881/881 882/882/882 883/883/883
f 883/883/883 485/485/485 881/881/881
f 881/881/881 494/494/494 875/875/875
f 875/875/875 884/884/884 881/881/881
f 885/885/885 482/482/482 471/471/471
f 471/471/471 886/886/886 885/885/885
f 885/885/885 887/887/887 888/888/888
f 888/888/888 878/878/878 885/885/885
f 889/889/889 890/890/890 891/891/891
f 891/891/891 477/477/477 889/889/889
f 889/889/889 486/486/486 883/883/883
f 883/883/883 892/892/892 889/889/889
f 893/893/893 474/474/474 465/465/465
f 893/893/893 456/456/456 894/894/894
f 894/894/894 895/895/895 893/893/893
f 893/893/893 887/887/887 886/886/886
f 896/896/896 897/897/897 898/898/898
f 898/898/898 462/462/462 470/470/470
f 898/898/898 478/478/478 891/891/891
f 898/898/898 890/890/890 896/896/896
f 894/894/894 459/459/459 899/899/899
f 899/899/899 458/458/458 900/900/900
f 900/900/900 901/901/901 899/899/899
f 899/899/899 902/902/902 894/894/894
f 903/903/903 904/904/904 905/905/905
f 905/905/905 464/464/464 463/463/463
f 463/463/463 897/897/897 905/905/905
f 905/905/905 906/906/906 903/903/903
f 907/907/907 458/458/458 445/445/445
f 445/445/445 908/908/908 907/907/907
f 907/907/907 909/909/909 910/910/910
f 910/910/910 900/900/900 907/907/907
f 911/911/911 912/912/912 913/913/913
f 913/913/913 453/453/453 911/911/911
f 911/911/911 464/464/464 904/904/904
f 904/904/904 914/914/914 911/911/911
f 915/915/915 449/449/449 439/439/439
f 439/439/439 916/916/916 915/915/915
f 915/915/915 917/917/917 918/918/918
f 918/918/918 908/908/908 915/915/915
f 919/919/919 920/920/920 921/921/921
f 921/921/921 444/444/444 919/919/919
f 919/919/919 454/454/454 913/913/913
f 913/913/913 922/922/922 919/919/919
f 923/923/923 432/432/432 430/430/430
f 430/430/430 848/848/848 923/923/923
f 923/923/923 847/847/847 924/924/924
f 924/924/924 916/916/916 923/923/923
f 925/925/925 853/853/853 852/852/852
f 852/852/852 437/437/437 925/925/925
f 925/925/925 436/436/436 921/921/921
f 921/921/921 926/926/926 925/925/925
f 927/927/927 917/917/917 924/924/924
f 924/924/924 928/928/928 927/927/927
f 928/928/928 929/929/929 927/927/927
f 927/927/927 930/930/930 931/931/931
f 932/932/932 933/933/933 934/934/934
f 933/933/933 926/926/926 934/934/934
f 934/934/934 920/920/920 935/935/935
f 934/934/934 936/936/936 932/932/932
f 937/937/937 909/909/909 918/918/918
f 918/918/918 931/931/931 937/937/937
f 937/937/937 930/930/930 938/938/938
f 938/938/938 939/939/939 937/937/937
f 940/940/940 936/936/936 935/935/935
f 935/935/935 922/922/922 940/940/940
f 940/940/940 912/912/912 941/941/941
f 941/941/941 942/942/942 940/940/940
f 943/943/943 944/944/944 910/910/910
f 910/910/910 939/939/939 943/943/943
f 943/943/943 945/945/945 946/946/946
f 946/946/946 947/947/947 943/943/943
f 948/948/948 949/949/949 941/941/941
f 941/941/941 914/914/914 948/948/948
f 948/948/948 950/950/950 951/951/951
f 951/951/951 952/952/952 948/948/948
f 953/953/953 901/901/901 954/954/954
f 954/954/954 944/944/944 947/947/947
f 947/947/947 955/955/955 954/954/954
f 954/954/954 956/956/956 953/953/953
f 957/957/957 951/951/951 958/958/958
f 958/958/958 950/950/950 903/903/903
f 903/903/903 959/959/959 958/958/958
f 958/958/958 960/960/960 957/957/957
f 961/961/961 887/887/887 895/895/895
f 961/961/961 902/902/902 953/953/953
f 953/953/953 962/962/962 961/961/961
f 962/962/962 963/963/963 961/961/961
f 964/964/964 959/959/959 965/965/965
f 965/965/965 906/906/906 896/896/896
f 965/965/965 890/890/890 966/966/966
f 966/966/966 964/964/964 965/965/965
f 967/967/967 879/879/879 888/888/888
f 888/888/888 963/963/963 967/967/967
f 967/967/967 968/968/968 969/969/969
f 969/969/969 970/970/970 967/967/967
f 971/971/971 972/972/972 966/966/966
f 966/966/966 892/892/892 971/971/971
f 971/971/971 882/882/882 973/973/973
f 973/973/973 974/974/974 971/971/971
f 975/975/975 871/871/871 880/880/880
f 880/880/880 970/970/970 975/975/975
f 975/975/975 976/976/976 977/977/977
f 977/977/977 978/978/978 975/975/975
f 979/979/979 980/980/980 973/973/973
f 973/973/973 884/884/884 979/979/979
f 979/979/979 874/874/874 981/981/981
f 981/981/981 982/982/982 979/979/979
f 983/983/983 872/872/872 984/984/984
f 984/984/984 871/871/871 978/978/978
f 978/978/978 985/985/985 984/984/984
f 984/984/984 986/986/986 983/983/983
f 987/987/987 981/981/981 988/988/988
f 988/988/988 874/874/874 876/876/876
f 876/876/876 989/989/989 988/988/988
f 988/988/988 990/990/990 987/987/987
f 991/991/991 864/864/864 992/992/992
f 992/992/992 863/863/863 983/983/983
f 983/983/983 993/993/993 992/992/992
f 992/992/992 994/994/994 991/991/991
f 995/995/995 989/989/989 996/996/996
f 996/996/996 866/866/866 868/868/868
f 868/868/868 997/997/997 996/996/996
f 996/996/996 998/998/998 995/995/995
f 999/999/999 826/826/826 857/857/857
f 999/999/999 1000/1000/1000 991/991/991
f 991/991/991 1001/1001/1001 999/999/999
f 1001/1001/1001 1002/1002/1002 999/999/999
f 1003/1003/1003 997/997/997 1004/1004/1004
f 1004/1004/1004 1005/1005/1005 858/858/858
f 1004/1004/1004 830/830/830 1006/1006/1006
f 1006/1006/1006 1003/1003/1003 1004/1004/1004
f 1007/1007/1007 847/847/847 846/846/846
f 846/846/846 1008/1008/1008 1007/1007/1007
f 1007/1007/1007 1009/1009/1009 1010/1010/1010
f 1010/1010/1010 928/928/928 1007/1007/1007
f 1011/1011/1011 1012/1012/1012 1013/1013/1013
f 1013/1013/1013 854/854/854 1011/1011/1011
f 1011/1011/1011 853/853/853 933/933/933
f 933/933/933 1014/1014/1014 1011/1011/1011
f 1015/1015/1015 845/845/845 838/838/838
f 838/838/838 1016/1016/1016 1015/1015/1015
f 1015/1015/1015 1017/1017/1017 1018/1018/1018
f 1018/1018/1018 1008/1008/1008 1015/1015/1015
f 1019/1019/1019 1020/1020/1020 1021/1021/1021
f 1021/1021/1021 842/842/842 1019/1019/1019
f 1019/1019/1019 850/850/850 1013/1013/1013
f 1013/1013/1013 1022/1022/1022 1019/1019/1019
f 1023/1023/1023 837/837/837 827/827/827
f 827/827/827 1002/1002/1002 1023/1023/1023
f 1023/1023/1023 1024/1024/1024 1025/1025/1025
f 1025/1025/1025 1016/1016/1016 1023/1023/1023
f 1026/1026/1026 1027/1027/1027 1006/1006/1006
f 1006/1006/1006 834/834/834 1026/1026/1026
f 1026/1026/1026 840/840/840 1021/1021/1021
f 1021/1021/1021 1028/1028/1028 1026/1026/1026
f 1029/1029/1029 421/421/421 419/419/419
f 419/419/419 1030/1030/1030 1029/1029/1029
f 1030/1030/1030 1031/1031/1031 1029/1029/1029
f 1029/1029/1029 1032/1032/1032 1033/1033/1033
f 1034/1034/1034 1035/1035/1035 1036/1036/1036
f 1035/1035/1035 427/427/427 1036/1036/1036
f 1036/1036/1036 421/421/421 1033/1033/1033
f 1036/1036/1036 1032/1032/1032 1034/1034/1034
f 1037/1037/1037 409/409/409 407/407/407
f 407/407/407 1038/1038/1038 1037/1037/1037
f 1037/1037/1037 1039/1039/1039 1040/1040/1040
f 1037/1037/1037 1041/1041/1041 1030/1030/1030
f 1042/1042/1042 1043/1043/1043 1044/1044/1044
f 1044/1044/1044 417/417/417 1042/1042/1042
f 1042/1042/1042 416/416/416 1035/1035/1035
f 1042/1042/1042 1045/1045/1045 1046/1046/1046
f 1038/1038/1038 397/397/397 1047/1047/1047
f 1047/1047/1047 387/387/387 1048/1048/1048
f 1048/1048/1048 1049/1049/1049 1047/1047/1047
f 1047/1047/1047 1039/1039/1039 1038/1038/1038
f 1050/1050/1050 1051/1051/1051 1052/1052/1052
f 1052/1052/1052 394/394/394 406/406/406
f 406/406/406 1044/1044/1044 1052/1052/1052
f 1052/1052/1052 1043/1043/1043 1050/1050/1050
f 1048/1048/1048 385/385/385 1053/1053/1053
f 1053/1053/1053 375/375/375 1054/1054/1054
f 1054/1054/1054 1055/1055/1055 1053/1053/1053
f 1053/1053/1053 1056/1056/1056 1048/1048/1048
f 1057/1057/1057 1058/1058/1058 1059/1059/1059
f 1059/1059/1059 382/382/382 395/395/395
f 395/395/395 1051/1051/1051 1059/1059/1059
f 1059/1059/1059 1060/1060/1060 1057/1057/1057
f 1054/1054/1054 373/373/373 1061/1061/1061
f 1061/1061/1061 363/363/363 1062/1062/1062
f 1062/1062/1062 1063/1063/1063 1061/1061/1061
f 1061/1061/1061 1064/1064/1064 1054/1054/1054
f 1065/1065/1065 1066/1066/1066 1067/1067/1067
f 1067/1067/1067 370/370/370 383/383/383
f 383/383/383 1058/1058/1058 1067/1067/1067
f 1067/1067/1067 1068/1068/1068 1065/1065/1065
f 1062/1062/1062 361/361/361 1069/1069/1069
f 1069/1069/1069 353/353/353 1070/1070/1070
f 1070/1070/1070 1071/1071/1071 1069/1069/1069
f 1069/1069/1069 1072/1072/1072 1062/1062/1062
f 1073/1073/1073 1074/1074/1074 1075/1075/1075
f 1075/1075/1075 359/359/359 371/371/371
f 371/371/371 1066/1066/1066 1075/1075/1075
f 1075/1075/1075 1076/1076/1076 1073/1073/1073
f 1070/1070/1070 351/351/351 1077/1077/1077
f 1077/1077/1077 1078/1078/1078 1079/1079/1079
f 1079/1079/1079 1080/1080/1080 1077/1077/1077
f 1077/1077/1077 1081/1081/1081 1070/1070/1070
f 1082/1082/1082 1083/1083/1083 1084/1084/1084
f 1084/1084/1084 1085/1085/1085 360/360/360
f 360/360/360 1074/1074/1074 1084/1084/1084
f 1084/1084/1084 1086/1086/1086 1082/1082/1082
f 1079/1079/1079 342/342/342 1087/1087/1087
f 342/342/342 1088/1088/1088 1087/1087/1087
f 1087/1087/1087 1089/1089/1089 1090/1090/1090
f 1090/1090/1090 1079/1079/1079 1087/1087/1087
f 1091/1091/1091 1092/1092/1092 1093/1093/1093
f 1093/1093/1093 349/349/349 1091/1091/1091
f 349/349/349 1083/1083/1083 1091/1091/1091
f 1083/1083/1083 1094/1094/1094 1091/1091/1091
f 1095/1095/1095 330/330/330 329/329/329
f 329/329/329 1096/1096/1096 1095/1095/1095
f 1095/1095/1095 1097/1097/1097 1098/1098/1098
f 1098/1098/1098 1088/1088/1088 1095/1095/1095
f 1099/1099/1099 1100/1100/1100 1101/1101/1101
f 1101/1101/1101 338/338/338 1099/1099/1099
f 1099/1099/1099 337/337/337 1093/1093/1093
f 1093/1093/1093 1102/1102/1102 1099/1099/1099
f 1103/1103/1103 1104/1104/1104 1105/1105/1105
f 1105/1105/1105 1106/1106/1106 1107/1107/1107
f 1107/1107/1107 1108/1108/1108 1105/1105/1105
f 1105/1105/1105 1109/1109/1109 1103/1103/1103
f 1110/1110/1110 1111/1111/1111 1112/1112/1112
f 1112/1112/1112 1106/1106/1106 1104/1104/1104
f 1104/1104/1104 1113/1113/1113 1112/1112/1112
f 1112/1112/1112 1114/1114/1114 1110/1110/1110
f 1115/1115/1115 1116/1116/1116 1117/1117/1117
f 1117/1117/1117 1118/1118/1118 1103/1103/1103
f 1103/1103/1103 1119/1119/1119 1117/1117/1117
f 1117/1117/1117 1120/1120/1120 1115/1115/1115
f 1121/1121/1121 1113/1113/1113 1122/1122/1122
f 1122/1122/1122 1118/1118/1118 1116/1116/1116
f 1116/1116/1116 1123/1123/1123 1122/1122/1122
f 1122/1122/1122 1124/1124/1124 1121/1121/1121
f 1125/1125/1125 1126/1126/1126 1127/1127/1127
f 1127/1127/1127 1128/1128/1128 1115/1115/1115
f 1115/1115/1115 1129/1129/1129 1127/1127/1127
f 1127/1127/1127 1130/1130/1130 1125/1125/1125
f 1131/1131/1131 1123/1123/1123 1132/1132/1132
f 1132/1132/1132 1128/1128/1128 1126/1126/1126
f 1126/1126/1126 1133/1133/1133 1132/1132/1132
f 1132/1132/1132 1134/1134/1134 1131/1131/1131
f 1135/1135/1135 272/272/272 255/255/255
f 255/255/255 1136/1136/1136 1135/1135/1135
f 1135/1135/1135 1137/1137/1137 1125/1125/1125
f 1125/1125/1125 1138/1138/1138 1135/1135/1135
f 1139/1139/1139 1137/1137/1137 1136/1136/1136
f 1136/1136/1136 266/266/266 1139/1139/1139
f 1139/1139/1139 278/278/278 1140/1140/1140
f 1140/1140/1140 1133/1133/1133 1139/1139/1139
f 1141/1141/1141 283/283/283 267/267/267
f 267/267/267 1138/1138/1138 1141/1141/1141
f 1141/1141/1141 1130/1130/1130 1142/1142/1142
f 1142/1142/1142 1143/1143/1143 1141/1141/1141
f 1144/1144/1144 1134/1134/1134 1140/1140/1140
f 1140/1140/1140 277/277/277 1144/1144/1144
f 1144/1144/1144 290/290/290 1145/1145/1145
f 1145/1145/1145 1146/1146/1146 1144/1144/1144
f 1147/1147/1147 280/280/280 284/284/284
f 284/284/284 1143/1143/1143 1147/1147/1147
f 1147/1147/1147 1148/1148/1148 1149/1149/1149
f 1149/1149/1149 1150/1150/1150 1147/1147/1147
f 1151/1151/1151 1152/1152/1152 1145/1145/1145
f 1145/1145/1145 289/289/289 1151/1151/1151
f 1151/1151/1151 288/288/288 1153/1153/1153
f 1153/1153/1153 1154/1154/1154 1151/1151/1151
f 1155/1155/1155 306/306/306 291/291/291
f 291/291/291 1150/1150/1150 1155/1155/1155
f 1155/1155/1155 1156/1156/1156 1157/1157/1157
f 1157/1157/1157 1158/1158/1158 1155/1155/1155
f 1159/1159/1159 1160/1160/1160 1153/1153/1153
f 1153/1153/1153 300/300/300 1159/1159/1159
f 1159/1159/1159 312/312/312 1161/1161/1161
f 1161/1161/1161 1162/1162/1162 1159/1159/1159
f 1157/1157/1157 1163/1163/1163 1164/1164/1164
f 1163/1163/1163 1119/1119/1119 1164/1164/1164
f 1164/1164/1164 1109/1109/1109 1165/1165/1165
f 1164/1164/1164 1166/1166/1166 1157/1157/1157
f 1167/1167/1167 1114/1114/1114 1121/1121/1121
f 1121/1121/1121 1168/1168/1168 1167/1167/1167
f 1168/1168/1168 1162/1162/1162 1167/1167/1167
f 1167/1167/1167 1169/1169/1169 1170/1170/1170
f 1171/1171/1171 1156/1156/1156 1149/1149/1149
f 1171/1171/1171 1148/1148/1148 1142/1142/1142
f 1142/1142/1142 1129/1129/1129 1171/1171/1171
f 1171/1171/1171 1120/1120/1120 1163/1163/1163
f 1131/1131/1131 1146/1146/1146 1172/1172/1172
f 1172/1172/1172 1152/1152/1152 1154/1154/1154
f 1172/1172/1172 1160/1160/1160 1168/1168/1168
f 1172/1172/1172 1124/1124/1124 1131/1131/1131
f 1173/1173/1173 1174/1174/1174 1175/1175/1175
f 1175/1175/1175 1165/1165/1165 1173/1173/1173
f 1165/1165/1165 1108/1108/1108 1173/1173/1173
f 1173/1173/1173 1176/1176/1176 1177/1177/1177
f 1110/1110/1110 1170/1170/1170 1178/1178/1178
f 1170/1170/1170 1179/1179/1179 1178/1178/1178
f 1178/1178/1178 1180/1180/1180 1181/1181/1181
f 1178/1178/1178 1182/1182/1182 1110/1110/1110
f 1183/1183/1183 732/732/732 301/301/301
f 301/301/301 1158/1158/1158 1183/1183/1183
f 1183/1183/1183 1166/1166/1166 1175/1175/1175
f 1175/1175/1175 1184/1184/1184 1183/1183/1183
f 1185/1185/1185 1169/1169/1169 1161/1161/1161
f 1161/1161/1161 311/311/311 1185/1185/1185
f 1185/1185/1185 738/738/738 1186/1186/1186
f 1186/1186/1186 1179/1179/1179 1185/1185/1185
f 739/739/739 1187/1187/1187 1188/1188/1188
f 1187/1187/1187 1189/1189/1189 1188/1188/1188
f 1188/1188/1188 1190/1190/1190 1191/1191/1191
f 1191/1191/1191 739/739/739 1188/1188/1188
f 1192/1192/1192 1193/1193/1193 1194/1194/1194
f 1194/1194/1194 1195/1195/1195 1192/1192/1192
f 1195/1195/1195 746/746/746 1192/1192/1192
f 746/746/746 1196/1196/1196 1192/1192/1192
f 733/733/733 1184/1184/1184 1197/1197/1197
f 1197/1197/1197 1174/1174/1174 1198/1198/1198
f 1198/1198/1198 1187/1187/1187 1197/1197/1197
f 1197/1197/1197 1199/1199/1199 733/733/733
f 1195/1195/1195 1200/1200/1200 1201/1201/1201
f 1201/1201/1201 1180/1180/1180 1186/1186/1186
f 1186/1186/1186 737/737/737 1201/1201/1201
f 1201/1201/1201 1202/1202/1202 1195/1195/1195
f 1203/1203/1203 748/748/748 1204/1204/1204
f 1204/1204/1204 741/741/741 1191/1191/1191
f 1191/1191/1191 1205/1205/1205 1204/1204/1204
f 1205/1205/1205 1203/1203/1203 1204/1204/1204
f 1206/1206/1206 1196/1196/1196 1207/1207/1207
f 1207/1207/1207 745/745/745 750/750/750
f 750/750/750 1208/1208/1208 1207/1207/1207
f 1208/1208/1208 1206/1206/1206 1207/1207/1207
f 315/315/315 1203/1203/1203 1209/1209/1209
f 1209/1209/1209 1210/1210/1210 1211/1211/1211
f 1209/1209/1209 1097/1097/1097 1096/1096/1096
f 1209/1209/1209 328/328/328 315/315/315
f 1212/1212/1212 1100/1100/1100 1213/1213/1213
f 1212/1212/1212 1214/1214/1214 1208/1208/1208
f 1208/1208/1208 323/323/323 1212/1212/1212
f 1212/1212/1212 339/339/339 1101/1101/1101
f 1215/1215/1215 1216/1216/1216 1217/1217/1217
f 1217/1217/1217 1218/1218/1218 1219/1219/1219
f 1219/1219/1219 1220/1220/1220 1217/1217/1217
f 1217/1217/1217 1221/1221/1221 1215/1215/1215
f 1222/1222/1222 1223/1223/1223 1224/1224/1224
f 1224/1224/1224 1225/1225/1225 1226/1226/1226
f 1226/1226/1226 1215/1215/1215 1224/1224/1224
f 1224/1224/1224 1221/1221/1221 1222/1222/1222
f 1227/1227/1227 1220/1220/1220 1228/1228/1228
f 1228/1228/1228 1229/1229/1229 1230/1230/1230
f 1230/1230/1230 1231/1231/1231 1228/1228/1228
f 1228/1228/1228 1232/1232/1232 1227/1227/1227
f 1233/1233/1233 1234/1234/1234 1235/1235/1235
f 1235/1235/1235 1236/1236/1236 1222/1222/1222
f 1222/1222/1222 1227/1227/1227 1235/1235/1235
f 1235/1235/1235 1232/1232/1232 1233/1233/1233
f 1237/1237/1237 1231/1231/1231 1238/1238/1238
f 1231/1231/1231 1239/1239/1239 1238/1238/1238
f 1239/1239/1239 1240/1240/1240 1238/1238/1238
f 1240/1240/1240 1237/1237/1237 1238/1238/1238
f 1241/1241/1241 1242/1242/1242 1243/1243/1243
f 1242/1242/1242 1233/1233/1233 1243/1243/1243
f 1233/1233/1233 1237/1237/1237 1243/1243/1243
f 1237/1237/1237 1241/1241/1241 1243/1243/1243
f 1244/1244/1244 1245/1245/1245 1240/1240/1240
f 1240/1240/1240 1246/1246/1246 1244/1244/1244
f 1244/1244/1244 1176/1176/1176 1107/1107/1107
f 1107/1107/1107 1247/1247/1247 1244/1244/1244
f 1248/1248/1248 1182/1182/1182 1249/1249/1249
f 1249/1249/1249 1241/1241/1241 1248/1248/1248
f 1248/1248/1248 1245/1245/1245 1247/1247/1247
f 1247/1247/1247 1111/1111/1111 1248/1248/1248
f 1198/1198/1198 1177/1177/1177 1250/1250/1250
f 1250/1250/1250 1176/1176/1176 1246/1246/1246
f 1246/1246/1246 1251/1251/1251 1250/1250/1250
f 1250/1250/1250 1252/1252/1252 1198/1198/1198
f 1253/1253/1253 1249/1249/1249 1254/1254/1254
f 1254/1254/1254 1182/1182/1182 1181/1181/1181
f 1181/1181/1181 1200/1200/1200 1254/1254/1254
f 1254/1254/1254 1255/1255/1255 1253/1253/1253
f 1256/1256/1256 1257/1257/1257 1090/1090/1090
f 1090/1090/1090 1258/1258/1258 1256/1256/1256
f 1256/1256/1256 1259/1259/1259 1260/1260/1260
f 1260/1260/1260 1261/1261/1261 1256/1256/1256
f 1262/1262/1262 1263/1263/1263 1264/1264/1264
f 1264/1264/1264 1094/1094/1094 1262/1262/1262
f 1262/1262/1262 1265/1265/1265 1266/1266/1266
f 1266/1266/1266 1267/1267/1267 1262/1262/1262
f 1268/1268/1268 1269/1269/1269 1270/1270/1270
f 1270/1270/1270 1271/1271/1271 1272/1272/1272
f 1272/1272/1272 1216/1216/1216 1270/1270/1270
f 1270/1270/1270 1273/1273/1273 1268/1268/1268
f 1226/1226/1226 1274/1274/1274 1275/1275/1275
f 1275/1275/1275 1276/1276/1276 1277/1277/1277
f 1277/1277/1277 1268/1268/1268 1275/1275/1275
f 1275/1275/1275 1273/1273/1273 1226/1226/1226
f 1278/1278/1278 1279/1279/1279 1280/1280/1280
f 1280/1280/1280 1281/1281/1281 1282/1282/1282
f 1282/1282/1282 1283/1283/1283 1280/1280/1280
f 1283/1283/1283 1278/1278/1278 1280/1280/1280
f 1284/1284/1284 1285/1285/1285 1286/1286/1286
f 1286/1286/1286 1287/1287/1287 1288/1288/1288
f 1288/1288/1288 1278/1278/1278 1286/1286/1286
f 1278/1278/1278 1284/1284/1284 1286/1286/1286
f 1289/1289/1289 1290/1290/1290 1283/1283/1283
f 1283/1283/1283 1291/1291/1291 1289/1289/1289
f 1289/1289/1289 1292/1292/1292 1293/1293/1293
f 1293/1293/1293 1294/1294/1294 1289/1289/1289
f 1295/1295/1295 1296/1296/1296 1297/1297/1297
f 1297/1297/1297 1284/1284/1284 1295/1295/1295
f 1295/1295/1295 1290/1290/1290 1294/1294/1294
f 1294/1294/1294 1298/1298/1298 1295/1295/1295
f 1299/1299/1299 1300/1300/1300 1293/1293/1293
f 1293/1293/1293 1301/1301/1301 1299/1299/1299
f 1301/1301/1301 1269/1269/1269 1299/1299/1299
f 1269/1269/1269 1302/1302/1302 1299/1299/1299
f 1277/1277/1277 1303/1303/1303 1304/1304/1304
f 1303/1303/1303 1298/1298/1298 1304/1304/1304
f 1304/1304/1304 1300/1300/1300 1302/1302/1302
f 1302/1302/1302 1277/1277/1277 1304/1304/1304
f 1305/1305/1305 1072/1072/1072 1071/1071/1071
f 1305/1305/1305 1081/1081/1081 1306/1306/1306
f 1305/1305/1305 1307/1307/1307 1308/1308/1308
f 1308/1308/1308 1309/1309/1309 1305/1305/1305
f 1310/1310/1310 1311/1311/1311 1312/1312/1312
f 1310/1310/1310 1086/1086/1086 1073/1073/1073
f 1310/1310/1310 1076/1076/1076 1313/1313/1313
f 1313/1313/1313 1314/1314/1314 1310/1310/1310
f 1315/1315/1315 1316/1316/1316 1308/1308/1308
f 1308/1308/1308 1317/1317/1317 1315/1315/1315
f 1315/1315/1315 1318/1318/1318 1319/1319/1319
f 1319/1319/1319 1320/1320/1320 1315/1315/1315
f 1321/1321/1321 1322/1322/1322 1323/1323/1323
f 1323/1323/1323 1314/1314/1314 1321/1321/1321
f 1321/1321/1321 1324/1324/1324 1325/1325/1325
f 1325/1325/1325 1326/1326/1326 1321/1321/1321
f 1327/1327/1327 1328/1328/1328 1319/1319/1319
f 1319/1319/1319 1329/1329/1329 1327/1327/1327
f 1327/1327/1327 1330/1330/1330 1331/1331/1331
f 1331/1331/1331 1332/1332/1332 1327/1327/1327
f 1333/1333/1333 1334/1334/1334 1335/1335/1335
f 1335/1335/1335 1326/1326/1326 1333/1333/1333
f 1333/1333/1333 1336/1336/1336 1337/1337/1337
f 1337/1337/1337 1338/1338/1338 1333/1333/1333
f 1339/1339/1339 1340/1340/1340 1331/1331/1331
f 1331/1331/1331 1341/1341/1341 1339/1339/1339
f 1339/1339/1339 1342/1342/1342 1343/1343/1343
f 1339/1339/1339 1344/1344/1344 1345/1345/1345
f 1346/1346/1346 1347/1347/1347 1348/1348/1348
f 1348/1348/1348 1338/1338/1338 1346/1346/1346
f 1346/1346/1346 1349/1349/1349 1350/1350/1350
f 1346/1346/1346 1351/1351/1351 1352/1352/1352
f 1353/1353/1353 1354/1354/1354 1355/1355/1355
f 1353/1353/1353 1356/1356/1356 1357/1357/1357
f 1357/1357/1357 1343/1343/1343 1353/1353/1353
f 1353/1353/1353 1342/1342/1342 1358/1358/1358
f 1352/1352/1352 1359/1359/1359 1360/1360/1360
f 1360/1360/1360 1361/1361/1361 1362/1362/1362
f 1360/1360/1360 1363/1363/1363 1364/1364/1364
f 1360/1360/1360 1347/1347/1347 1352/1352/1352
f 1365/1365/1365 1271/1271/1271 1301/1301/1301
f 1301/1301/1301 1366/1366/1366 1365/1365/1365
f 1365/1365/1365 1344/1344/1344 1357/1357/1357
f 1357/1357/1357 1367/1367/1367 1365/1365/1365
f 1368/1368/1368 1351/1351/1351 1369/1369/1369
f 1369/1369/1369 1303/1303/1303 1368/1368/1368
f 1368/1368/1368 1276/1276/1276 1370/1370/1370
f 1370/1370/1370 1359/1359/1359 1368/1368/1368
f 1371/1371/1371 1292/1292/1292 1291/1291/1291
f 1291/1291/1291 1372/1372/1372 1371/1371/1371
f 1371/1371/1371 1340/1340/1340 1345/1345/1345
f 1345/1345/1345 1366/1366/1366 1371/1371/1371
f 1373/1373/1373 1349/1349/1349 1374/1374/1374
f 1374/1374/1374 1297/1297/1297 1373/1373/1373
f 1373/1373/1373 1296/1296/1296 1369/1369/1369
f 1369/1369/1369 1350/1350/1350 1373/1373/1373
f 1375/1375/1375 1376/1376/1376 1282/1282/1282
f 1282/1282/1282 1377/1377/1377 1375/1375/1375
f 1375/1375/1375 1328/1328/1328 1332/1332/1332
f 1332/1332/1332 1372/1372/1372 1375/1375/1375
f 1378/1378/1378 1336/1336/1336 1379/1379/1379
f 1379/1379/1379 1285/1285/1285 1378/1378/1378
f 1378/1378/1378 1380/1380/1380 1374/1374/1374
f 1374/1374/1374 1337/1337/1337 1378/1378/1378
f 1381/1381/1381 1281/1281/1281 1382/1382/1382
f 1382/1382/1382 1383/1383/1383 1381/1381/1381
f 1381/1381/1381 1316/1316/1316 1320/1320/1320
f 1381/1381/1381 1328/1328/1328 1377/1377/1377
f 1384/1384/1384 1324/1324/1324 1385/1385/1385
f 1385/1385/1385 1386/1386/1386 1384/1384/1384
f 1384/1384/1384 1287/1287/1287 1379/1379/1379
f 1384/1384/1384 1336/1336/1336 1325/1325/1325
f 1387/1387/1387 1063/1063/1063 1388/1388/1388
f 1388/1388/1388 1072/1072/1072 1309/1309/1309
f 1309/1309/1309 1383/1383/1383 1388/1388/1388
f 1388/1388/1388 1389/1389/1389 1387/1387/1387
f 1385/1385/1385 1313/1313/1313 1390/1390/1390
f 1390/1390/1390 1076/1076/1076 1065/1065/1065
f 1065/1065/1065 1391/1391/1391 1390/1390/1390
f 1390/1390/1390 1392/1392/1392 1385/1385/1385
f 1393/1393/1393 1394/1394/1394 1395/1395/1395
f 1395/1395/1395 1389/1389/1389 1382/1382/1382
f 1382/1382/1382 1279/1279/1279 1395/1395/1395
f 1395/1395/1395 1396/1396/1396 1393/1393/1393
f 1288/1288/1288 1386/1386/1386 1397/1397/1397
f 1397/1397/1397 1392/1392/1392 1398/1398/1398
f 1398/1398/1398 1393/1393/1393 1397/1397/1397
f 1397/1397/1397 1396/1396/1396 1288/1288/1288
f 1399/1399/1399 1040/1040/1040 1400/1400/1400
f 1400/1400/1400 1039/1039/1039 1049/1049/1049
f 1400/1400/1400 1056/1056/1056 1055/1055/1055
f 1055/1055/1055 1399/1399/1399 1400/1400/1400
f 1401/1401/1401 1060/1060/1060 1050/1050/1050
f 1401/1401/1401 1043/1043/1043 1046/1046/1046
f 1046/1046/1046 1402/1402/1402 1401/1401/1401
f 1402/1402/1402 1057/1057/1057 1401/1401/1401
f 1403/1403/1403 1041/1041/1041 1399/1399/1399
f 1399/1399/1399 1387/1387/1387 1403/1403/1403
f 1403/1403/1403 1389/1389/1389 1394/1394/1394
f 1394/1394/1394 1404/1404/1404 1403/1403/1403
f 1405/1405/1405 1392/1392/1392 1391/1391/1391
f 1391/1391/1391 1402/1402/1402 1405/1405/1405
f 1405/1405/1405 1045/1045/1045 1406/1406/1406
f 1406/1406/1406 1398/1398/1398 1405/1405/1405
f 1407/1407/1407 1032/1032/1032 1031/1031/1031
f 1407/1407/1407 1041/1041/1041 1404/1404/1404
f 1407/1407/1407 1408/1408/1408 1409/1409/1409
f 1410/1410/1410 1408/1408/1408 1406/1406/1406
f 1410/1410/1410 1045/1045/1045 1034/1034/1034
f 1410/1410/1410 1032/1032/1032 1409/1409/1409
f 1306/1306/1306 1080/1080/1080 1411/1411/1411
f 1411/1411/1411 1257/1257/1257 1261/1261/1261
f 1261/1261/1261 1412/1412/1412 1411/1411/1411
f 1411/1411/1411 1307/1307/1307 1306/1306/1306
f 1413/1413/1413 1266/1266/1266 1414/1414/1414
f 1414/1414/1414 1265/1265/1265 1082/1082/1082
f 1082/1082/1082 1312/1312/1312 1414/1414/1414
f 1414/1414/1414 1311/1311/1311 1413/1413/1413
f 1415/1415/1415 1416/1416/1416 1417/1417/1417
f 1417/1417/1417 1418/1418/1418 1415/1415/1415
f 1415/1415/1415 1318/1318/1318 1317/1317/1317
f 1317/1317/1317 1412/1412/1412 1415/1415/1415
f 1419/1419/1419 1322/1322/1322 1420/1420/1420
f 1420/1420/1420 1421/1421/1421 1419/1419/1419
f 1419/1419/1419 1422/1422/1422 1413/1413/1413
f 1413/1413/1413 1323/1323/1323 1419/1419/1419
f 1423/1423/1423 1424/1424/1424 1425/1425/1425
f 1425/1425/1425 1426/1426/1426 1423/1423/1423
f 1423/1423/1423 1330/1330/1330 1329/1329/1329
f 1329/1329/1329 1418/1418/1418 1423/1423/1423
f 1427/1427/1427 1334/1334/1334 1428/1428/1428
f 1428/1428/1428 1429/1429/1429 1427/1427/1427
f 1427/1427/1427 1430/1430/1430 1420/1420/1420
f 1420/1420/1420 1335/1335/1335 1427/1427/1427
f 1431/1431/1431 1358/1358/1358 1432/1432/1432
f 1432/1432/1432 1342/1342/1342 1341/1341/1341
f 1341/1341/1341 1426/1426/1426 1432/1432/1432
f 1432/1432/1432 1433/1433/1433 1431/1431/1431
f 1428/1428/1428 1348/1348/1348 1434/1434/1434
f 1434/1434/1434 1347/1347/1347 1364/1364/1364
f 1364/1364/1364 1435/1435/1435 1434/1434/1434
f 1434/1434/1434 1436/1436/1436 1428/1428/1428
f 1437/1437/1437 1239/1239/1239 1438/1438/1438
f 1438/1438/1438 1439/1439/1439 1440/1440/1440
f 1440/1440/1440 1441/1441/1441 1438/1438/1438
f 1441/1441/1441 1437/1437/1437 1438/1438/1438
f 1442/1442/1442 1443/1443/1443 1444/1444/1444
f 1444/1444/1444 1445/1445/1445 1242/1242/1242
f 1242/1242/1242 1446/1446/1446 1444/1444/1444
f 1446/1446/1446 1442/1442/1442 1444/1444/1444
f 1447/1447/1447 1448/1448/1448 1449/1449/1449
f 1448/1448/1448 1441/1441/1441 1449/1449/1449
f 1441/1441/1441 1450/1450/1450 1449/1449/1449
f 1449/1449/1449 1451/1451/1451 1447/1447/1447
f 1452/1452/1452 1442/1442/1442 1453/1453/1453
f 1442/1442/1442 1454/1454/1454 1453/1453/1453
f 1454/1454/1454 1455/1455/1455 1453/1453/1453
f 1453/1453/1453 1456/1456/1456 1452/1452/1452
f 1457/1457/1457 1089/1089/1089 1098/1098/1098
f 1098/1098/1098 1458/1458/1458 1457/1457/1457
f 1457/1457/1457 1459/1459/1459 1448/1448/1448
f 1448/1448/1448 1258/1258/1258 1457/1457/1457
f 1460/1460/1460 1461/1461/1461 1462/1462/1462
f 1462/1462/1462 1102/1102/1102 1460/1460/1460
f 1460/1460/1460 1092/1092/1092 1264/1264/1264
f 1264/1264/1264 1454/1454/1454 1460/1460/1460
f 1463/1463/1463 1097/1097/1097 1464/1464/1464
f 1464/1464/1464 1189/1189/1189 1463/1463/1463
f 1463/1463/1463 1252/1252/1252 1465/1465/1465
f 1465/1465/1465 1458/1458/1458 1463/1463/1463
f 1466/1466/1466 1255/1255/1255 1194/1194/1194
f 1194/1194/1194 1467/1467/1467 1466/1466/1466
f 1466/1466/1466 1100/1100/1100 1462/1462/1462
f 1462/1462/1462 1468/1468/1468 1466/1466/1466
f 1465/1465/1465 1251/1251/1251 1469/1469/1469
f 1469/1469/1469 1470/1470/1470 1437/1437/1437
f 1469/1469/1469 1459/1459/1459 1465/1465/1465
f 1471/1471/1471 1461/1461/1461 1446/1446/1446
f 1471/1471/1471 1472/1472/1472 1253/1253/1253
f 1253/1253/1253 1468/1468/1468 1471/1471/1471
f 1464/1464/1464 1211/1211/1211 1473/1473/1473
f 1473/1473/1473 1210/1210/1210 1205/1205/1205
f 1473/1473/1473 1190/1190/1190 1464/1464/1464
f 1474/1474/1474 1193/1193/1193 1206/1206/1206
f 1474/1474/1474 1214/1214/1214 1213/1213/1213
f 1213/1213/1213 1467/1467/1467 1474/1474/1474
f 1355/1355/1355 1475/1475/1475 1476/1476/1476
f 1475/1475/1475 1477/1477/1477 1476/1476/1476
f 1477/1477/1477 1478/1478/1478 1476/1476/1476
f 1478/1478/1478 1355/1355/1355 1476/1476/1476
f 1479/1479/1479 1480/1480/1480 1481/1481/1481
f 1480/1480/1480 1482/1482/1482 1481/1481/1481
f 1482/1482/1482 1362/1362/1362 1481/1481/1481
f 1362/1362/1362 1479/1479/1479 1481/1481/1481
f 1272/1272/1272 1367/1367/1367 1483/1483/1483
f 1483/1483/1483 1356/1356/1356 1478/1478/1478
f 1478/1478/1478 1484/1484/1484 1483/1483/1483
f 1484/1484/1484 1272/1272/1272 1483/1483/1483
f 1485/1485/1485 1479/1479/1479 1486/1486/1486
f 1486/1486/1486 1361/1361/1361 1370/1370/1370
f 1370/1370/1370 1274/1274/1274 1486/1486/1486
f 1274/1274/1274 1485/1485/1485 1486/1486/1486
f 1487/1487/1487 1450/1450/1450 1488/1488/1488
f 1488/1488/1488 1489/1489/1489 1490/1490/1490
f 1490/1490/1490 1477/1477/1477 1488/1488/1488
f 1488/1488/1488 1491/1491/1491 1487/1487/1487
f 1480/1480/1480 1492/1492/1492 1493/1493/1493
f 1493/1493/1493 1494/1494/1494 1452/1452/1452
f 1452/1452/1452 1495/1495/1495 1493/1493/1493
f 1493/1493/1493 1496/1496/1496 1480/1480/1480
f 1440/1440/1440 1230/1230/1230 1497/1497/1497
f 1497/1497/1497 1229/1229/1229 1498/1498/1498
f 1498/1498/1498 1490/1490/1490 1497/1497/1497
f 1497/1497/1497 1489/1489/1489 1440/1440/1440
f 1492/1492/1492 1499/1499/1499 1500/1500/1500
f 1500/1500/1500 1236/1236/1236 1234/1234/1234
f 1234/1234/1234 1443/1443/1443 1500/1500/1500
f 1500/1500/1500 1494/1494/1494 1492/1492/1492
f 1501/1501/1501 1218/1218/1218 1484/1484/1484
f 1501/1501/1501 1502/1502/1502 1498/1498/1498
f 1501/1501/1501 1229/1229/1229 1219/1219/1219
f 1503/1503/1503 1236/1236/1236 1499/1499/1499
f 1503/1503/1503 1504/1504/1504 1485/1485/1485
f 1503/1503/1503 1225/1225/1225 1223/1223/1223
f 1505/1505/1505 1506/1506/1506 1507/1507/1507
f 1507/1507/1507 1508/1508/1508 1509/1509/1509
f 1509/1509/1509 1510/1510/1510 1507/1507/1507
f 1507/1507/1507 1511/1511/1511 1505/1505/1505
f 1512/1512/1512 1513/1513/1513 1514/1514/1514
f 1514/1514/1514 1515/1515/1515 1516/1516/1516
f 1516/1516/1516 1517/1517/1517 1514/1514/1514
f 1514/1514/1514 1518/1518/1518 1512/1512/1512
f 1519/1519/1519 1520/1520/1520 1505/1505/1505
f 1505/1505/1505 1521/1521/1521 1519/1519/1519
f 1519/1519/1519 1522/1522/1522 1523/1523/1523
f 1523/1523/1523 1524/1524/1524 1519/1519/1519
f 1525/1525/1525 1526/1526/1526 1527/1527/1527
f 1527/1527/1527 1517/1517/1517 1525/1525/1525
f 1525/1525/1525 1528/1528/1528 1529/1529/1529
f 1529/1529/1529 1530/1530/1530 1525/1525/1525
f 1531/1531/1531 1532/1532/1532 1523/1523/1523
f 1531/1531/1531 1522/1522/1522 1533/1533/1533
f 1533/1533/1533 1534/1534/1534 1531/1531/1531
f 1531/1531/1531 1535/1535/1535 1536/1536/1536
f 1537/1537/1537 1538/1538/1538 1539/1539/1539
f 1539/1539/1539 1526/1526/1526 1530/1530/1530
f 1539/1539/1539 1540/1540/1540 1541/1541/1541
f 1539/1539/1539 1542/1542/1542 1537/1537/1537
f 1543/1543/1543 1534/1534/1534 1544/1544/1544
f 1544/1544/1544 1545/1545/1545 1546/1546/1546
f 1546/1546/1546 1547/1547/1547 1544/1544/1544
f 1544/1544/1544 1548/1548/1548 1543/1543/1543
f 1549/1549/1549 1550/1550/1550 1551/1551/1551
f 1551/1551/1551 1552/1552/1552 1537/1537/1537
f 1537/1537/1537 1553/1553/1553 1551/1551/1551
f 1551/1551/1551 1554/1554/1554 1549/1549/1549
f 1555/1555/1555 1547/1547/1547 1556/1556/1556
f 1556/1556/1556 1557/1557/1557 1558/1558/1558
f 1556/1556/1556 1559/1559/1559 1560/1560/1560
f 1556/1556/1556 1561/1561/1561 1555/1555/1555
f 1562/1562/1562 1563/1563/1563 1564/1564/1564
f 1562/1562/1562 1565/1565/1565 1549/1549/1549
f 1549/1549/1549 1566/1566/1566 1562/1562/1562
f 1562/1562/1562 1567/1567/1567 1568/1568/1568
f 1569/1569/1569 1560/1560/1560 1570/1570/1570
f 1560/1560/1560 1571/1571/1571 1570/1570/1570
f 1570/1570/1570 1572/1572/1572 1573/1573/1573
f 1573/1573/1573 1569/1569/1569 1570/1570/1570
f 1574/1574/1574 1575/1575/1575 1576/1576/1576
f 1576/1576/1576 1568/1568/1568 1574/1574/1574
f 1568/1568/1568 1577/1577/1577 1574/1574/1574
f 1577/1577/1577 1578/1578/1578 1574/1574/1574
f 1579/1579/1579 1559/1559/1559 1580/1580/1580
f 1580/1580/1580 1581/1581/1581 1579/1579/1579
f 1579/1579/1579 1582/1582/1582 1583/1583/1583
f 1583/1583/1583 1571/1571/1571 1579/1579/1579
f 1584/1584/1584 1585/1585/1585 1586/1586/1586
f 1586/1586/1586 1587/1587/1587 1584/1584/1584
f 1584/1584/1584 1563/1563/1563 1576/1576/1576
f 1576/1576/1576 1588/1588/1588 1584/1584/1584
f 1589/1589/1589 1557/1557/1557 1590/1590/1590
f 1590/1590/1590 1591/1591/1591 1589/1589/1589
f 1589/1589/1589 1592/1592/1592 1580/1580/1580
f 1580/1580/1580 1558/1558/1558 1589/1589/1589
f 1593/1593/1593 1594/1594/1594 1595/1595/1595
f 1595/1595/1595 1596/1596/1596 1593/1593/1593
f 1593/1593/1593 1565/1565/1565 1564/1564/1564
f 1564/1564/1564 1587/1587/1587 1593/1593/1593
f 1546/1546/1546 1597/1597/1597 1598/1598/1598
f 1598/1598/1598 1599/1599/1599 1600/1600/1600
f 1600/1600/1600 1590/1590/1590 1598/1598/1598
f 1598/1598/1598 1557/1557/1557 1546/1546/1546
f 1596/1596/1596 1601/1601/1601 1602/1602/1602
f 1602/1602/1602 1603/1603/1603 1604/1604/1604
f 1604/1604/1604 1550/1550/1550 1602/1602/1602
f 1602/1602/1602 1565/1565/1565 1596/1596/1596
f 1533/1533/1533 1605/1605/1605 1606/1606/1606
f 1606/1606/1606 1607/1607/1607 1608/1608/1608
f 1608/1608/1608 1597/1597/1597 1606/1606/1606
f 1606/1606/1606 1545/1545/1545 1533/1533/1533
f 1604/1604/1604 1609/1609/1609 1610/1610/1610
f 1610/1610/1610 1611/1611/1611 1612/1612/1612
f 1612/1612/1612 1538/1538/1538 1610/1610/1610
f 1610/1610/1610 1552/1552/1552 1604/1604/1604
f 1521/1521/1521 1613/1613/1613 1614/1614/1614
f 1614/1614/1614 1615/1615/1615 1616/1616/1616
f 1616/1616/1616 1605/1605/1605 1614/1614/1614
f 1614/1614/1614 1522/1522/1522 1521/1521/1521
f 1612/1612/1612 1617/1617/1617 1618/1618/1618
f 1618/1618/1618 1619/1619/1619 1620/1620/1620
f 1620/1620/1620 1527/1527/1527 1618/1618/1618
f 1618/1618/1618 1526/1526/1526 1612/1612/1612
f 1621/1621/1621 1511/1511/1511 1510/1510/1510
f 1510/1510/1510 1622/1622/1622 1621/1621/1621
f 1621/1621/1621 1623/1623/1623 1624/1624/1624
f 1624/1624/1624 1613/1613/1613 1621/1621/1621
f 1625/1625/1625 1626/1626/1626 1627/1627/1627
f 1627/1627/1627 1512/1512/1512 1625/1625/1625
f 1625/1625/1625 1518/1518/1518 1620/1620/1620
f 1620/1620/1620 1628/1628/1628 1625/1625/1625
f 1629/1629/1629 1447/1447/1447 1630/1630/1630
f 1447/1447/1447 1631/1631/1631 1630/1630/1630
f 1631/1631/1631 1632/1632/1632 1630/1630/1630
f 1630/1630/1630 1633/1633/1633 1629/1629/1629
f 1634/1634/1634 1635/1635/1635 1636/1636/1636
f 1635/1635/1635 1455/1455/1455 1636/1636/1636
f 1455/1455/1455 1637/1637/1637 1636/1636/1636
f 1636/1636/1636 1638/1638/1638 1634/1634/1634
f 1631/1631/1631 1639/1639/1639 1640/1640/1640
f 1640/1640/1640 1641/1641/1641 1573/1573/1573
f 1573/1573/1573 1642/1642/1642 1640/1640/1640
f 1640/1640/1640 1643/1643/1643 1631/1631/1631
f 1644/1644/1644 1578/1578/1578 1645/1645/1645
f 1645/1645/1645 1646/1646/1646 1647/1647/1647
f 1647/1647/1647 1635/1635/1635 1645/1645/1645
f 1645/1645/1645 1648/1648/1648 1644/1644/1644
f 1649/1649/1649 1416/1416/1416 1260/1260/1260
f 1260/1260/1260 1629/1629/1629 1649/1649/1649
f 1649/1649/1649 1633/1633/1633 1650/1650/1650
f 1650/1650/1650 1417/1417/1417 1649/1649/1649
f 1651/1651/1651 1638/1638/1638 1637/1637/1637
f 1637/1637/1637 1267/1267/1267 1651/1651/1651
f 1651/1651/1651 1422/1422/1422 1421/1421/1421
f 1421/1421/1421 1652/1652/1652 1651/1651/1651
f 1653/1653/1653 1433/1433/1433 1654/1654/1654
f 1654/1654/1654 1655/1655/1655 1653/1653/1653
f 1653/1653/1653 1656/1656/1656 1509/1509/1509
f 1509/1509/1509 1657/1657/1657 1653/1653/1653
f 1658/1658/1658 1659/1659/1659 1660/1660/1660
f 1660/1660/1660 1661/1661/1661 1658/1658/1658
f 1658/1658/1658 1436/1436/1436 1662/1662/1662
f 1662/1662/1662 1513/1513/1513 1658/1658/1658
f 1663/1663/1663 1572/1572/1572 1583/1583/1583
f 1583/1583/1583 1664/1664/1664 1663/1663/1663
f 1664/1664/1664 1665/1665/1665 1663/1663/1663
f 1665/1665/1665 1642/1642/1642 1663/1663/1663
f 1666/1666/1666 1667/1667/1667 1668/1668/1668
f 1667/1667/1667 1588/1588/1588 1668/1668/1668
f 1668/1668/1668 1575/1575/1575 1644/1644/1644
f 1644/1644/1644 1666/1666/1666 1668/1668/1668
f 1669/1669/1669 1670/1670/1670 1671/1671/1671
f 1671/1671/1671 1672/1672/1672 1673/1673/1673
f 1673/1673/1673 1665/1665/1665 1671/1671/1671
f 1671/1671/1671 1674/1674/1674 1669/1669/1669
f 1666/1666/1666 1675/1675/1675 1676/1676/1676
f 1676/1676/1676 1677/1677/1677 1678/1678/1678
f 1678/1678/1678 1679/1679/1679 1676/1676/1676
f 1676/1676/1676 1680/1680/1680 1666/1666/1666
f 1681/1681/1681 1682/1682/1682 1683/1683/1683
f 1683/1683/1683 1670/1670/1670 1681/1681/1681
f 1681/1681/1681 1684/1684/1684 1685/1685/1685
f 1681/1681/1681 1686/1686/1686 1687/1687/1687
f 1688/1688/1688 1689/1689/1689 1678/1678/1678
f 1678/1678/1678 1690/1690/1690 1688/1688/1688
f 1688/1688/1688 1691/1691/1691 1692/1692/1692
f 1688/1688/1688 1693/1693/1693 1694/1694/1694
f 1695/1695/1695 1696/1696/1696 1697/1697/1697
f 1696/1696/1696 1698/1698/1698 1697/1697/1697
f 1698/1698/1698 1683/1683/1683 1697/1697/1697
f 1697/1697/1697 1682/1682/1682 1695/1695/1695
f 1690/1690/1690 1699/1699/1699 1700/1700/1700
f 1699/1699/1699 1701/1701/1701 1700/1700/1700
f 1701/1701/1701 1702/1702/1702 1700/1700/1700
f 1700/1700/1700 1691/1691/1691 1690/1690/1690
f 1703/1703/1703 1704/1704/1704 1705/1705/1705
f 1705/1705/1705 1706/1706/1706 1696/1696/1696
f 1696/1696/1696 1707/1707/1707 1705/1705/1705
f 1705/1705/1705 1708/1708/1708 1703/1703/1703
f 1709/1709/1709 1701/1701/1701 1710/1710/1710
f 1710/1710/1710 1711/1711/1711 1712/1712/1712
f 1712/1712/1712 1713/1713/1713 1710/1710/1710
f 1710/1710/1710 1714/1714/1714 1709/1709/1709
f 1715/1715/1715 1656/1656/1656 1655/1655/1655
f 1715/1715/1715 1716/1716/1716 1703/1703/1703
f 1703/1703/1703 1717/1717/1717 1715/1715/1715
f 1717/1717/1717 1622/1622/1622 1715/1715/1715
f 1718/1718/1718 1713/1713/1713 1719/1719/1719
f 1719/1719/1719 1720/1720/1720 1660/1660/1660
f 1719/1719/1719 1659/1659/1659 1627/1627/1627
f 1627/1627/1627 1718/1718/1718 1719/1719/1719
f 1721/1721/1721 1424/1424/1424 1722/1722/1722
f 1722/1722/1722 1704/1704/1704 1721/1721/1721
f 1721/1721/1721 1716/1716/1716 1654/1654/1654
f 1654/1654/1654 1425/1425/1425 1721/1721/1721
f 1723/1723/1723 1720/1720/1720 1712/1712/1712
f 1712/1712/1712 1724/1724/1724 1723/1723/1723
f 1723/1723/1723 1430/1430/1430 1429/1429/1429
f 1429/1429/1429 1661/1661/1661 1723/1723/1723
f 1722/1722/1722 1650/1650/1650 1725/1725/1725
f 1725/1725/1725 1633/1633/1633 1726/1726/1726
f 1726/1726/1726 1698/1698/1698 1725/1725/1725
f 1725/1725/1725 1706/1706/1706 1722/1722/1722
f 1699/1699/1699 1727/1727/1727 1728/1728/1728
f 1728/1728/1728 1638/1638/1638 1652/1652/1652
f 1652/1652/1652 1724/1724/1724 1728/1728/1728
f 1728/1728/1728 1711/1711/1711 1699/1699/1699
f 1729/1729/1729 1633/1633/1633 1632/1632/1632
f 1729/1729/1729 1643/1643/1643 1673/1673/1673
f 1673/1673/1673 1726/1726/1726 1729/1729/1729
f 1727/1727/1727 1675/1675/1675 1730/1730/1730
f 1730/1730/1730 1648/1648/1648 1634/1634/1634
f 1730/1730/1730 1638/1638/1638 1727/1727/1727
f 1731/1731/1731 1623/1623/1623 1717/1717/1717
f 1717/1717/1717 1732/1732/1732 1731/1731/1731
f 1731/1731/1731 1733/1733/1733 1734/1734/1734
f 1734/1734/1734 1735/1735/1735 1731/1731/1731
f 1736/1736/1736 1737/1737/1737 1738/1738/1738
f 1738/1738/1738 1718/1718/1718 1736/1736/1736
f 1736/1736/1736 1626/1626/1626 1739/1739/1739
f 1739/1739/1739 1740/1740/1740 1736/1736/1736
f 1732/1732/1732 1707/1707/1707 1741/1741/1741
f 1741/1741/1741 1742/1742/1742 1743/1743/1743
f 1743/1743/1743 1744/1744/1744 1741/1741/1741
f 1741/1741/1741 1733/1733/1733 1732/1732/1732
f 1745/1745/1745 1746/1746/1746 1747/1747/1747
f 1747/1747/1747 1748/1748/1748 1709/1709/1709
f 1709/1709/1709 1738/1738/1738 1747/1747/1747
f 1747/1747/1747 1737/1737/1737 1745/1745/1745
f 1749/1749/1749 1742/1742/1742 1695/1695/1695
f 1695/1695/1695 1750/1750/1750 1749/1749/1749
f 1749/1749/1749 1751/1751/1751 1752/1752/1752
f 1752/1752/1752 1743/1743/1743 1749/1749/1749
f 1753/1753/1753 1754/1754/1754 1755/1755/1755
f 1755/1755/1755 1702/1702/1702 1753/1753/1753
f 1753/1753/1753 1748/1748/1748 1746/1746/1746
f 1746/1746/1746 1756/1756/1756 1753/1753/1753
f 1750/1750/1750 1687/1687/1687 1757/1757/1757
f 1757/1757/1757 1686/1686/1686 1758/1758/1758
f 1758/1758/1758 1759/1759/1759 1757/1757/1757
f 1757/1757/1757 1751/1751/1751 1750/1750/1750
f 1760/1760/1760 1761/1761/1761 1762/1762/1762
f 1762/1762/1762 1693/1693/1693 1692/1692/1692
f 1692/1692/1692 1755/1755/1755 1762/1762/1762
f 1762/1762/1762 1754/1754/1754 1760/1760/1760
f 1758/1758/1758 1685/1685/1685 1763/1763/1763
f 1763/1763/1763 1684/1684/1684 1764/1764/1764
f 1763/1763/1763 1765/1765/1765 1766/1766/1766
f 1763/1763/1763 1767/1767/1767 1758/1758/1758
f 1768/1768/1768 1769/1769/1769 1770/1770/1770
f 1768/1768/1768 1689/1689/1689 1694/1694/1694
f 1694/1694/1694 1761/1761/1761 1768/1768/1768
f 1768/1768/1768 1771/1771/1771 1772/1772/1772
f 1773/1773/1773 1684/1684/1684 1669/1669/1669
f 1669/1669/1669 1774/1774/1774 1773/1773/1773
f 1773/1773/1773 1775/1775/1775 1776/1776/1776
f 1776/1776/1776 1764/1764/1764 1773/1773/1773
f 1777/1777/1777 1778/1778/1778 1779/1779/1779
f 1779/1779/1779 1679/1679/1679 1777/1777/1777
f 1777/1777/1777 1689/1689/1689 1770/1770/1770
f 1770/1770/1770 1780/1780/1780 1777/1777/1777
f 1781/1781/1781 1674/1674/1674 1664/1664/1664
f 1781/1781/1781 1582/1582/1582 1782/1782/1782
f 1782/1782/1782 1783/1783/1783 1781/1781/1781
f 1783/1783/1783 1774/1774/1774 1781/1781/1781
f 1784/1784/1784 1785/1785/1785 1786/1786/1786
f 1786/1786/1786 1585/1585/1585 1667/1667/1667
f 1786/1786/1786 1680/1680/1680 1779/1779/1779
f 1779/1779/1779 1784/1784/1784 1786/1786/1786
f 1787/1787/1787 1615/1615/1615 1624/1624/1624
f 1624/1624/1624 1735/1735/1735 1787/1787/1787
f 1787/1787/1787 1788/1788/1788 1789/1789/1789
f 1789/1789/1789 1790/1790/1790 1787/1787/1787
f 1791/1791/1791 1792/1792/1792 1739/1739/1739
f 1739/1739/1739 1628/1628/1628 1791/1791/1791
f 1791/1791/1791 1619/1619/1619 1793/1793/1793
f 1793/1793/1793 1794/1794/1794 1791/1791/1791
f 1795/1795/1795 1607/1607/1607 1616/1616/1616
f 1616/1616/1616 1790/1790/1790 1795/1795/1795
f 1795/1795/1795 1796/1796/1796 1797/1797/1797
f 1797/1797/1797 1798/1798/1798 1795/1795/1795
f 1799/1799/1799 1800/1800/1800 1793/1793/1793
f 1793/1793/1793 1617/1617/1617 1799/1799/1799
f 1799/1799/1799 1611/1611/1611 1801/1801/1801
f 1801/1801/1801 1802/1802/1802 1799/1799/1799
f 1803/1803/1803 1599/1599/1599 1608/1608/1608
f 1608/1608/1608 1798/1798/1798 1803/1803/1803
f 1803/1803/1803 1804/1804/1804 1805/1805/1805
f 1805/1805/1805 1806/1806/1806 1803/1803/1803
f 1807/1807/1807 1808/1808/1808 1801/1801/1801
f 1801/1801/1801 1609/1609/1609 1807/1807/1807
f 1807/1807/1807 1603/1603/1603 1809/1809/1809
f 1809/1809/1809 1810/1810/1810 1807/1807/1807
f 1811/1811/1811 1600/1600/1600 1812/1812/1812
f 1600/1600/1600 1806/1806/1806 1812/1812/1812
f 1812/1812/1812 1813/1813/1813 1814/1814/1814
f 1814/1814/1814 1811/1811/1811 1812/1812/1812
f 1815/1815/1815 1816/1816/1816 1809/1809/1809
f 1809/1809/1809 1601/1601/1601 1815/1815/1815
f 1601/1601/1601 1817/1817/1817 1815/1815/1815
f 1817/1817/1817 1818/1818/1818 1815/1815/1815
f 1819/1819/1819 1591/1591/1591 1820/1820/1820
f 1820/1820/1820 1821/1821/1821 1811/1811/1811
f 1811/1811/1811 1822/1822/1822 1820/1820/1820
f 1820/1820/1820 1823/1823/1823 1819/1819/1819
f 1824/1824/1824 1817/1817/1817 1825/1825/1825
f 1825/1825/1825 1826/1826/1826 1595/1595/1595
f 1595/1595/1595 1827/1827/1827 1825/1825/1825
f 1825/1825/1825 1828/1828/1828 1824/1824/1824
f 1782/1782/1782 1581/1581/1581 1829/1829/1829
f 1829/1829/1829 1592/1592/1592 1819/1819/1819
f 1819/1819/1819 1830/1830/1830 1829/1829/1829
f 1829/1829/1829 1831/1831/1831 1782/1782/1782
f 1832/1832/1832 1827/1827/1827 1833/1833/1833
f 1833/1833/1833 1594/1594/1594 1586/1586/1586
f 1586/1586/1586 1785/1785/1785 1833/1833/1833
f 1833/1833/1833 1834/1834/1834 1832/1832/1832
f 1835/1835/1835 1766/1766/1766 1836/1836/1836
f 1766/1766/1766 1837/1837/1837 1836/1836/1836
f 1836/1836/1836 1838/1838/1838 1839/1839/1839
f 1836/1836/1836 1840/1840/1840 1835/1835/1835
f 1841/1841/1841 1842/1842/1842 1843/1843/1843
f 1843/1843/1843 1772/1772/1772 1841/1841/1841
f 1772/1772/1772 1844/1844/1844 1841/1841/1841
f 1841/1841/1841 1845/1845/1845 1846/1846/1846
f 1847/1847/1847 1839/1839/1839 1848/1848/1848
f 1839/1839/1839 1849/1849/1849 1848/1848/1848
f 1848/1848/1848 1850/1850/1850 1851/1851/1851
f 1848/1848/1848 1852/1852/1852 1847/1847/1847
f 1853/1853/1853 1854/1854/1854 1855/1855/1855
f 1855/1855/1855 1846/1846/1846 1853/1853/1853
f 1846/1846/1846 1856/1856/1856 1853/1853/1853
f 1853/1853/1853 1857/1857/1857 1858/1858/1858
f 1859/1859/1859 1852/1852/1852 1851/1851/1851
f 1851/1851/1851 1860/1860/1860 1859/1859/1859
f 1860/1860/1860 1861/1861/1861 1859/1859/1859
f 1859/1859/1859 1862/1862/1862 1863/1863/1863
f 1864/1864/1864 1865/1865/1865 1866/1866/1866
f 1865/1865/1865 1858/1858/1858 1866/1866/1866
f 1866/1866/1866 1857/1857/1857 1867/1867/1867
f 1866/1866/1866 1868/1868/1868 1864/1864/1864
f 1869/1869/1869 1861/1861/1861 1870/1870/1870
f 1870/1870/1870 1871/1871/1871 1872/1872/1872
f 1872/1872/1872 1873/1873/1873 1870/1870/1870
f 1870/1870/1870 1874/1874/1874 1869/1869/1869
f 1875/1875/1875 1876/1876/1876 1877/1877/1877
f 1877/1877/1877 1878/1878/1878 1864/1864/1864
f 1864/1864/1864 1879/1879/1879 1877/1877/1877
f 1877/1877/1877 1880/1880/1880 1875/1875/1875
f 1881/1881/1881 1796/1796/1796 1789/1789/1789
f 1789/1789/1789 1882/1882/1882 1881/1881/1881
f 1881/1881/1881 1862/1862/1862 1869/1869/1869
f 1869/1869/1869 1883/1883/1883 1881/1881/1881
f 1884/1884/1884 1868/1868/1868 1885/1885/1885
f 1885/1885/1885 1794/1794/1794 1884/1884/1884
f 1884/1884/1884 1800/1800/1800 1886/1886/1886
f 1886/1886/1886 1879/1879/1879 1884/1884/1884
f 1734/1734/1734 1887/1887/1887 1888/1888/1888
f 1888/1888/1888 1852/1852/1852 1863/1863/1863
f 1863/1863/1863 1882/1882/1882 1888/1888/1888
f 1888/1888/1888 1788/1788/1788 1734/1734/1734
f 1885/1885/1885 1867/1867/1867 1889/1889/1889
f 1889/1889/1889 1857/1857/1857 1890/1890/1890
f 1890/1890/1890 1740/1740/1740 1889/1889/1889
f 1889/1889/1889 1792/1792/1792 1885/1885/1885
f 1891/1891/1891 1733/1733/1733 1744/1744/1744
f 1891/1891/1891 1892/1892/1892 1893/1893/1893
f 1891/1891/1891 1840/1840/1840 1847/1847/1847
f 1847/1847/1847 1887/1887/1887 1891/1891/1891
f 1894/1894/1894 1845/1845/1845 1895/1895/1895
f 1894/1894/1894 1896/1896/1896 1745/1745/1745
f 1894/1894/1894 1737/1737/1737 1890/1890/1890
f 1890/1890/1890 1856/1856/1856 1894/1894/1894
f 1897/1897/1897 1767/1767/1767 1835/1835/1835
f 1835/1835/1835 1893/1893/1893 1897/1897/1897
f 1897/1897/1897 1892/1892/1892 1752/1752/1752
f 1752/1752/1752 1759/1759/1759 1897/1897/1897
f 1898/1898/1898 1896/1896/1896 1895/1895/1895
f 1895/1895/1895 1844/1844/1844 1898/1898/1898
f 1898/1898/1898 1771/1771/1771 1760/1760/1760
f 1760/1760/1760 1756/1756/1756 1898/1898/1898
f 1776/1776/1776 1783/1783/1783 1899/1899/1899
f 1899/1899/1899 1831/1831/1831 1900/1900/1900
f 1900/1900/1900 1837/1837/1837 1899/1899/1899
f 1899/1899/1899 1765/1765/1765 1776/1776/1776
f 1843/1843/1843 1901/1901/1901 1902/1902/1902
f 1902/1902/1902 1834/1834/1834 1784/1784/1784
f 1784/1784/1784 1780/1780/1780 1902/1902/1902
f 1902/1902/1902 1769/1769/1769 1843/1843/1843
f 1903/1903/1903 1823/1823/1823 1904/1904/1904
f 1904/1904/1904 1849/1849/1849 1903/1903/1903
f 1903/1903/1903 1838/1838/1838 1900/1900/1900
f 1900/1900/1900 1830/1830/1830 1903/1903/1903
f 1905/1905/1905 1842/1842/1842 1855/1855/1855
f 1855/1855/1855 1906/1906/1906 1905/1905/1905
f 1905/1905/1905 1828/1828/1828 1832/1832/1832
f 1832/1832/1832 1901/1901/1901 1905/1905/1905
f 1822/1822/1822 1907/1907/1907 1908/1908/1908
f 1908/1908/1908 1871/1871/1871 1860/1860/1860
f 1860/1860/1860 1904/1904/1904 1908/1908/1908
f 1908/1908/1908 1823/1823/1823 1822/1822/1822
f 1906/1906/1906 1865/1865/1865 1909/1909/1909
f 1909/1909/1909 1878/1878/1878 1910/1910/1910
f 1910/1910/1910 1824/1824/1824 1909/1909/1909
f 1909/1909/1909 1828/1828/1828 1906/1906/1906
f 1814/1814/1814 1911/1911/1911 1912/1912/1912
f 1912/1912/1912 1913/1913/1913 1872/1872/1872
f 1872/1872/1872 1907/1907/1907 1912/1912/1912
f 1912/1912/1912 1914/1914/1914 1814/1814/1814
f 1910/1910/1910 1876/1876/1876 1915/1915/1915
f 1915/1915/1915 1916/1916/1916 1917/1917/1917
f 1917/1917/1917 1818/1818/1818 1915/1915/1915
f 1915/1915/1915 1918/1918/1918 1910/1910/1910
f 1919/1919/1919 1804/1804/1804 1920/1920/1920
f 1920/1920/1920 1873/1873/1873 1919/1919/1919
f 1919/1919/1919 1913/1913/1913 1911/1911/1911
f 1911/1911/1911 1805/1805/1805 1919/1919/1919
f 1921/1921/1921 1916/1916/1916 1875/1875/1875
f 1875/1875/1875 1922/1922/1922 1921/1921/1921
f 1921/1921/1921 1808/1808/1808 1810/1810/1810
f 1810/1810/1810 1917/1917/1917 1921/1921/1921
f 1923/1923/1923 1796/1796/1796 1883/1883/1883
f 1923/1923/1923 1874/1874/1874 1920/1920/1920
f 1920/1920/1920 1797/1797/1797 1923/1923/1923
f 1802/1802/1802 1922/1922/1922 1924/1924/1924
f 1924/1924/1924 1880/1880/1880 1886/1886/1886
f 1924/1924/1924 1800/1800/1800 1802/1802/1802
f 1925/1925/1925 1561/1561/1561 1569/1569/1569
f 1569/1569/1569 1926/1926/1926 1925/1925/1925
f 1925/1925/1925 1927/1927/1927 1928/1928/1928
f 1928/1928/1928 1929/1929/1929 1925/1925/1925
f 1930/1930/1930 1931/1931/1931 1932/1932/1932
f 1932/1932/1932 1577/1577/1577 1930/1930/1930
f 1930/1930/1930 1567/1567/1567 1933/1933/1933
f 1933/1933/1933 1934/1934/1934 1930/1930/1930
f 1935/1935/1935 1548/1548/1548 1555/1555/1555
f 1555/1555/1555 1929/1929/1929 1935/1935/1935
f 1935/1935/1935 1936/1936/1936 1937/1937/1937
f 1937/1937/1937 1938/1938/1938 1935/1935/1935
f 1939/1939/1939 1940/1940/1940 1933/1933/1933
f 1933/1933/1933 1566/1566/1566 1939/1939/1939
f 1939/1939/1939 1554/1554/1554 1941/1941/1941
f 1941/1941/1941 1942/1942/1942 1939/1939/1939
f 1943/1943/1943 1543/1543/1543 1944/1944/1944
f 1543/1543/1543 1938/1938/1938 1944/1944/1944
f 1944/1944/1944 1945/1945/1945 1946/1946/1946
f 1944/1944/1944 1947/1947/1947 1943/1943/1943
f 1948/1948/1948 1949/1949/1949 1941/1941/1941
f 1941/1941/1941 1553/1553/1553 1948/1948/1948
f 1553/1553/1553 1950/1950/1950 1948/1948/1948
f 1948/1948/1948 1951/1951/1951 1952/1952/1952
f 1953/1953/1953 1536/1536/1536 1954/1954/1954
f 1954/1954/1954 1535/1535/1535 1943/1943/1943
f 1943/1943/1943 1955/1955/1955 1954/1954/1954
f 1954/1954/1954 1956/1956/1956 1953/1953/1953
f 1957/1957/1957 1950/1950/1950 1958/1958/1958
f 1958/1958/1958 1542/1542/1542 1541/1541/1541
f 1541/1541/1541 1959/1959/1959 1958/1958/1958
f 1958/1958/1958 1960/1960/1960 1957/1957/1957
f 1961/1961/1961 1524/1524/1524 1962/1962/1962
f 1962/1962/1962 1532/1532/1532 1953/1953/1953
f 1953/1953/1953 1963/1963/1963 1962/1962/1962
f 1962/1962/1962 1964/1964/1964 1961/1961/1961
f 1965/1965/1965 1959/1959/1959 1966/1966/1966
f 1966/1966/1966 1540/1540/1540 1529/1529/1529
f 1529/1529/1529 1967/1967/1967 1966/1966/1966
f 1966/1966/1966 1968/1968/1968 1965/1965/1965
f 1969/1969/1969 1506/1506/1506 1970/1970/1970
f 1970/1970/1970 1520/1520/1520 1961/1961/1961
f 1961/1961/1961 1971/1971/1971 1970/1970/1970
f 1971/1971/1971 1969/1969/1969 1970/1970/1970
f 1972/1972/1972 1967/1967/1967 1973/1973/1973
f 1973/1973/1973 1528/1528/1528 1516/1516/1516
f 1516/1516/1516 1974/1974/1974 1973/1973/1973
f 1974/1974/1974 1972/1972/1972 1973/1973/1973
f 1971/1971/1971 1975/1975/1975 1976/1976/1976
f 1976/1976/1976 1936/1936/1936 1928/1928/1928
f 1928/1928/1928 1977/1977/1977 1976/1976/1976
f 1976/1976/1976 1978/1978/1978 1971/1971/1971
f 1979/1979/1979 1934/1934/1934 1980/1980/1980
f 1980/1980/1980 1940/1940/1940 1981/1981/1981
f 1981/1981/1981 1972/1972/1972 1980/1980/1980
f 1980/1980/1980 1982/1982/1982 1979/1979/1979
f 1983/1983/1983 1964/1964/1964 1963/1963/1963
f 1963/1963/1963 1984/1984/1984 1983/1983/1983
f 1983/1983/1983 1945/1945/1945 1937/1937/1937
f 1937/1937/1937 1975/1975/1975 1983/1983/1983
f 1985/1985/1985 1949/1949/1949 1986/1986/1986
f 1986/1986/1986 1965/1965/1965 1985/1985/1985
f 1985/1985/1985 1968/1968/1968 1981/1981/1981
f 1981/1981/1981 1942/1942/1942 1985/1985/1985
f 1984/1984/1984 1955/1955/1955 1987/1987/1987
f 1987/1987/1987 1947/1947/1947 1946/1946/1946
f 1946/1946/1946 1984/1984/1984 1987/1987/1987
f 1986/1986/1986 1952/1952/1952 1988/1988/1988
f 1988/1988/1988 1951/1951/1951 1957/1957/1957
f 1957/1957/1957 1986/1986/1986 1988/1988/1988
f 1989/1989/1989 1431/1431/1431 1990/1990/1990
f 1431/1431/1431 1657/1657/1657 1990/1990/1990
f 1657/1657/1657 1969/1969/1969 1990/1990/1990
f 1990/1990/1990 1978/1978/1978 1989/1989/1989
f 1974/1974/1974 1662/1662/1662 1991/1991/1991
f 1662/1662/1662 1435/1435/1435 1991/1991/1991
f 1435/1435/1435 1992/1992/1992 1991/1991/1991
f 1991/1991/1991 1982/1982/1982 1974/1974/1974
f 1993/1993/1993 1354/1354/1354 1989/1989/1989
f 1989/1989/1989 1977/1977/1977 1993/1993/1993
f 1993/1993/1993 1927/1927/1927 1994/1994/1994
f 1993/1993/1993 1491/1491/1491 1475/1475/1475
f 1995/1995/1995 1931/1931/1931 1979/1979/1979
f 1979/1979/1979 1992/1992/1992 1995/1995/1995
f 1995/1995/1995 1363/1363/1363 1482/1482/1482
f 1995/1995/1995 1496/1496/1496 1996/1996/1996
f 1997/1997/1997 1451/1451/1451 1487/1487/1487
f 1487/1487/1487 1994/1994/1994 1997/1997/1997
f 1997/1997/1997 1927/1927/1927 1926/1926/1926
f 1997/1997/1997 1641/1641/1641 1639/1639/1639
f 1998/1998/1998 1931/1931/1931 1996/1996/1996
f 1996/1996/1996 1495/1495/1495 1998/1998/1998
f 1998/1998/1998 1456/1456/1456 1647/1647/1647
f 1998/1998/1998 1646/1646/1646 1932/1932/1932
f 1/1/1 7/7/7 2/2/2
f 3/3/3 38/38/38 4/4/4
f 1/1/1 4/4/4 5/5/5
f 6/6/6 16/16/16 7/7/7
f 8/8/8 14/14/14 9/9/9
f 10/10/10 46/46/46 11/11/11
f 8/8/8 11/11/11 12/12/12
f 13/13/13 24/24/24 14/14/14
f 15/15/15 20/20/20 16/16/16
f 6/6/6 5/5/5 17/17/17
f 15/15/15 17/17/17 18/18/18
f 19/19/19 1999/1999/1999 20/20/20
f 21/21/21 26/26/26 22/22/22
f 23/23/23 9/9/9 14/14/14
f 21/21/21 14/14/14 24/24/24
f 25/25/25 2000/2000/2000 26/26/26
f 27/27/27 17/17/17 5/5/5
f 28/28/28 41/41/41 29/29/29
f 27/27/27 29/29/29 30/30/30
f 31/31/31 18/18/18 17/17/17
f 32/32/32 36/36/36 33/33/33
f 34/34/34 43/43/43 35/35/35
f 32/32/32 35/35/35 9/9/9
f 23/23/23 22/22/22 36/36/36
f 37/37/37 4/4/4 38/38/38
f 39/39/39 48/48/48 40/40/40
f 37/37/37 40/40/40 41/41/41
f 28/28/28 5/5/5 4/4/4
f 42/42/42 35/35/35 43/43/43
f 44/44/44 57/57/57 45/45/45
f 42/42/42 45/45/45 46/46/46
f 10/10/10 9/9/9 35/35/35
f 47/47/47 40/40/40 48/48/48
f 49/49/49 78/78/78 50/50/50
f 47/47/47 50/50/50 51/51/51
f 52/52/52 41/41/41 40/40/40
f 53/53/53 58/58/58 54/54/54
f 55/55/55 84/84/84 56/56/56
f 53/53/53 56/56/56 57/57/57
f 44/44/44 43/43/43 58/58/58
f 59/59/59 29/29/29 41/41/41
f 52/52/52 51/51/51 60/60/60
f 59/59/59 60/60/60 61/61/61
f 62/62/62 30/30/30 29/29/29
f 63/63/63 66/66/66 64/64/64
f 65/65/65 54/54/54 58/58/58
f 63/63/63 58/58/58 43/43/43
f 34/34/34 33/33/33 66/66/66
f 67/67/67 60/60/60 51/51/51
f 67/67/67 68/68/68 69/69/69
f 70/70/70 101/101/101 71/71/71
f 71/71/71 61/61/61 60/60/60
f 72/72/72 106/106/106 73/73/73
f 74/74/74 73/73/73 75/75/75
f 74/74/74 76/76/76 54/54/54
f 65/65/65 64/64/64 72/72/72
f 77/77/77 50/50/50 78/78/78
f 79/79/79 86/86/86 80/80/80
f 80/80/80 69/69/69 68/68/68
f 68/68/68 51/51/51 50/50/50
f 76/76/76 75/75/75 81/81/81
f 81/81/81 96/96/96 83/83/83
f 82/82/82 83/83/83 84/84/84
f 55/55/55 54/54/54 76/76/76
f 85/85/85 80/80/80 86/86/86
f 85/85/85 87/87/87 88/88/88
f 89/89/89 98/98/98 90/90/90
f 90/90/90 69/69/69 80/80/80
f 91/91/91 105/105/105 92/92/92
f 93/93/93 92/92/92 94/94/94
f 93/93/93 95/95/95 96/96/96
f 81/81/81 75/75/75 91/91/91
f 70/70/70 69/69/69 90/90/90
f 97/97/97 90/90/90 98/98/98
f 99/99/99 112/112/112 100/100/100
f 97/97/97 100/100/100 101/101/101
f 102/102/102 118/118/118 103/103/103
f 104/104/104 103/103/103 105/105/105
f 91/91/91 75/75/75 73/73/73
f 104/104/104 73/73/73 106/106/106
f 99/99/99 98/98/98 107/107/107
f 108/108/108 107/107/107 109/109/109
f 110/110/110 141/141/141 111/111/111
f 108/108/108 111/111/111 112/112/112
f 113/113/113 146/146/146 114/114/114
f 115/115/115 114/114/114 116/116/116
f 117/117/117 105/105/105 103/103/103
f 115/115/115 103/103/103 118/118/118
f 89/89/89 88/88/88 119/119/119
f 120/120/120 119/119/119 121/121/121
f 122/122/122 109/109/109 107/107/107
f 120/120/120 107/107/107 98/98/98
f 117/117/117 116/116/116 123/123/123
f 124/124/124 123/123/123 125/125/125
f 126/126/126 94/94/94 92/92/92
f 124/124/124 92/92/92 105/105/105
f 122/122/122 121/121/121 127/127/127
f 128/128/128 127/127/127 129/129/129
f 130/130/130 138/138/138 131/131/131
f 128/128/128 131/131/131 109/109/109
f 132/132/132 145/145/145 133/133/133
f 134/134/134 133/133/133 135/135/135
f 136/136/136 125/125/125 123/123/123
f 134/134/134 123/123/123 116/116/116
f 110/110/110 109/109/109 131/131/131
f 137/137/137 131/131/131 138/138/138
f 139/139/139 150/150/150 140/140/140
f 137/137/137 140/140/140 141/141/141
f 142/142/142 154/154/154 143/143/143
f 144/144/144 143/143/143 145/145/145
f 132/132/132 116/116/116 114/114/114
f 144/144/144 114/114/114 146/146/146
f 139/139/139 138/138/138 147/147/147
f 148/148/148 147/147/147 16/16/16
f 20/20/20 1999/1999/1999 149/149/149
f 148/148/148 149/149/149 150/150/150
f 151/151/151 2000/2000/2000 25/25/25
f 152/152/152 25/25/25 24/24/24
f 153/153/153 145/145/145 143/143/143
f 152/152/152 143/143/143 154/154/154
f 130/130/130 129/129/129 155/155/155
f 156/156/156 155/155/155 2/2/2
f 7/7/7 16/16/16 147/147/147
f 156/156/156 147/147/147 138/138/138
f 153/153/153 24/24/24 13/13/13
f 157/157/157 13/13/13 12/12/12
f 158/158/158 135/135/135 133/133/133
f 157/157/157 133/133/133 145/145/145
f 159/159/159 2/2/2 155/155/155
f 160/160/160 155/155/155 129/129/129
f 161/161/161 172/172/172 162/162/162
f 160/160/160 162/162/162 163/163/163
f 164/164/164 176/176/176 165/165/165
f 166/166/166 165/165/165 135/135/135
f 158/158/158 12/12/12 167/167/167
f 166/166/166 167/167/167 168/168/168
f 161/161/161 129/129/129 127/127/127
f 169/169/169 127/127/127 121/121/121
f 170/170/170 180/180/180 171/171/171
f 169/169/169 171/171/171 172/172/172
f 173/173/173 184/184/184 174/174/174
f 175/175/175 174/174/174 125/125/125
f 136/136/136 135/135/135 165/165/165
f 175/175/175 165/165/165 176/176/176
f 170/170/170 121/121/121 119/119/119
f 177/177/177 119/119/119 88/88/88
f 178/178/178 188/188/188 179/179/179
f 177/177/177 179/179/179 180/180/180
f 181/181/181 192/192/192 182/182/182
f 183/183/183 182/182/182 94/94/94
f 126/126/126 125/125/125 174/174/174
f 183/183/183 174/174/174 184/184/184
f 178/178/178 88/88/88 87/87/87
f 87/87/87 86/86/86 186/186/186
f 186/186/186 237/237/237 187/187/187
f 185/185/185 187/187/187 188/188/188
f 189/189/189 239/239/239 190/190/190
f 190/190/190 96/96/96 95/95/95
f 95/95/95 94/94/94 182/182/182
f 191/191/191 182/182/182 192/192/192
f 193/193/193 186/186/186 86/86/86
f 79/79/79 78/78/78 194/194/194
f 193/193/193 194/194/194 195/195/195
f 196/196/196 237/237/237 186/186/186
f 197/197/197 200/200/200 198/198/198
f 199/199/199 84/84/84 83/83/83
f 197/197/197 83/83/83 96/96/96
f 190/190/190 239/239/239 200/200/200
f 201/201/201 194/194/194 78/78/78
f 49/49/49 48/48/48 202/202/202
f 201/201/201 202/202/202 203/203/203
f 204/204/204 195/195/195 194/194/194
f 205/205/205 208/208/208 206/206/206
f 207/207/207 57/57/57 56/56/56
f 205/205/205 56/56/56 84/84/84
f 199/199/199 198/198/198 208/208/208
f 209/209/209 202/202/202 48/48/48
f 39/39/39 38/38/38 210/210/210
f 209/209/209 210/210/210 211/211/211
f 212/212/212 203/203/203 202/202/202
f 213/213/213 216/216/216 214/214/214
f 215/215/215 46/46/46 45/45/45
f 213/213/213 45/45/45 57/57/57
f 207/207/207 206/206/206 216/216/216
f 217/217/217 210/210/210 38/38/38
f 3/3/3 2/2/2 159/159/159
f 217/217/217 159/159/159 163/163/163
f 218/218/218 211/211/211 210/210/210
f 219/219/219 220/220/220 168/168/168
f 167/167/167 12/12/12 11/11/11
f 219/219/219 11/11/11 46/46/46
f 215/215/215 214/214/214 220/220/220
f 221/221/221 2001/2001/2001 222/222/222
f 223/223/223 222/222/222 211/211/211
f 223/223/223 218/218/218 163/163/163
f 224/224/224 226/226/226 168/168/168
f 224/224/224 220/220/220 214/214/214
f 225/225/225 2002/2002/2002 226/226/226
f 227/227/227 228/228/228 203/203/203
f 227/227/227 212/212/212 211/211/211
f 222/222/222 2001/2001/2001 228/228/228
f 229/229/229 2002/2002/2002 225/225/225
f 230/230/230 225/225/225 214/214/214
f 230/230/230 216/216/216 206/206/206
f 228/228/228 2001/2001/2001 231/231/231
f 232/232/232 231/231/231 195/195/195
f 232/232/232 204/204/204 203/203/203
f 233/233/233 229/229/229 206/206/206
f 233/233/233 208/208/208 198/198/198
f 234/234/234 2002/2002/2002 229/229/229
f 231/231/231 2001/2001/2001 235/235/235
f 236/236/236 235/235/235 237/237/237
f 236/236/236 196/196/196 195/195/195
f 238/238/238 234/234/234 198/198/198
f 238/238/238 200/200/200 239/239/239
f 240/240/240 2002/2002/2002 234/234/234
f 235/235/235 2001/2001/2001 241/241/241
f 242/242/242 241/241/241 188/188/188
f 242/242/242 187/187/187 237/237/237
f 243/243/243 240/240/240 239/239/239
f 243/243/243 189/189/189 192/192/192
f 244/244/244 2002/2002/2002 240/240/240
f 241/241/241 2001/2001/2001 245/245/245
f 246/246/246 245/245/245 180/180/180
f 246/246/246 179/179/179 188/188/188
f 247/247/247 244/244/244 192/192/192
f 247/247/247 181/181/181 184/184/184
f 248/248/248 2002/2002/2002 244/244/244
f 245/245/245 2001/2001/2001 249/249/249
f 250/250/250 249/249/249 172/172/172
f 250/250/250 171/171/171 180/180/180
f 251/251/251 248/248/248 184/184/184
f 251/251/251 173/173/173 176/176/176
f 252/252/252 2002/2002/2002 248/248/248
f 249/249/249 2001/2001/2001 221/221/221
f 253/253/253 221/221/221 163/163/163
f 253/253/253 162/162/162 172/172/172
f 254/254/254 252/252/252 176/176/176
f 254/254/254 164/164/164 168/168/168
f 226/226/226 2002/2002/2002 252/252/252
f 255/255/255 272/272/272 256/256/256
f 257/257/257 256/256/256 258/258/258
f 259/259/259 541/541/541 260/260/260
f 257/257/257 260/260/260 261/261/261
f 260/260/260 541/541/541 262/262/262
f 263/263/263 262/262/262 264/264/264
f 265/265/265 278/278/278 266/266/266
f 263/263/263 266/266/266 261/261/261
f 267/267/267 283/283/283 268/268/268
f 269/269/269 268/268/268 270/270/270
f 271/271/271 258/258/258 256/256/256
f 269/269/269 256/256/256 272/272/272
f 265/265/265 264/264/264 273/273/273
f 274/274/274 273/273/273 275/275/275
f 276/276/276 290/290/290 277/277/277
f 274/274/274 277/277/277 278/278/278
f 279/279/279 284/284/284 280/280/280
f 281/281/281 295/295/295 282/282/282
f 279/279/279 282/282/282 270/270/270
f 279/279/279 268/268/268 283/283/283
f 285/285/285 276/276/276 275/275/275
f 286/286/286 297/297/297 287/287/287
f 285/285/285 287/287/287 288/288/288
f 285/285/285 289/289/289 290/290/290
f 291/291/291 306/306/306 292/292/292
f 292/292/292 305/305/305 294/294/294
f 293/293/293 294/294/294 295/295/295
f 281/281/281 280/280/280 291/291/291
f 296/296/296 287/287/287 297/297/297
f 298/298/298 308/308/308 299/299/299
f 299/299/299 312/312/312 300/300/300
f 300/300/300 288/288/288 287/287/287
f 301/301/301 732/732/732 302/302/302
f 302/302/302 562/562/562 304/304/304
f 303/303/303 304/304/304 305/305/305
f 303/303/303 292/292/292 306/306/306
f 307/307/307 299/299/299 308/308/308
f 309/309/309 571/571/571 310/310/310
f 310/310/310 738/738/738 311/311/311
f 307/307/307 311/311/311 312/312/312
f 313/313/313 319/319/319 314/314/314
f 315/315/315 328/328/328 316/316/316
f 313/313/313 316/316/316 317/317/317
f 318/318/318 706/706/706 319/319/319
f 320/320/320 326/326/326 321/321/321
f 322/322/322 339/339/339 323/323/323
f 320/320/320 323/323/323 324/324/324
f 325/325/325 709/709/709 326/326/326
f 327/327/327 316/316/316 328/328/328
f 327/327/327 329/329/329 330/330/330
f 327/327/327 331/331/331 332/332/332
f 333/333/333 317/317/317 316/316/316
f 334/334/334 340/340/340 335/335/335
f 334/334/334 336/336/336 337/337/337
f 334/334/334 338/338/338 339/339/339
f 322/322/322 321/321/321 340/340/340
f 341/341/341 331/331/331 330/330/330
f 342/342/342 1078/1078/1078 343/343/343
f 341/341/341 343/343/343 344/344/344
f 345/345/345 332/332/332 331/331/331
f 346/346/346 350/350/350 347/347/347
f 348/348/348 1085/1085/1085 349/349/349
f 346/346/346 349/349/349 337/337/337
f 336/336/336 335/335/335 350/350/350
f 343/343/343 1078/1078/1078 351/351/351
f 352/352/352 351/351/351 353/353/353
f 354/354/354 366/366/366 355/355/355
f 352/352/352 355/355/355 344/344/344
f 356/356/356 372/372/372 357/357/357
f 358/358/358 357/357/357 359/359/359
f 360/360/360 1085/1085/1085 348/348/348
f 358/358/358 348/348/348 347/347/347
f 354/354/354 353/353/353 361/361/361
f 362/362/362 361/361/361 363/363/363
f 364/364/364 378/378/378 365/365/365
f 362/362/362 365/365/365 366/366/366
f 367/367/367 384/384/384 368/368/368
f 369/369/369 368/368/368 370/370/370
f 371/371/371 359/359/359 357/357/357
f 369/369/369 357/357/357 372/372/372
f 364/364/364 363/363/363 373/373/373
f 374/374/374 373/373/373 375/375/375
f 376/376/376 448/448/448 377/377/377
f 374/374/374 377/377/377 378/378/378
f 379/379/379 451/451/451 380/380/380
f 381/381/381 380/380/380 382/382/382
f 383/383/383 370/370/370 368/368/368
f 381/381/381 368/368/368 384/384/384
f 376/376/376 375/375/375 385/385/385
f 386/386/386 385/385/385 387/387/387
f 386/386/386 388/388/388 389/389/389
f 390/390/390 448/448/448 376/376/376
f 391/391/391 396/396/396 392/392/392
f 391/391/391 393/393/393 394/394/394
f 395/395/395 382/382/382 380/380/380
f 380/380/380 451/451/451 396/396/396
f 388/388/388 387/387/387 397/397/397
f 398/398/398 397/397/397 399/399/399
f 400/400/400 412/412/412 401/401/401
f 401/401/401 389/389/389 388/388/388
f 402/402/402 418/418/418 403/403/403
f 404/404/404 403/403/403 405/405/405
f 406/406/406 394/394/394 393/393/393
f 393/393/393 392/392/392 402/402/402
f 400/400/400 399/399/399 407/407/407
f 408/408/408 407/407/407 409/409/409
f 410/410/410 424/424/424 411/411/411
f 408/408/408 411/411/411 412/412/412
f 413/413/413 428/428/428 414/414/414
f 415/415/415 414/414/414 416/416/416
f 417/417/417 405/405/405 403/403/403
f 415/415/415 403/403/403 418/418/418
f 410/410/410 409/409/409 419/419/419
f 420/420/420 419/419/419 421/421/421
f 422/422/422 2003/2003/2003 423/423/423
f 420/420/420 423/423/423 424/424/424
f 425/425/425 2003/2003/2003 422/422/422
f 426/426/426 422/422/422 421/421/421
f 427/427/427 416/416/416 414/414/414
f 426/426/426 414/414/414 428/428/428
f 429/429/429 844/844/844 430/430/430
f 431/431/431 430/430/430 432/432/432
f 433/433/433 412/412/412 411/411/411
f 431/431/431 411/411/411 424/424/424
f 413/413/413 418/418/418 434/434/434
f 435/435/435 434/434/434 436/436/436
f 437/437/437 851/851/851 438/438/438
f 435/435/435 438/438/438 428/428/428
f 433/433/433 432/432/432 439/439/439
f 439/439/439 449/449/449 441/441/441
f 440/440/440 441/441/441 389/389/389
f 440/440/440 401/401/401 412/412/412
f 442/442/442 402/402/402 392/392/392
f 443/443/443 454/454/454 444/444/444
f 444/444/444 436/436/436 434/434/434
f 442/442/442 434/434/434 418/418/418
f 445/445/445 458/458/458 446/446/446
f 447/447/447 446/446/446 448/448/448
f 390/390/390 389/389/389 441/441/441
f 447/447/447 441/441/441 449/449/449
f 443/443/443 392/392/392 396/396/396
f 450/450/450 396/396/396 451/451/451
f 452/452/452 464/464/464 453/453/453
f 450/450/450 453/453/453 454/454/454
f 455/455/455 459/459/459 456/456/456
f 457/457/457 378/378/378 377/377/377
f 377/377/377 448/448/448 446/446/446
f 455/455/455 446/446/446 458/458/458
f 452/452/452 451/451/451 379/379/379
f 379/379/379 384/384/384 461/461/461
f 460/460/460 461/461/461 462/462/462
f 460/460/460 463/463/463 464/464/464
f 465/465/465 474/474/474 466/466/466
f 467/467/467 466/466/466 366/366/366
f 467/467/467 365/365/365 378/378/378
f 457/457/457 456/456/456 465/465/465
f 468/468/468 461/461/461 384/384/384
f 468/468/468 367/367/367 372/372/372
f 469/469/469 478/478/478 470/470/470
f 470/470/470 462/462/462 461/461/461
f 471/471/471 482/482/482 472/472/472
f 473/473/473 472/472/472 344/344/344
f 355/355/355 366/366/366 466/466/466
f 473/473/473 466/466/466 474/474/474
f 469/469/469 372/372/372 356/356/356
f 475/475/475 356/356/356 347/347/347
f 476/476/476 486/486/486 477/477/477
f 475/475/475 477/477/477 478/478/478
f 479/479/479 490/490/490 480/480/480
f 481/481/481 480/480/480 332/332/332
f 345/345/345 344/344/344 472/472/472
f 481/481/481 472/472/472 482/482/482
f 476/476/476 347/347/347 350/350/350
f 483/483/483 350/350/350 335/335/335
f 484/484/484 494/494/494 485/485/485
f 483/483/483 485/485/485 486/486/486
f 487/487/487 498/498/498 488/488/488
f 489/489/489 488/488/488 317/317/317
f 333/333/333 332/332/332 480/480/480
f 489/489/489 480/480/480 490/490/490
f 484/484/484 335/335/335 340/340/340
f 491/491/491 340/340/340 321/321/321
f 492/492/492 504/504/504 493/493/493
f 491/491/491 493/493/493 494/494/494
f 495/495/495 499/499/499 496/496/496
f 497/497/497 706/706/706 318/318/318
f 318/318/318 317/317/317 488/488/488
f 495/495/495 488/488/488 498/498/498
f 492/492/492 321/321/321 326/326/326
f 326/326/326 709/709/709 501/501/501
f 500/500/500 501/501/501 502/502/502
f 500/500/500 503/503/503 504/504/504
f 505/505/505 497/497/497 496/496/496
f 506/506/506 532/532/532 507/507/507
f 505/505/505 507/507/507 508/508/508
f 509/509/509 706/706/706 497/497/497
f 510/510/510 513/513/513 508/508/508
f 511/511/511 536/536/536 512/512/512
f 510/510/510 512/512/512 502/502/502
f 501/501/501 709/709/709 513/513/513
f 514/514/514 844/844/844 429/429/429
f 515/515/515 429/429/429 424/424/424
f 423/423/423 2003/2003/2003 516/516/516
f 515/515/515 516/516/516 517/517/517
f 518/518/518 2003/2003/2003 425/425/425
f 519/519/519 425/425/425 428/428/428
f 438/438/438 851/851/851 520/520/520
f 519/519/519 520/520/520 521/521/521
f 522/522/522 526/526/526 517/517/517
f 516/516/516 2003/2003/2003 523/523/523
f 522/522/522 523/523/523 524/524/524
f 525/525/525 824/824/824 526/526/526
f 527/527/527 529/529/529 524/524/524
f 523/523/523 2003/2003/2003 518/518/518
f 527/527/527 518/518/518 521/521/521
f 528/528/528 832/832/832 529/529/529
f 530/530/530 508/508/508 507/507/507
f 531/531/531 507/507/507 532/532/532
f 533/533/533 824/824/824 525/525/525
f 531/531/531 525/525/525 524/524/524
f 529/529/529 832/832/832 534/534/534
f 535/535/535 534/534/534 536/536/536
f 511/511/511 508/508/508 530/530/530
f 535/535/535 530/530/530 524/524/524
f 537/537/537 542/542/542 538/538/538
f 539/539/539 776/776/776 540/540/540
f 537/537/537 540/540/540 541/541/541
f 259/259/259 258/258/258 542/542/542
f 543/543/543 262/262/262 541/541/541
f 540/540/540 776/776/776 544/544/544
f 543/543/543 544/544/544 545/545/545
f 546/546/546 264/264/264 262/262/262
f 547/547/547 550/550/550 548/548/548
f 549/549/549 538/538/538 542/542/542
f 547/547/547 542/542/542 258/258/258
f 271/271/271 270/270/270 550/550/550
f 551/551/551 273/273/273 264/264/264
f 546/546/546 545/545/545 552/552/552
f 551/551/551 552/552/552 553/553/553
f 554/554/554 275/275/275 273/273/273
f 555/555/555 574/574/574 556/556/556
f 557/557/557 556/556/556 548/548/548
f 550/550/550 270/270/270 282/282/282
f 557/557/557 282/282/282 295/295/295
f 286/286/286 275/275/275 554/554/554
f 558/558/558 554/554/554 553/553/553
f 559/559/559 577/577/577 560/560/560
f 558/558/558 560/560/560 297/297/297
f 561/561/561 304/304/304 562/562/562
f 563/563/563 585/585/585 564/564/564
f 561/561/561 564/564/564 565/565/565
f 566/566/566 305/305/305 304/304/304
f 567/567/567 572/572/572 568/568/568
f 569/569/569 590/590/590 570/570/570
f 567/567/567 570/570/570 571/571/571
f 309/309/309 308/308/308 572/572/572
f 573/573/573 575/575/575 574/574/574
f 555/555/555 295/295/295 294/294/294
f 573/573/573 294/294/294 305/305/305
f 566/566/566 565/565/565 575/575/575
f 576/576/576 572/572/572 308/308/308
f 298/298/298 297/297/297 560/560/560
f 576/576/576 560/560/560 577/577/577
f 578/578/578 568/568/568 572/572/572
f 579/579/579 649/649/649 580/580/580
f 581/581/581 580/580/580 582/582/582
f 583/583/583 2004/2004/2004 584/584/584
f 581/581/581 584/584/584 585/585/585
f 586/586/586 2004/2004/2004 583/583/583
f 587/587/587 583/583/583 582/582/582
f 588/588/588 654/654/654 589/589/589
f 587/587/587 589/589/589 590/590/590
f 591/591/591 565/565/565 564/564/564
f 592/592/592 564/564/564 585/585/585
f 584/584/584 2004/2004/2004 593/593/593
f 592/592/592 593/593/593 594/594/594
f 593/593/593 2004/2004/2004 586/586/586
f 595/595/595 586/586/586 590/590/590
f 569/569/569 568/568/568 596/596/596
f 595/595/595 596/596/596 594/594/594
f 597/597/597 753/753/753 598/598/598
f 599/599/599 598/598/598 574/574/574
f 599/599/599 575/575/575 565/565/565
f 599/599/599 591/591/591 594/594/594
f 600/600/600 596/596/596 568/568/568
f 600/600/600 578/578/578 577/577/577
f 601/601/601 753/753/753 597/597/597
f 600/600/600 597/597/597 594/594/594
f 602/602/602 608/608/608 603/603/603
f 604/604/604 684/684/684 605/605/605
f 602/602/602 605/605/605 606/606/606
f 607/607/607 649/649/649 608/608/608
f 609/609/609 615/615/615 610/610/610
f 611/611/611 689/689/689 612/612/612
f 609/609/609 612/612/612 613/613/613
f 614/614/614 654/654/654 615/615/615
f 616/616/616 631/631/631 617/617/617
f 618/618/618 617/617/617 619/619/619
f 620/620/620 684/684/684 604/604/604
f 604/604/604 603/603/603 616/616/616
f 612/612/612 689/689/689 621/621/621
f 622/622/622 621/621/621 623/623/623
f 624/624/624 637/637/637 625/625/625
f 625/625/625 613/613/613 612/612/612
f 626/626/626 643/643/643 627/627/627
f 628/628/628 627/627/627 629/629/629
f 630/630/630 619/619/619 617/617/617
f 628/628/628 617/617/617 631/631/631
f 624/624/624 623/623/623 632/632/632
f 633/633/633 632/632/632 634/634/634
f 635/635/635 643/643/643 636/636/636
f 633/633/633 636/636/636 637/637/637
f 638/638/638 644/644/644 639/639/639
f 638/638/638 640/640/640 641/641/641
f 642/642/642 629/629/629 627/627/627
f 638/638/638 627/627/627 643/643/643
f 635/635/635 634/634/634 645/645/645
f 646/646/646 645/645/645 641/641/641
f 646/646/646 640/640/640 639/639/639
f 646/646/646 644/644/644 643/643/643
f 647/647/647 582/582/582 580/580/580
f 648/648/648 580/580/580 649/649/649
f 607/607/607 606/606/606 650/650/650
f 648/648/648 650/650/650 651/651/651
f 652/652/652 610/610/610 615/615/615
f 653/653/653 615/615/615 654/654/654
f 588/588/588 582/582/582 647/647/647
f 653/653/653 647/647/647 651/651/651
f 655/655/655 651/651/651 650/650/650
f 656/656/656 650/650/650 606/606/606
f 656/656/656 657/657/657 658/658/658
f 656/656/656 659/659/659 660/660/660
f 661/661/661 664/664/664 662/662/662
f 661/661/661 663/663/663 610/610/610
f 652/652/652 651/651/651 655/655/655
f 661/661/661 655/655/655 660/660/660
f 665/665/665 642/642/642 641/641/641
f 666/666/666 701/701/701 667/667/667
f 665/665/665 667/667/667 668/668/668
f 669/669/669 629/629/629 642/642/642
f 670/670/670 673/673/673 671/671/671
f 672/672/672 701/701/701 666/666/666
f 670/670/670 666/666/666 641/641/641
f 645/645/645 634/634/634 673/673/673
f 630/630/630 629/629/629 669/669/669
f 669/669/669 668/668/668 675/675/675
f 675/675/675 681/681/681 676/676/676
f 674/674/674 676/676/676 619/619/619
f 677/677/677 688/688/688 678/678/678
f 678/678/678 671/671/671 673/673/673
f 673/673/673 634/634/634 632/632/632
f 679/679/679 632/632/632 623/623/623
f 620/620/620 619/619/619 676/676/676
f 680/680/680 676/676/676 681/681/681
f 682/682/682 691/691/691 683/683/683
f 680/680/680 683/683/683 684/684/684
f 685/685/685 695/695/695 686/686/686
f 687/687/687 686/686/686 688/688/688
f 677/677/677 623/623/623 621/621/621
f 687/687/687 621/621/621 689/689/689
f 690/690/690 605/605/605 684/684/684
f 690/690/690 683/683/683 691/691/691
f 692/692/692 658/658/658 657/657/657
f 657/657/657 606/606/606 605/605/605
f 663/663/663 662/662/662 693/693/693
f 694/694/694 693/693/693 695/695/695
f 694/694/694 685/685/685 689/689/689
f 611/611/611 610/610/610 663/663/663
f 667/667/667 701/701/701 696/696/696
f 697/697/697 696/696/696 691/691/691
f 697/697/697 682/682/682 681/681/681
f 697/697/697 675/675/675 668/668/668
f 698/698/698 678/678/678 688/688/688
f 698/698/698 686/686/686 695/695/695
f 699/699/699 701/701/701 672/672/672
f 698/698/698 672/672/672 671/671/671
f 700/700/700 696/696/696 701/701/701
f 702/702/702 660/660/660 659/659/659
f 700/700/700 659/659/659 658/658/658
f 692/692/692 691/691/691 696/696/696
f 703/703/703 693/693/693 662/662/662
f 664/664/664 660/660/660 702/702/702
f 703/703/703 702/702/702 701/701/701
f 699/699/699 695/695/695 693/693/693
f 704/704/704 707/707/707 643/643/643
f 626/626/626 631/631/631 705/705/705
f 704/704/704 705/705/705 706/706/706
f 509/509/509 508/508/508 707/707/707
f 708/708/708 513/513/513 709/709/709
f 710/710/710 637/637/637 636/636/636
f 708/708/708 636/636/636 643/643/643
f 707/707/707 508/508/508 513/513/513
f 711/711/711 705/705/705 631/631/631
f 711/711/711 616/616/616 603/603/603
f 712/712/712 720/720/720 713/713/713
f 711/711/711 713/713/713 706/706/706
f 714/714/714 724/724/724 715/715/715
f 716/716/716 715/715/715 613/613/613
f 716/716/716 625/625/625 637/637/637
f 716/716/716 710/710/710 709/709/709
f 712/712/712 603/603/603 608/608/608
f 608/608/608 649/649/649 718/718/718
f 718/718/718 727/727/727 719/719/719
f 717/717/717 719/719/719 720/720/720
f 721/721/721 730/730/730 722/722/722
f 722/722/722 654/654/654 614/614/614
f 614/614/614 613/613/613 715/715/715
f 723/723/723 715/715/715 724/724/724
f 718/718/718 649/649/649 579/579/579
f 725/725/725 579/579/579 585/585/585
f 563/563/563 562/562/562 726/726/726
f 725/725/725 726/726/726 727/727/727
f 728/728/728 571/571/571 570/570/570
f 729/729/729 570/570/570 590/590/590
f 589/589/589 654/654/654 722/722/722
f 729/729/729 722/722/722 730/730/730
f 731/731/731 302/302/302 732/732/732
f 733/733/733 1199/1199/1199 734/734/734
f 734/734/734 727/727/727 726/726/726
f 731/731/731 726/726/726 562/562/562
f 728/728/728 730/730/730 735/735/735
f 735/735/735 1202/1202/1202 737/737/737
f 736/736/736 737/737/737 738/738/738
f 736/736/736 310/310/310 571/571/571
f 734/734/734 1199/1199/1199 739/739/739
f 740/740/740 739/739/739 741/741/741
f 742/742/742 720/720/720 719/719/719
f 740/740/740 719/719/719 727/727/727
f 721/721/721 724/724/724 743/743/743
f 744/744/744 743/743/743 745/745/745
f 746/746/746 1202/1202/1202 735/735/735
f 744/744/744 735/735/735 730/730/730
f 747/747/747 748/748/748 314/314/314
f 319/319/319 706/706/706 713/713/713
f 747/747/747 713/713/713 720/720/720
f 742/742/742 741/741/741 748/748/748
f 749/749/749 743/743/743 724/724/724
f 714/714/714 709/709/709 325/325/325
f 749/749/749 325/325/325 324/324/324
f 750/750/750 745/745/745 743/743/743
f 751/751/751 574/574/574 598/598/598
f 752/752/752 598/598/598 753/753/753
f 754/754/754 810/810/810 755/755/755
f 752/752/752 755/755/755 756/756/756
f 757/757/757 810/810/810 754/754/754
f 758/758/758 754/754/754 753/753/753
f 601/601/601 577/577/577 759/759/759
f 758/758/758 759/759/759 760/760/760
f 761/761/761 548/548/548 556/556/556
f 762/762/762 556/556/556 574/574/574
f 762/762/762 751/751/751 756/756/756
f 763/763/763 768/768/768 761/761/761
f 764/764/764 766/766/766 760/760/760
f 764/764/764 759/759/759 577/577/577
f 559/559/559 553/553/553 765/765/765
f 765/765/765 772/772/772 766/766/766
f 767/767/767 770/770/770 538/538/538
f 767/767/767 549/549/549 548/548/548
f 767/767/767 761/761/761 768/768/768
f 769/769/769 777/777/777 770/770/770
f 771/771/771 774/774/774 772/772/772
f 771/771/771 765/765/765 553/553/553
f 771/771/771 552/552/552 545/545/545
f 773/773/773 781/781/781 774/774/774
f 775/775/775 779/779/779 776/776/776
f 539/539/539 538/538/538 770/770/770
f 775/775/775 770/770/770 777/777/777
f 778/778/778 2005/2005/2005 779/779/779
f 780/780/780 782/782/782 781/781/781
f 773/773/773 545/545/545 544/544/544
f 780/780/780 544/544/544 776/776/776
f 779/779/779 2005/2005/2005 782/782/782
f 783/783/783 2005/2005/2005 778/778/778
f 778/778/778 777/777/777 785/785/785
f 785/785/785 795/795/795 786/786/786
f 784/784/784 786/786/786 787/787/787
f 788/788/788 799/799/799 789/789/789
f 789/789/789 781/781/781 782/782/782
f 782/782/782 2005/2005/2005 783/783/783
f 790/790/790 783/783/783 787/787/787
f 791/791/791 785/785/785 777/777/777
f 769/769/769 768/768/768 792/792/792
f 791/791/791 792/792/792 793/793/793
f 791/791/791 794/794/794 795/795/795
f 796/796/796 800/800/800 797/797/797
f 798/798/798 772/772/772 774/774/774
f 796/796/796 774/774/774 781/781/781
f 796/796/796 789/789/789 799/799/799
f 801/801/801 792/792/792 768/768/768
f 763/763/763 756/756/756 802/802/802
f 801/801/801 802/802/802 803/803/803
f 804/804/804 793/793/793 792/792/792
f 805/805/805 808/808/808 806/806/806
f 807/807/807 760/760/760 766/766/766
f 805/805/805 766/766/766 772/772/772
f 798/798/798 797/797/797 808/808/808
f 802/802/802 756/756/756 755/755/755
f 809/809/809 755/755/755 810/810/810
f 811/811/811 816/816/816 812/812/812
f 809/809/809 812/812/812 803/803/803
f 813/813/813 816/816/816 811/811/811
f 814/814/814 811/811/811 810/810/810
f 757/757/757 760/760/760 807/807/807
f 814/814/814 807/807/807 806/806/806
f 815/815/815 812/812/812 816/816/816
f 817/817/817 787/787/787 786/786/786
f 815/815/815 786/786/786 795/795/795
f 818/818/818 803/803/803 812/812/812
f 819/819/819 820/820/820 799/799/799
f 788/788/788 787/787/787 817/817/817
f 819/819/819 817/817/817 816/816/816
f 813/813/813 806/806/806 820/820/820
f 804/804/804 803/803/803 818/818/818
f 818/818/818 795/795/795 794/794/794
f 821/821/821 794/794/794 793/793/793
f 822/822/822 808/808/808 797/797/797
f 800/800/800 799/799/799 820/820/820
f 820/820/820 806/806/806 808/808/808
f 823/823/823 828/828/828 824/824/824
f 533/533/533 532/532/532 825/825/825
f 823/823/823 825/825/825 826/826/826
f 827/827/827 837/837/837 828/828/828
f 829/829/829 834/834/834 830/830/830
f 831/831/831 536/536/536 534/534/534
f 829/829/829 534/534/534 832/832/832
f 833/833/833 840/840/840 834/834/834
f 835/835/835 517/517/517 526/526/526
f 836/836/836 526/526/526 824/824/824
f 836/836/836 828/828/828 837/837/837
f 838/838/838 845/845/845 835/835/835
f 839/839/839 842/842/842 840/840/840
f 839/839/839 833/833/833 832/832/832
f 528/528/528 521/521/521 841/841/841
f 841/841/841 850/850/850 842/842/842
f 843/843/843 848/848/848 844/844/844
f 843/843/843 514/514/514 517/517/517
f 843/843/843 835/835/835 845/845/845
f 843/843/843 846/846/846 847/847/847
f 849/849/849 854/854/854 850/850/850
f 849/849/849 841/841/841 521/521/521
f 849/849/849 520/520/520 851/851/851
f 849/849/849 852/852/852 853/853/853
f 855/855/855 825/825/825 532/532/532
f 855/855/855 506/506/506 496/496/496
f 856/856/856 1000/1000/1000 857/857/857
f 857/857/857 826/826/826 825/825/825
f 858/858/858 1005/1005/1005 859/859/859
f 860/860/860 859/859/859 502/502/502
f 860/860/860 512/512/512 536/536/536
f 831/831/831 830/830/830 858/858/858
f 861/861/861 856/856/856 496/496/496
f 499/499/499 498/498/498 862/862/862
f 861/861/861 862/862/862 863/863/863
f 864/864/864 1000/1000/1000 856/856/856
f 865/865/865 868/868/868 866/866/866
f 867/867/867 504/504/504 503/503/503
f 865/865/865 503/503/503 502/502/502
f 859/859/859 1005/1005/1005 868/868/868
f 869/869/869 862/862/862 498/498/498
f 487/487/487 490/490/490 870/870/870
f 869/869/869 870/870/870 871/871/871
f 872/872/872 863/863/863 862/862/862
f 873/873/873 876/876/876 874/874/874
f 875/875/875 494/494/494 493/493/493
f 873/873/873 493/493/493 504/504/504
f 867/867/867 866/866/866 876/876/876
f 877/877/877 870/870/870 490/490/490
f 479/479/479 482/482/482 878/878/878
f 877/877/877 878/878/878 879/879/879
f 880/880/880 871/871/871 870/870/870
f 881/881/881 884/884/884 882/882/882
f 883/883/883 486/486/486 485/485/485
f 881/881/881 485/485/485 494/494/494
f 875/875/875 874/874/874 884/884/884
f 885/885/885 878/878/878 482/482/482
f 471/471/471 474/474/474 886/886/886
f 885/885/885 886/886/886 887/887/887
f 888/888/888 879/879/879 878/878/878
f 889/889/889 892/892/892 890/890/890
f 891/891/891 478/478/478 477/477/477
f 889/889/889 477/477/477 486/486/486
f 883/883/883 882/882/882 892/892/892
f 893/893/893 886/886/886 474/474/474
f 893/893/893 465/465/465 456/456/456
f 894/894/894 902/902/902 895/895/895
f 893/893/893 895/895/895 887/887/887
f 896/896/896 906/906/906 897/897/897
f 898/898/898 897/897/897 462/462/462
f 898/898/898 470/470/470 478/478/478
f 898/898/898 891/891/891 890/890/890
f 894/894/894 456/456/456 459/459/459
f 899/899/899 459/459/459 458/458/458
f 900/900/900 944/944/944 901/901/901
f 899/899/899 901/901/901 902/902/902
f 903/903/903 950/950/950 904/904/904
f 905/905/905 904/904/904 464/464/464
f 463/463/463 462/462/462 897/897/897
f 905/905/905 897/897/897 906/906/906
f 907/907/907 900/900/900 458/458/458
f 445/445/445 449/449/449 908/908/908
f 907/907/907 908/908/908 909/909/909
f 910/910/910 944/944/944 900/900/900
f 911/911/911 914/914/914 912/912/912
f 913/913/913 454/454/454 453/453/453
f 911/911/911 453/453/453 464/464/464
f 904/904/904 950/950/950 914/914/914
f 915/915/915 908/908/908 449/449/449
f 439/439/439 432/432/432 916/916/916
f 915/915/915 916/916/916 917/917/917
f 918/918/918 909/909/909 908/908/908
f 919/919/919 922/922/922 920/920/920
f 921/921/921 436/436/436 444/444/444
f 919/919/919 444/444/444 454/454/454
f 913/913/913 912/912/912 922/922/922
f 923/923/923 916/916/916 432/432/432
f 430/430/430 844/844/844 848/848/848
f 923/923/923 848/848/848 847/847/847
f 924/924/924 917/917/917 916/916/916
f 925/925/925 926/926/926 853/853/853
f 852/852/852 851/851/851 437/437/437
f 925/925/925 437/437/437 436/436/436
f 921/921/921 920/920/920 926/926/926
f 927/927/927 931/931/931 917/917/917
f 924/924/924 847/847/847 928/928/928
f 928/928/928 2006/2006/2006 929/929/929
f 927/927/927 929/929/929 930/930/930
f 932/932/932 2007/2007/2007 933/933/933
f 933/933/933 853/853/853 926/926/926
f 934/934/934 926/926/926 920/920/920
f 934/934/934 935/935/935 936/936/936
f 937/937/937 939/939/939 909/909/909
f 918/918/918 917/917/917 931/931/931
f 937/937/937 931/931/931 930/930/930
f 938/938/938 945/945/945 939/939/939
f 940/940/940 942/942/942 936/936/936
f 935/935/935 920/920/920 922/922/922
f 940/940/940 922/922/922 912/912/912
f 941/941/941 949/949/949 942/942/942
f 943/943/943 947/947/947 944/944/944
f 910/910/910 909/909/909 939/939/939
f 943/943/943 939/939/939 945/945/945
f 946/946/946 2008/2008/2008 947/947/947
f 948/948/948 952/952/952 949/949/949
f 941/941/941 912/912/912 914/914/914
f 948/948/948 914/914/914 950/950/950
f 951/951/951 2009/2009/2009 952/952/952
f 953/953/953 902/902/902 901/901/901
f 954/954/954 901/901/901 944/944/944
f 947/947/947 2008/2008/2008 955/955/955
f 954/954/954 955/955/955 956/956/956
f 957/957/957 2009/2009/2009 951/951/951
f 958/958/958 951/951/951 950/950/950
f 903/903/903 906/906/906 959/959/959
f 958/958/958 959/959/959 960/960/960
f 961/961/961 963/963/963 887/887/887
f 961/961/961 895/895/895 902/902/902
f 953/953/953 956/956/956 962/962/962
f 962/962/962 968/968/968 963/963/963
f 964/964/964 960/960/960 959/959/959
f 965/965/965 959/959/959 906/906/906
f 965/965/965 896/896/896 890/890/890
f 966/966/966 972/972/972 964/964/964
f 967/967/967 970/970/970 879/879/879
f 888/888/888 887/887/887 963/963/963
f 967/967/967 963/963/963 968/968/968
f 969/969/969 976/976/976 970/970/970
f 971/971/971 974/974/974 972/972/972
f 966/966/966 890/890/890 892/892/892
f 971/971/971 892/892/892 882/882/882
f 973/973/973 980/980/980 974/974/974
f 975/975/975 978/978/978 871/871/871
f 880/880/880 879/879/879 970/970/970
f 975/975/975 970/970/970 976/976/976
f 977/977/977 2010/2010/2010 978/978/978
f 979/979/979 982/982/982 980/980/980
f 973/973/973 882/882/882 884/884/884
f 979/979/979 884/884/884 874/874/874
f 981/981/981 2011/2011/2011 982/982/982
f 983/983/983 863/863/863 872/872/872
f 984/984/984 872/872/872 871/871/871
f 978/978/978 2010/2010/2010 985/985/985
f 984/984/984 985/985/985 986/986/986
f 987/987/987 2011/2011/2011 981/981/981
f 988/988/988 981/981/981 874/874/874
f 876/876/876 866/866/866 989/989/989
f 988/988/988 989/989/989 990/990/990
f 991/991/991 1000/1000/1000 864/864/864
f 992/992/992 864/864/864 863/863/863
f 983/983/983 986/986/986 993/993/993
f 992/992/992 993/993/993 994/994/994
f 995/995/995 990/990/990 989/989/989
f 996/996/996 989/989/989 866/866/866
f 868/868/868 1005/1005/1005 997/997/997
f 996/996/996 997/997/997 998/998/998
f 999/999/999 1002/1002/1002 826/826/826
f 999/999/999 857/857/857 1000/1000/1000
f 991/991/991 994/994/994 1001/1001/1001
f 1001/1001/1001 1024/1024/1024 1002/1002/1002
f 1003/1003/1003 998/998/998 997/997/997
f 1004/1004/1004 997/997/997 1005/1005/1005
f 1004/1004/1004 858/858/858 830/830/830
f 1006/1006/1006 1027/1027/1027 1003/1003/1003
f 1007/1007/1007 928/928/928 847/847/847
f 846/846/846 845/845/845 1008/1008/1008
f 1007/1007/1007 1008/1008/1008 1009/1009/1009
f 1010/1010/1010 2006/2006/2006 928/928/928
f 1011/1011/1011 1014/1014/1014 1012/1012/1012
f 1013/1013/1013 850/850/850 854/854/854
f 1011/1011/1011 854/854/854 853/853/853
f 933/933/933 2007/2007/2007 1014/1014/1014
f 1015/1015/1015 1008/1008/1008 845/845/845
f 838/838/838 837/837/837 1016/1016/1016
f 1015/1015/1015 1016/1016/1016 1017/1017/1017
f 1018/1018/1018 1009/1009/1009 1008/1008/1008
f 1019/1019/1019 1022/1022/1022 1020/1020/1020
f 1021/1021/1021 840/840/840 842/842/842
f 1019/1019/1019 842/842/842 850/850/850
f 1013/1013/1013 1012/1012/1012 1022/1022/1022
f 1023/1023/1023 1016/1016/1016 837/837/837
f 827/827/827 826/826/826 1002/1002/1002
f 1023/1023/1023 1002/1002/1002 1024/1024/1024
f 1025/1025/1025 1017/1017/1017 1016/1016/1016
f 1026/1026/1026 1028/1028/1028 1027/1027/1027
f 1006/1006/1006 830/830/830 834/834/834
f 1026/1026/1026 834/834/834 840/840/840
f 1021/1021/1021 1020/1020/1020 1028/1028/1028
f 1029/1029/1029 1033/1033/1033 421/421/421
f 419/419/419 409/409/409 1030/1030/1030
f 1030/1030/1030 1041/1041/1041 1031/1031/1031
f 1029/1029/1029 1031/1031/1031 1032/1032/1032
f 1034/1034/1034 1045/1045/1045 1035/1035/1035
f 1035/1035/1035 416/416/416 427/427/427
f 1036/1036/1036 427/427/427 421/421/421
f 1036/1036/1036 1033/1033/1033 1032/1032/1032
f 1037/1037/1037 1030/1030/1030 409/409/409
f 407/407/407 399/399/399 1038/1038/1038
f 1037/1037/1037 1038/1038/1038 1039/1039/1039
f 1037/1037/1037 1040/1040/1040 1041/1041/1041
f 1042/1042/1042 1046/1046/1046 1043/1043/1043
f 1044/1044/1044 405/405/405 417/417/417
f 1042/1042/1042 417/417/417 416/416/416
f 1042/1042/1042 1035/1035/1035 1045/1045/1045
f 1038/1038/1038 399/399/399 397/397/397
f 1047/1047/1047 397/397/397 387/387/387
f 1048/1048/1048 1056/1056/1056 1049/1049/1049
f 1047/1047/1047 1049/1049/1049 1039/1039/1039
f 1050/1050/1050 1060/1060/1060 1051/1051/1051
f 1052/1052/1052 1051/1051/1051 394/394/394
f 406/406/406 405/405/405 1044/1044/1044
f 1052/1052/1052 1044/1044/1044 1043/1043/1043
f 1048/1048/1048 387/387/387 385/385/385
f 1053/1053/1053 385/385/385 375/375/375
f 1054/1054/1054 1064/1064/1064 1055/1055/1055
f 1053/1053/1053 1055/1055/1055 1056/1056/1056
f 1057/1057/1057 1068/1068/1068 1058/1058/1058
f 1059/1059/1059 1058/1058/1058 382/382/382
f 395/395/395 394/394/394 1051/1051/1051
f 1059/1059/1059 1051/1051/1051 1060/1060/1060
f 1054/1054/1054 375/375/375 373/373/373
f 1061/1061/1061 373/373/373 363/363/363
f 1062/1062/1062 1072/1072/1072 1063/1063/1063
f 1061/1061/1061 1063/1063/1063 1064/1064/1064
f 1065/1065/1065 1076/1076/1076 1066/1066/1066
f 1067/1067/1067 1066/1066/1066 370/370/370
f 383/383/383 382/382/382 1058/1058/1058
f 1067/1067/1067 1058/1058/1058 1068/1068/1068
f 1062/1062/1062 363/363/363 361/361/361
f 1069/1069/1069 361/361/361 353/353/353
f 1070/1070/1070 1081/1081/1081 1071/1071/1071
f 1069/1069/1069 1071/1071/1071 1072/1072/1072
f 1073/1073/1073 1086/1086/1086 1074/1074/1074
f 1075/1075/1075 1074/1074/1074 359/359/359
f 371/371/371 370/370/370 1066/1066/1066
f 1075/1075/1075 1066/1066/1066 1076/1076/1076
f 1070/1070/1070 353/353/353 351/351/351
f 1077/1077/1077 351/351/351 1078/1078/1078
f 1079/1079/1079 1257/1257/1257 1080/1080/1080
f 1077/1077/1077 1080/1080/1080 1081/1081/1081
f 1082/1082/1082 1265/1265/1265 1083/1083/1083
f 1084/1084/1084 1083/1083/1083 1085/1085/1085
f 360/360/360 359/359/359 1074/1074/1074
f 1084/1084/1084 1074/1074/1074 1086/1086/1086
f 1079/1079/1079 1078/1078/1078 342/342/342
f 342/342/342 330/330/330 1088/1088/1088
f 1087/1087/1087 1088/1088/1088 1089/1089/1089
f 1090/1090/1090 1257/1257/1257 1079/1079/1079
f 1091/1091/1091 1094/1094/1094 1092/1092/1092
f 1093/1093/1093 337/337/337 349/349/349
f 349/349/349 1085/1085/1085 1083/1083/1083
f 1083/1083/1083 1265/1265/1265 1094/1094/1094
f 1095/1095/1095 1088/1088/1088 330/330/330
f 329/329/329 328/328/328 1096/1096/1096
f 1095/1095/1095 1096/1096/1096 1097/1097/1097
f 1098/1098/1098 1089/1089/1089 1088/1088/1088
f 1099/1099/1099 1102/1102/1102 1100/1100/1100
f 1101/1101/1101 339/339/339 338/338/338
f 1099/1099/1099 338/338/338 337/337/337
f 1093/1093/1093 1092/1092/1092 1102/1102/1102
f 1103/1103/1103 1118/1118/1118 1104/1104/1104
f 1105/1105/1105 1104/1104/1104 1106/1106/1106
f 1107/1107/1107 1176/1176/1176 1108/1108/1108
f 1105/1105/1105 1108/1108/1108 1109/1109/1109
f 1110/1110/1110 1182/1182/1182 1111/1111/1111
f 1112/1112/1112 1111/1111/1111 1106/1106/1106
f 1104/1104/1104 1118/1118/1118 1113/1113/1113
f 1112/1112/1112 1113/1113/1113 1114/1114/1114
f 1115/1115/1115 1128/1128/1128 1116/1116/1116
f 1117/1117/1117 1116/1116/1116 1118/1118/1118
f 1103/1103/1103 1109/1109/1109 1119/1119/1119
f 1117/1117/1117 1119/1119/1119 1120/1120/1120
f 1121/1121/1121 1114/1114/1114 1113/1113/1113
f 1122/1122/1122 1113/1113/1113 1118/1118/1118
f 1116/1116/1116 1128/1128/1128 1123/1123/1123
f 1122/1122/1122 1123/1123/1123 1124/1124/1124
f 1125/1125/1125 1137/1137/1137 1126/1126/1126
f 1127/1127/1127 1126/1126/1126 1128/1128/1128
f 1115/1115/1115 1120/1120/1120 1129/1129/1129
f 1127/1127/1127 1129/1129/1129 1130/1130/1130
f 1131/1131/1131 1124/1124/1124 1123/1123/1123
f 1132/1132/1132 1123/1123/1123 1128/1128/1128
f 1126/1126/1126 1137/1137/1137 1133/1133/1133
f 1132/1132/1132 1133/1133/1133 1134/1134/1134
f 1135/1135/1135 1138/1138/1138 272/272/272
f 255/255/255 261/261/261 1136/1136/1136
f 1135/1135/1135 1136/1136/1136 1137/1137/1137
f 1125/1125/1125 1130/1130/1130 1138/1138/1138
f 1139/1139/1139 1133/1133/1133 1137/1137/1137
f 1136/1136/1136 261/261/261 266/266/266
f 1139/1139/1139 266/266/266 278/278/278
f 1140/1140/1140 1134/1134/1134 1133/1133/1133
f 1141/1141/1141 1143/1143/1143 283/283/283
f 267/267/267 272/272/272 1138/1138/1138
f 1141/1141/1141 1138/1138/1138 1130/1130/1130
f 1142/1142/1142 1148/1148/1148 1143/1143/1143
f 1144/1144/1144 1146/1146/1146 1134/1134/1134
f 1140/1140/1140 278/278/278 277/277/277
f 1144/1144/1144 277/277/277 290/290/290
f 1145/1145/1145 1152/1152/1152 1146/1146/1146
f 1147/1147/1147 1150/1150/1150 280/280/280
f 284/284/284 283/283/283 1143/1143/1143
f 1147/1147/1147 1143/1143/1143 1148/1148/1148
f 1149/1149/1149 1156/1156/1156 1150/1150/1150
f 1151/1151/1151 1154/1154/1154 1152/1152/1152
f 1145/1145/1145 290/290/290 289/289/289
f 1151/1151/1151 289/289/289 288/288/288
f 1153/1153/1153 1160/1160/1160 1154/1154/1154
f 1155/1155/1155 1158/1158/1158 306/306/306
f 291/291/291 280/280/280 1150/1150/1150
f 1155/1155/1155 1150/1150/1150 1156/1156/1156
f 1157/1157/1157 1166/1166/1166 1158/1158/1158
f 1159/1159/1159 1162/1162/1162 1160/1160/1160
f 1153/1153/1153 288/288/288 300/300/300
f 1159/1159/1159 300/300/300 312/312/312
f 1161/1161/1161 1169/1169/1169 1162/1162/1162
f 1157/1157/1157 1156/1156/1156 1163/1163/1163
f 1163/1163/1163 1120/1120/1120 1119/1119/1119
f 1164/1164/1164 1119/1119/1119 1109/1109/1109
f 1164/1164/1164 1165/1165/1165 1166/1166/1166
f 1167/1167/1167 1170/1170/1170 1114/1114/1114
f 1121/1121/1121 1124/1124/1124 1168/1168/1168
f 1168/1168/1168 1160/1160/1160 1162/1162/1162
f 1167/1167/1167 1162/1162/1162 1169/1169/1169
f 1171/1171/1171 1163/1163/1163 1156/1156/1156
f 1171/1171/1171 1149/1149/1149 1148/1148/1148
f 1142/1142/1142 1130/1130/1130 1129/1129/1129
f 1171/1171/1171 1129/1129/1129 1120/1120/1120
f 1131/1131/1131 1134/1134/1134 1146/1146/1146
f 1172/1172/1172 1146/1146/1146 1152/1152/1152
f 1172/1172/1172 1154/1154/1154 1160/1160/1160
f 1172/1172/1172 1168/1168/1168 1124/1124/1124
f 1173/1173/1173 1177/1177/1177 1174/1174/1174
f 1175/1175/1175 1166/1166/1166 1165/1165/1165
f 1165/1165/1165 1109/1109/1109 1108/1108/1108
f 1173/1173/1173 1108/1108/1108 1176/1176/1176
f 1110/1110/1110 1114/1114/1114 1170/1170/1170
f 1170/1170/1170 1169/1169/1169 1179/1179/1179
f 1178/1178/1178 1179/1179/1179 1180/1180/1180
f 1178/1178/1178 1181/1181/1181 1182/1182/1182
f 1183/1183/1183 1184/1184/1184 732/732/732
f 301/301/301 306/306/306 1158/1158/1158
f 1183/1183/1183 1158/1158/1158 1166/1166/1166
f 1175/1175/1175 1174/1174/1174 1184/1184/1184
f 1185/1185/1185 1179/1179/1179 1169/1169/1169
f 1161/1161/1161 312/312/312 311/311/311
f 1185/1185/1185 311/311/311 738/738/738
f 1186/1186/1186 1180/1180/1180 1179/1179/1179
f 739/739/739 1199/1199/1199 1187/1187/1187
f 1187/1187/1187 1252/1252/1252 1189/1189/1189
f 1188/1188/1188 1189/1189/1189 1190/1190/1190
f 1191/1191/1191 741/741/741 739/739/739
f 1192/1192/1192 1196/1196/1196 1193/1193/1193
f 1194/1194/1194 1255/1255/1255 1195/1195/1195
f 1195/1195/1195 1202/1202/1202 746/746/746
f 746/746/746 745/745/745 1196/1196/1196
f 733/733/733 732/732/732 1184/1184/1184
f 1197/1197/1197 1184/1184/1184 1174/1174/1174
f 1198/1198/1198 1252/1252/1252 1187/1187/1187
f 1197/1197/1197 1187/1187/1187 1199/1199/1199
f 1195/1195/1195 1255/1255/1255 1200/1200/1200
f 1201/1201/1201 1200/1200/1200 1180/1180/1180
f 1186/1186/1186 738/738/738 737/737/737
f 1201/1201/1201 737/737/737 1202/1202/1202
f 1203/1203/1203 314/314/314 748/748/748
f 1204/1204/1204 748/748/748 741/741/741
f 1191/1191/1191 1190/1190/1190 1205/1205/1205
f 1205/1205/1205 1210/1210/1210 1203/1203/1203
f 1206/1206/1206 1193/1193/1193 1196/1196/1196
f 1207/1207/1207 1196/1196/1196 745/745/745
f 750/750/750 324/324/324 1208/1208/1208
f 1208/1208/1208 1214/1214/1214 1206/1206/1206
f 315/315/315 314/314/314 1203/1203/1203
f 1209/1209/1209 1203/1203/1203 1210/1210/1210
f 1209/1209/1209 1211/1211/1211 1097/1097/1097
f 1209/1209/1209 1096/1096/1096 328/328/328
f 1212/1212/1212 1101/1101/1101 1100/1100/1100
f 1212/1212/1212 1213/1213/1213 1214/1214/1214
f 1208/1208/1208 324/324/324 323/323/323
f 1212/1212/1212 323/323/323 339/339/339
f 1215/1215/1215 1273/1273/1273 1216/1216/1216
f 1217/1217/1217 1216/1216/1216 1218/1218/1218
f 1219/1219/1219 1229/1229/1229 1220/1220/1220
f 1217/1217/1217 1220/1220/1220 1221/1221/1221
f 1222/1222/1222 1236/1236/1236 1223/1223/1223
f 1224/1224/1224 1223/1223/1223 1225/1225/1225
f 1226/1226/1226 1273/1273/1273 1215/1215/1215
f 1224/1224/1224 1215/1215/1215 1221/1221/1221
f 1227/1227/1227 1221/1221/1221 1220/1220/1220
f 1228/1228/1228 1220/1220/1220 1229/1229/1229
f 1230/1230/1230 1439/1439/1439 1231/1231/1231
f 1228/1228/1228 1231/1231/1231 1232/1232/1232
f 1233/1233/1233 1445/1445/1445 1234/1234/1234
f 1235/1235/1235 1234/1234/1234 1236/1236/1236
f 1222/1222/1222 1221/1221/1221 1227/1227/1227
f 1235/1235/1235 1227/1227/1227 1232/1232/1232
f 1237/1237/1237 1232/1232/1232 1231/1231/1231
f 1231/1231/1231 1439/1439/1439 1239/1239/1239
f 1239/1239/1239 1470/1470/1470 1240/1240/1240
f 1240/1240/1240 1245/1245/1245 1237/1237/1237
f 1241/1241/1241 1472/1472/1472 1242/1242/1242
f 1242/1242/1242 1445/1445/1445 1233/1233/1233
f 1233/1233/1233 1232/1232/1232 1237/1237/1237
f 1237/1237/1237 1245/1245/1245 1241/1241/1241
f 1244/1244/1244 1247/1247/1247 1245/1245/1245
f 1240/1240/1240 1470/1470/1470 1246/1246/1246
f 1244/1244/1244 1246/1246/1246 1176/1176/1176
f 1107/1107/1107 1106/1106/1106 1247/1247/1247
f 1248/1248/1248 1111/1111/1111 1182/1182/1182
f 1249/1249/1249 1472/1472/1472 1241/1241/1241
f 1248/1248/1248 1241/1241/1241 1245/1245/1245
f 1247/1247/1247 1106/1106/1106 1111/1111/1111
f 1198/1198/1198 1174/1174/1174 1177/1177/1177
f 1250/1250/1250 1177/1177/1177 1176/1176/1176
f 1246/1246/1246 1470/1470/1470 1251/1251/1251
f 1250/1250/1250 1251/1251/1251 1252/1252/1252
f 1253/1253/1253 1472/1472/1472 1249/1249/1249
f 1254/1254/1254 1249/1249/1249 1182/1182/1182
f 1181/1181/1181 1180/1180/1180 1200/1200/1200
f 1254/1254/1254 1200/1200/1200 1255/1255/1255
f 1256/1256/1256 1261/1261/1261 1257/1257/1257
f 1090/1090/1090 1089/1089/1089 1258/1258/1258
f 1256/1256/1256 1258/1258/1258 1259/1259/1259
f 1260/1260/1260 1416/1416/1416 1261/1261/1261
f 1262/1262/1262 1267/1267/1267 1263/1263/1263
f 1264/1264/1264 1092/1092/1092 1094/1094/1094
f 1262/1262/1262 1094/1094/1094 1265/1265/1265
f 1266/1266/1266 1422/1422/1422 1267/1267/1267
f 1268/1268/1268 2012/2012/2012 1269/1269/1269
f 1270/1270/1270 1269/1269/1269 1271/1271/1271
f 1272/1272/1272 1218/1218/1218 1216/1216/1216
f 1270/1270/1270 1216/1216/1216 1273/1273/1273
f 1226/1226/1226 1225/1225/1225 1274/1274/1274
f 1275/1275/1275 1274/1274/1274 1276/1276/1276
f 1277/1277/1277 2012/2012/2012 1268/1268/1268
f 1275/1275/1275 1268/1268/1268 1273/1273/1273
f 1278/1278/1278 1396/1396/1396 1279/1279/1279
f 1280/1280/1280 1279/1279/1279 1281/1281/1281
f 1282/1282/1282 1376/1376/1376 1283/1283/1283
f 1283/1283/1283 1290/1290/1290 1278/1278/1278
f 1284/1284/1284 1380/1380/1380 1285/1285/1285
f 1286/1286/1286 1285/1285/1285 1287/1287/1287
f 1288/1288/1288 1396/1396/1396 1278/1278/1278
f 1278/1278/1278 1290/1290/1290 1284/1284/1284
f 1289/1289/1289 1294/1294/1294 1290/1290/1290
f 1283/1283/1283 1376/1376/1376 1291/1291/1291
f 1289/1289/1289 1291/1291/1291 1292/1292/1292
f 1293/1293/1293 1300/1300/1300 1294/1294/1294
f 1295/1295/1295 1298/1298/1298 1296/1296/1296
f 1297/1297/1297 1380/1380/1380 1284/1284/1284
f 1295/1295/1295 1284/1284/1284 1290/1290/1290
f 1294/1294/1294 1300/1300/1300 1298/1298/1298
f 1299/1299/1299 1302/1302/1302 1300/1300/1300
f 1293/1293/1293 1292/1292/1292 1301/1301/1301
f 1301/1301/1301 1271/1271/1271 1269/1269/1269
f 1269/1269/1269 2012/2012/2012 1302/1302/1302
f 1277/1277/1277 1276/1276/1276 1303/1303/1303
f 1303/1303/1303 1296/1296/1296 1298/1298/1298
f 1304/1304/1304 1298/1298/1298 1300/1300/1300
f 1302/1302/1302 2012/2012/2012 1277/1277/1277
f 1305/1305/1305 1309/1309/1309 1072/1072/1072
f 1305/1305/1305 1071/1071/1071 1081/1081/1081
f 1305/1305/1305 1306/1306/1306 1307/1307/1307
f 1308/1308/1308 1316/1316/1316 1309/1309/1309
f 1310/1310/1310 1314/1314/1314 1311/1311/1311
f 1310/1310/1310 1312/1312/1312 1086/1086/1086
f 1310/1310/1310 1073/1073/1073 1076/1076/1076
f 1313/1313/1313 1324/1324/1324 1314/1314/1314
f 1315/1315/1315 1320/1320/1320 1316/1316/1316
f 1308/1308/1308 1307/1307/1307 1317/1317/1317
f 1315/1315/1315 1317/1317/1317 1318/1318/1318
f 1319/1319/1319 1328/1328/1328 1320/1320/1320
f 1321/1321/1321 1326/1326/1326 1322/1322/1322
f 1323/1323/1323 1311/1311/1311 1314/1314/1314
f 1321/1321/1321 1314/1314/1314 1324/1324/1324
f 1325/1325/1325 1336/1336/1336 1326/1326/1326
f 1327/1327/1327 1332/1332/1332 1328/1328/1328
f 1319/1319/1319 1318/1318/1318 1329/1329/1329
f 1327/1327/1327 1329/1329/1329 1330/1330/1330
f 1331/1331/1331 1340/1340/1340 1332/1332/1332
f 1333/1333/1333 1338/1338/1338 1334/1334/1334
f 1335/1335/1335 1322/1322/1322 1326/1326/1326
f 1333/1333/1333 1326/1326/1326 1336/1336/1336
f 1337/1337/1337 1349/1349/1349 1338/1338/1338
f 1339/1339/1339 1345/1345/1345 1340/1340/1340
f 1331/1331/1331 1330/1330/1330 1341/1341/1341
f 1339/1339/1339 1341/1341/1341 1342/1342/1342
f 1339/1339/1339 1343/1343/1343 1344/1344/1344
f 1346/1346/1346 1352/1352/1352 1347/1347/1347
f 1348/1348/1348 1334/1334/1334 1338/1338/1338
f 1346/1346/1346 1338/1338/1338 1349/1349/1349
f 1346/1346/1346 1350/1350/1350 1351/1351/1351
f 1353/1353/1353 1358/1358/1358 1354/1354/1354
f 1353/1353/1353 1355/1355/1355 1356/1356/1356
f 1357/1357/1357 1344/1344/1344 1343/1343/1343
f 1353/1353/1353 1343/1343/1343 1342/1342/1342
f 1352/1352/1352 1351/1351/1351 1359/1359/1359
f 1360/1360/1360 1359/1359/1359 1361/1361/1361
f 1360/1360/1360 1362/1362/1362 1363/1363/1363
f 1360/1360/1360 1364/1364/1364 1347/1347/1347
f 1365/1365/1365 1367/1367/1367 1271/1271/1271
f 1301/1301/1301 1292/1292/1292 1366/1366/1366
f 1365/1365/1365 1366/1366/1366 1344/1344/1344
f 1357/1357/1357 1356/1356/1356 1367/1367/1367
f 1368/1368/1368 1359/1359/1359 1351/1351/1351
f 1369/1369/1369 1296/1296/1296 1303/1303/1303
f 1368/1368/1368 1303/1303/1303 1276/1276/1276
f 1370/1370/1370 1361/1361/1361 1359/1359/1359
f 1371/1371/1371 1366/1366/1366 1292/1292/1292
f 1291/1291/1291 1376/1376/1376 1372/1372/1372
f 1371/1371/1371 1372/1372/1372 1340/1340/1340
f 1345/1345/1345 1344/1344/1344 1366/1366/1366
f 1373/1373/1373 1350/1350/1350 1349/1349/1349
f 1374/1374/1374 1380/1380/1380 1297/1297/1297
f 1373/1373/1373 1297/1297/1297 1296/1296/1296
f 1369/1369/1369 1351/1351/1351 1350/1350/1350
f 1375/1375/1375 1372/1372/1372 1376/1376/1376
f 1282/1282/1282 1281/1281/1281 1377/1377/1377
f 1375/1375/1375 1377/1377/1377 1328/1328/1328
f 1332/1332/1332 1340/1340/1340 1372/1372/1372
f 1378/1378/1378 1337/1337/1337 1336/1336/1336
f 1379/1379/1379 1287/1287/1287 1285/1285/1285
f 1378/1378/1378 1285/1285/1285 1380/1380/1380
f 1374/1374/1374 1349/1349/1349 1337/1337/1337
f 1381/1381/1381 1377/1377/1377 1281/1281/1281
f 1382/1382/1382 1389/1389/1389 1383/1383/1383
f 1381/1381/1381 1383/1383/1383 1316/1316/1316
f 1381/1381/1381 1320/1320/1320 1328/1328/1328
f 1384/1384/1384 1325/1325/1325 1324/1324/1324
f 1385/1385/1385 1392/1392/1392 1386/1386/1386
f 1384/1384/1384 1386/1386/1386 1287/1287/1287
f 1384/1384/1384 1379/1379/1379 1336/1336/1336
f 1387/1387/1387 1064/1064/1064 1063/1063/1063
f 1388/1388/1388 1063/1063/1063 1072/1072/1072
f 1309/1309/1309 1316/1316/1316 1383/1383/1383
f 1388/1388/1388 1383/1383/1383 1389/1389/1389
f 1385/1385/1385 1324/1324/1324 1313/1313/1313
f 1390/1390/1390 1313/1313/1313 1076/1076/1076
f 1065/1065/1065 1068/1068/1068 1391/1391/1391
f 1390/1390/1390 1391/1391/1391 1392/1392/1392
f 1393/1393/1393 1408/1408/1408 1394/1394/1394
f 1395/1395/1395 1394/1394/1394 1389/1389/1389
f 1382/1382/1382 1281/1281/1281 1279/1279/1279
f 1395/1395/1395 1279/1279/1279 1396/1396/1396
f 1288/1288/1288 1287/1287/1287 1386/1386/1386
f 1397/1397/1397 1386/1386/1386 1392/1392/1392
f 1398/1398/1398 1408/1408/1408 1393/1393/1393
f 1397/1397/1397 1393/1393/1393 1396/1396/1396
f 1399/1399/1399 1041/1041/1041 1040/1040/1040
f 1400/1400/1400 1040/1040/1040 1039/1039/1039
f 1400/1400/1400 1049/1049/1049 1056/1056/1056
f 1055/1055/1055 1064/1064/1064 1399/1399/1399
f 1401/1401/1401 1057/1057/1057 1060/1060/1060
f 1401/1401/1401 1050/1050/1050 1043/1043/1043
f 1046/1046/1046 1045/1045/1045 1402/1402/1402
f 1402/1402/1402 1068/1068/1068 1057/1057/1057
f 1403/1403/1403 1404/1404/1404 1041/1041/1041
f 1399/1399/1399 1064/1064/1064 1387/1387/1387
f 1403/1403/1403 1387/1387/1387 1389/1389/1389
f 1394/1394/1394 1408/1408/1408 1404/1404/1404
f 1405/1405/1405 1398/1398/1398 1392/1392/1392
f 1391/1391/1391 1068/1068/1068 1402/1402/1402
f 1405/1405/1405 1402/1402/1402 1045/1045/1045
f 1406/1406/1406 1408/1408/1408 1398/1398/1398
f 1407/1407/1407 1409/1409/1409 1032/1032/1032
f 1407/1407/1407 1031/1031/1031 1041/1041/1041
f 1407/1407/1407 1404/1404/1404 1408/1408/1408
f 1410/1410/1410 1409/1409/1409 1408/1408/1408
f 1410/1410/1410 1406/1406/1406 1045/1045/1045
f 1410/1410/1410 1034/1034/1034 1032/1032/1032
f 1306/1306/1306 1081/1081/1081 1080/1080/1080
f 1411/1411/1411 1080/1080/1080 1257/1257/1257
f 1261/1261/1261 1416/1416/1416 1412/1412/1412
f 1411/1411/1411 1412/1412/1412 1307/1307/1307
f 1413/1413/1413 1422/1422/1422 1266/1266/1266
f 1414/1414/1414 1266/1266/1266 1265/1265/1265
f 1082/1082/1082 1086/1086/1086 1312/1312/1312
f 1414/1414/1414 1312/1312/1312 1311/1311/1311
f 1415/1415/1415 1412/1412/1412 1416/1416/1416
f 1417/1417/1417 1424/1424/1424 1418/1418/1418
f 1415/1415/1415 1418/1418/1418 1318/1318/1318
f 1317/1317/1317 1307/1307/1307 1412/1412/1412
f 1419/1419/1419 1323/1323/1323 1322/1322/1322
f 1420/1420/1420 1430/1430/1430 1421/1421/1421
f 1419/1419/1419 1421/1421/1421 1422/1422/1422
f 1413/1413/1413 1311/1311/1311 1323/1323/1323
f 1423/1423/1423 1418/1418/1418 1424/1424/1424
f 1425/1425/1425 1433/1433/1433 1426/1426/1426
f 1423/1423/1423 1426/1426/1426 1330/1330/1330
f 1329/1329/1329 1318/1318/1318 1418/1418/1418
f 1427/1427/1427 1335/1335/1335 1334/1334/1334
f 1428/1428/1428 1436/1436/1436 1429/1429/1429
f 1427/1427/1427 1429/1429/1429 1430/1430/1430
f 1420/1420/1420 1322/1322/1322 1335/1335/1335
f 1431/1431/1431 1354/1354/1354 1358/1358/1358
f 1432/1432/1432 1358/1358/1358 1342/1342/1342
f 1341/1341/1341 1330/1330/1330 1426/1426/1426
f 1432/1432/1432 1426/1426/1426 1433/1433/1433
f 1428/1428/1428 1334/1334/1334 1348/1348/1348
f 1434/1434/1434 1348/1348/1348 1347/1347/1347
f 1364/1364/1364 1363/1363/1363 1435/1435/1435
f 1434/1434/1434 1435/1435/1435 1436/1436/1436
f 1437/1437/1437 1470/1470/1470 1239/1239/1239
f 1438/1438/1438 1239/1239/1239 1439/1439/1439
f 1440/1440/1440 1489/1489/1489 1441/1441/1441
f 1441/1441/1441 1459/1459/1459 1437/1437/1437
f 1442/1442/1442 1494/1494/1494 1443/1443/1443
f 1444/1444/1444 1443/1443/1443 1445/1445/1445
f 1242/1242/1242 1472/1472/1472 1446/1446/1446
f 1446/1446/1446 1461/1461/1461 1442/1442/1442
f 1447/1447/1447 1259/1259/1259 1448/1448/1448
f 1448/1448/1448 1459/1459/1459 1441/1441/1441
f 1441/1441/1441 1489/1489/1489 1450/1450/1450
f 1449/1449/1449 1450/1450/1450 1451/1451/1451
f 1452/1452/1452 1494/1494/1494 1442/1442/1442
f 1442/1442/1442 1461/1461/1461 1454/1454/1454
f 1454/1454/1454 1263/1263/1263 1455/1455/1455
f 1453/1453/1453 1455/1455/1455 1456/1456/1456
f 1457/1457/1457 1258/1258/1258 1089/1089/1089
f 1098/1098/1098 1097/1097/1097 1458/1458/1458
f 1457/1457/1457 1458/1458/1458 1459/1459/1459
f 1448/1448/1448 1259/1259/1259 1258/1258/1258
f 1460/1460/1460 1454/1454/1454 1461/1461/1461
f 1462/1462/1462 1100/1100/1100 1102/1102/1102
f 1460/1460/1460 1102/1102/1102 1092/1092/1092
f 1264/1264/1264 1263/1263/1263 1454/1454/1454
f 1463/1463/1463 1458/1458/1458 1097/1097/1097
f 1464/1464/1464 1190/1190/1190 1189/1189/1189
f 1463/1463/1463 1189/1189/1189 1252/1252/1252
f 1465/1465/1465 1459/1459/1459 1458/1458/1458
f 1466/1466/1466 1468/1468/1468 1255/1255/1255
f 1194/1194/1194 1193/1193/1193 1467/1467/1467
f 1466/1466/1466 1467/1467/1467 1100/1100/1100
f 1462/1462/1462 1461/1461/1461 1468/1468/1468
f 1465/1465/1465 1252/1252/1252 1251/1251/1251
f 1469/1469/1469 1251/1251/1251 1470/1470/1470
f 1469/1469/1469 1437/1437/1437 1459/1459/1459
f 1471/1471/1471 1468/1468/1468 1461/1461/1461
f 1471/1471/1471 1446/1446/1446 1472/1472/1472
f 1253/1253/1253 1255/1255/1255 1468/1468/1468
f 1464/1464/1464 1097/1097/1097 1211/1211/1211
f 1473/1473/1473 1211/1211/1211 1210/1210/1210
f 1473/1473/1473 1205/1205/1205 1190/1190/1190
f 1474/1474/1474 1467/1467/1467 1193/1193/1193
f 1474/1474/1474 1206/1206/1206 1214/1214/1214
f 1213/1213/1213 1100/1100/1100 1467/1467/1467
f 1355/1355/1355 1354/1354/1354 1475/1475/1475
f 1475/1475/1475 1491/1491/1491 1477/1477/1477
f 1477/1477/1477 1502/1502/1502 1478/1478/1478
f 1478/1478/1478 1356/1356/1356 1355/1355/1355
f 1479/1479/1479 1504/1504/1504 1480/1480/1480
f 1480/1480/1480 1496/1496/1496 1482/1482/1482
f 1482/1482/1482 1363/1363/1363 1362/1362/1362
f 1362/1362/1362 1361/1361/1361 1479/1479/1479
f 1272/1272/1272 1271/1271/1271 1367/1367/1367
f 1483/1483/1483 1367/1367/1367 1356/1356/1356
f 1478/1478/1478 1502/1502/1502 1484/1484/1484
f 1484/1484/1484 1218/1218/1218 1272/1272/1272
f 1485/1485/1485 1504/1504/1504 1479/1479/1479
f 1486/1486/1486 1479/1479/1479 1361/1361/1361
f 1370/1370/1370 1276/1276/1276 1274/1274/1274
f 1274/1274/1274 1225/1225/1225 1485/1485/1485
f 1487/1487/1487 1451/1451/1451 1450/1450/1450
f 1488/1488/1488 1450/1450/1450 1489/1489/1489
f 1490/1490/1490 1502/1502/1502 1477/1477/1477
f 1488/1488/1488 1477/1477/1477 1491/1491/1491
f 1480/1480/1480 1504/1504/1504 1492/1492/1492
f 1493/1493/1493 1492/1492/1492 1494/1494/1494
f 1452/1452/1452 1456/1456/1456 1495/1495/1495
f 1493/1493/1493 1495/1495/1495 1496/1496/1496
f 1440/1440/1440 1439/1439/1439 1230/1230/1230
f 1497/1497/1497 1230/1230/1230 1229/1229/1229
f 1498/1498/1498 1502/1502/1502 1490/1490/1490
f 1497/1497/1497 1490/1490/1490 1489/1489/1489
f 1492/1492/1492 1504/1504/1504 1499/1499/1499
f 1500/1500/1500 1499/1499/1499 1236/1236/1236
f 1234/1234/1234 1445/1445/1445 1443/1443/1443
f 1500/1500/1500 1443/1443/1443 1494/1494/1494
f 1501/1501/1501 1219/1219/1219 1218/1218/1218
f 1501/1501/1501 1484/1484/1484 1502/1502/1502
f 1501/1501/1501 1498/1498/1498 1229/1229/1229
f 1503/1503/1503 1223/1223/1223 1236/1236/1236
f 1503/1503/1503 1499/1499/1499 1504/1504/1504
f 1503/1503/1503 1485/1485/1485 1225/1225/1225
f 1505/1505/1505 1520/1520/1520 1506/1506/1506
f 1507/1507/1507 1506/1506/1506 1508/1508/1508
f 1509/1509/1509 1656/1656/1656 1510/1510/1510
f 1507/1507/1507 1510/1510/1510 1511/1511/1511
f 1512/1512/1512 1659/1659/1659 1513/1513/1513
f 1514/1514/1514 1513/1513/1513 1515/1515/1515
f 1516/1516/1516 1528/1528/1528 1517/1517/1517
f 1514/1514/1514 1517/1517/1517 1518/1518/1518
f 1519/1519/1519 1524/1524/1524 1520/1520/1520
f 1505/1505/1505 1511/1511/1511 1521/1521/1521
f 1519/1519/1519 1521/1521/1521 1522/1522/1522
f 1523/1523/1523 1532/1532/1532 1524/1524/1524
f 1525/1525/1525 1530/1530/1530 1526/1526/1526
f 1527/1527/1527 1518/1518/1518 1517/1517/1517
f 1525/1525/1525 1517/1517/1517 1528/1528/1528
f 1529/1529/1529 1540/1540/1540 1530/1530/1530
f 1531/1531/1531 1536/1536/1536 1532/1532/1532
f 1531/1531/1531 1523/1523/1523 1522/1522/1522
f 1533/1533/1533 1545/1545/1545 1534/1534/1534
f 1531/1531/1531 1534/1534/1534 1535/1535/1535
f 1537/1537/1537 1552/1552/1552 1538/1538/1538
f 1539/1539/1539 1538/1538/1538 1526/1526/1526
f 1539/1539/1539 1530/1530/1530 1540/1540/1540
f 1539/1539/1539 1541/1541/1541 1542/1542/1542
f 1543/1543/1543 1535/1535/1535 1534/1534/1534
f 1544/1544/1544 1534/1534/1534 1545/1545/1545
f 1546/1546/1546 1557/1557/1557 1547/1547/1547
f 1544/1544/1544 1547/1547/1547 1548/1548/1548
f 1549/1549/1549 1565/1565/1565 1550/1550/1550
f 1551/1551/1551 1550/1550/1550 1552/1552/1552
f 1537/1537/1537 1542/1542/1542 1553/1553/1553
f 1551/1551/1551 1553/1553/1553 1554/1554/1554
f 1555/1555/1555 1548/1548/1548 1547/1547/1547
f 1556/1556/1556 1547/1547/1547 1557/1557/1557
f 1556/1556/1556 1558/1558/1558 1559/1559/1559
f 1556/1556/1556 1560/1560/1560 1561/1561/1561
f 1562/1562/1562 1568/1568/1568 1563/1563/1563
f 1562/1562/1562 1564/1564/1564 1565/1565/1565
f 1549/1549/1549 1554/1554/1554 1566/1566/1566
f 1562/1562/1562 1566/1566/1566 1567/1567/1567
f 1569/1569/1569 1561/1561/1561 1560/1560/1560
f 1560/1560/1560 1559/1559/1559 1571/1571/1571
f 1570/1570/1570 1571/1571/1571 1572/1572/1572
f 1573/1573/1573 1641/1641/1641 1569/1569/1569
f 1574/1574/1574 1578/1578/1578 1575/1575/1575
f 1576/1576/1576 1563/1563/1563 1568/1568/1568
f 1568/1568/1568 1567/1567/1567 1577/1577/1577
f 1577/1577/1577 1646/1646/1646 1578/1578/1578
f 1579/1579/1579 1571/1571/1571 1559/1559/1559
f 1580/1580/1580 1592/1592/1592 1581/1581/1581
f 1579/1579/1579 1581/1581/1581 1582/1582/1582
f 1583/1583/1583 1572/1572/1572 1571/1571/1571
f 1584/1584/1584 1588/1588/1588 1585/1585/1585
f 1586/1586/1586 1594/1594/1594 1587/1587/1587
f 1584/1584/1584 1587/1587/1587 1563/1563/1563
f 1576/1576/1576 1575/1575/1575 1588/1588/1588
f 1589/1589/1589 1558/1558/1558 1557/1557/1557
f 1590/1590/1590 1821/1821/1821 1591/1591/1591
f 1589/1589/1589 1591/1591/1591 1592/1592/1592
f 1580/1580/1580 1559/1559/1559 1558/1558/1558
f 1593/1593/1593 1587/1587/1587 1594/1594/1594
f 1595/1595/1595 1826/1826/1826 1596/1596/1596
f 1593/1593/1593 1596/1596/1596 1565/1565/1565
f 1564/1564/1564 1563/1563/1563 1587/1587/1587
f 1546/1546/1546 1545/1545/1545 1597/1597/1597
f 1598/1598/1598 1597/1597/1597 1599/1599/1599
f 1600/1600/1600 1821/1821/1821 1590/1590/1590
f 1598/1598/1598 1590/1590/1590 1557/1557/1557
f 1596/1596/1596 1826/1826/1826 1601/1601/1601
f 1602/1602/1602 1601/1601/1601 1603/1603/1603
f 1604/1604/1604 1552/1552/1552 1550/1550/1550
f 1602/1602/1602 1550/1550/1550 1565/1565/1565
f 1533/1533/1533 1522/1522/1522 1605/1605/1605
f 1606/1606/1606 1605/1605/1605 1607/1607/1607
f 1608/1608/1608 1599/1599/1599 1597/1597/1597
f 1606/1606/1606 1597/1597/1597 1545/1545/1545
f 1604/1604/1604 1603/1603/1603 1609/1609/1609
f 1610/1610/1610 1609/1609/1609 1611/1611/1611
f 1612/1612/1612 1526/1526/1526 1538/1538/1538
f 1610/1610/1610 1538/1538/1538 1552/1552/1552
f 1521/1521/1521 1511/1511/1511 1613/1613/1613
f 1614/1614/1614 1613/1613/1613 1615/1615/1615
f 1616/1616/1616 1607/1607/1607 1605/1605/1605
f 1614/1614/1614 1605/1605/1605 1522/1522/1522
f 1612/1612/1612 1611/1611/1611 1617/1617/1617
f 1618/1618/1618 1617/1617/1617 1619/1619/1619
f 1620/1620/1620 1518/1518/1518 1527/1527/1527
f 1618/1618/1618 1527/1527/1527 1526/1526/1526
f 1621/1621/1621 1613/1613/1613 1511/1511/1511
f 1510/1510/1510 1656/1656/1656 1622/1622/1622
f 1621/1621/1621 1622/1622/1622 1623/1623/1623
f 1624/1624/1624 1615/1615/1615 1613/1613/1613
f 1625/1625/1625 1628/1628/1628 1626/1626/1626
f 1627/1627/1627 1659/1659/1659 1512/1512/1512
f 1625/1625/1625 1512/1512/1512 1518/1518/1518
f 1620/1620/1620 1619/1619/1619 1628/1628/1628
f 1629/1629/1629 1259/1259/1259 1447/1447/1447
f 1447/1447/1447 1451/1451/1451 1631/1631/1631
f 1631/1631/1631 1643/1643/1643 1632/1632/1632
f 1630/1630/1630 1632/1632/1632 1633/1633/1633
f 1634/1634/1634 1648/1648/1648 1635/1635/1635
f 1635/1635/1635 1456/1456/1456 1455/1455/1455
f 1455/1455/1455 1263/1263/1263 1637/1637/1637
f 1636/1636/1636 1637/1637/1637 1638/1638/1638
f 1631/1631/1631 1451/1451/1451 1639/1639/1639
f 1640/1640/1640 1639/1639/1639 1641/1641/1641
f 1573/1573/1573 1572/1572/1572 1642/1642/1642
f 1640/1640/1640 1642/1642/1642 1643/1643/1643
f 1644/1644/1644 1575/1575/1575 1578/1578/1578
f 1645/1645/1645 1578/1578/1578 1646/1646/1646
f 1647/1647/1647 1456/1456/1456 1635/1635/1635
f 1645/1645/1645 1635/1635/1635 1648/1648/1648
f 1649/1649/1649 1417/1417/1417 1416/1416/1416
f 1260/1260/1260 1259/1259/1259 1629/1629/1629
f 1649/1649/1649 1629/1629/1629 1633/1633/1633
f 1650/1650/1650 1424/1424/1424 1417/1417/1417
f 1651/1651/1651 1652/1652/1652 1638/1638/1638
f 1637/1637/1637 1263/1263/1263 1267/1267/1267
f 1651/1651/1651 1267/1267/1267 1422/1422/1422
f 1421/1421/1421 1430/1430/1430 1652/1652/1652
f 1653/1653/1653 1657/1657/1657 1433/1433/1433
f 1654/1654/1654 1716/1716/1716 1655/1655/1655
f 1653/1653/1653 1655/1655/1655 1656/1656/1656
f 1509/1509/1509 1508/1508/1508 1657/1657/1657
f 1658/1658/1658 1513/1513/1513 1659/1659/1659
f 1660/1660/1660 1720/1720/1720 1661/1661/1661
f 1658/1658/1658 1661/1661/1661 1436/1436/1436
f 1662/1662/1662 1515/1515/1515 1513/1513/1513
f 1663/1663/1663 1642/1642/1642 1572/1572/1572
f 1583/1583/1583 1582/1582/1582 1664/1664/1664
f 1664/1664/1664 1674/1674/1674 1665/1665/1665
f 1665/1665/1665 1643/1643/1643 1642/1642/1642
f 1666/1666/1666 1680/1680/1680 1667/1667/1667
f 1667/1667/1667 1585/1585/1585 1588/1588/1588
f 1668/1668/1668 1588/1588/1588 1575/1575/1575
f 1644/1644/1644 1648/1648/1648 1666/1666/1666
f 1669/1669/1669 1684/1684/1684 1670/1670/1670
f 1671/1671/1671 1670/1670/1670 1672/1672/1672
f 1673/1673/1673 1643/1643/1643 1665/1665/1665
f 1671/1671/1671 1665/1665/1665 1674/1674/1674
f 1666/1666/1666 1648/1648/1648 1675/1675/1675
f 1676/1676/1676 1675/1675/1675 1677/1677/1677
f 1678/1678/1678 1689/1689/1689 1679/1679/1679
f 1676/1676/1676 1679/1679/1679 1680/1680/1680
f 1681/1681/1681 1687/1687/1687 1682/1682/1682
f 1683/1683/1683 1672/1672/1672 1670/1670/1670
f 1681/1681/1681 1670/1670/1670 1684/1684/1684
f 1681/1681/1681 1685/1685/1685 1686/1686/1686
f 1688/1688/1688 1694/1694/1694 1689/1689/1689
f 1678/1678/1678 1677/1677/1677 1690/1690/1690
f 1688/1688/1688 1690/1690/1690 1691/1691/1691
f 1688/1688/1688 1692/1692/1692 1693/1693/1693
f 1695/1695/1695 1742/1742/1742 1696/1696/1696
f 1696/1696/1696 1706/1706/1706 1698/1698/1698
f 1698/1698/1698 1672/1672/1672 1683/1683/1683
f 1697/1697/1697 1683/1683/1683 1682/1682/1682
f 1690/1690/1690 1677/1677/1677 1699/1699/1699
f 1699/1699/1699 1711/1711/1711 1701/1701/1701
f 1701/1701/1701 1748/1748/1748 1702/1702/1702
f 1700/1700/1700 1702/1702/1702 1691/1691/1691
f 1703/1703/1703 1716/1716/1716 1704/1704/1704
f 1705/1705/1705 1704/1704/1704 1706/1706/1706
f 1696/1696/1696 1742/1742/1742 1707/1707/1707
f 1705/1705/1705 1707/1707/1707 1708/1708/1708
f 1709/1709/1709 1748/1748/1748 1701/1701/1701
f 1710/1710/1710 1701/1701/1701 1711/1711/1711
f 1712/1712/1712 1720/1720/1720 1713/1713/1713
f 1710/1710/1710 1713/1713/1713 1714/1714/1714
f 1715/1715/1715 1622/1622/1622 1656/1656/1656
f 1715/1715/1715 1655/1655/1655 1716/1716/1716
f 1703/1703/1703 1708/1708/1708 1717/1717/1717
f 1717/1717/1717 1623/1623/1623 1622/1622/1622
f 1718/1718/1718 1714/1714/1714 1713/1713/1713
f 1719/1719/1719 1713/1713/1713 1720/1720/1720
f 1719/1719/1719 1660/1660/1660 1659/1659/1659
f 1627/1627/1627 1626/1626/1626 1718/1718/1718
f 1721/1721/1721 1425/1425/1425 1424/1424/1424
f 1722/1722/1722 1706/1706/1706 1704/1704/1704
f 1721/1721/1721 1704/1704/1704 1716/1716/1716
f 1654/1654/1654 1433/1433/1433 1425/1425/1425
f 1723/1723/1723 1661/1661/1661 1720/1720/1720
f 1712/1712/1712 1711/1711/1711 1724/1724/1724
f 1723/1723/1723 1724/1724/1724 1430/1430/1430
f 1429/1429/1429 1436/1436/1436 1661/1661/1661
f 1722/1722/1722 1424/1424/1424 1650/1650/1650
f 1725/1725/1725 1650/1650/1650 1633/1633/1633
f 1726/1726/1726 1672/1672/1672 1698/1698/1698
f 1725/1725/1725 1698/1698/1698 1706/1706/1706
f 1699/1699/1699 1677/1677/1677 1727/1727/1727
f 1728/1728/1728 1727/1727/1727 1638/1638/1638
f 1652/1652/1652 1430/1430/1430 1724/1724/1724
f 1728/1728/1728 1724/1724/1724 1711/1711/1711
f 1729/1729/1729 1726/1726/1726 1633/1633/1633
f 1729/1729/1729 1632/1632/1632 1643/1643/1643
f 1673/1673/1673 1672/1672/1672 1726/1726/1726
f 1727/1727/1727 1677/1677/1677 1675/1675/1675
f 1730/1730/1730 1675/1675/1675 1648/1648/1648
f 1730/1730/1730 1634/1634/1634 1638/1638/1638
f 1731/1731/1731 1735/1735/1735 1623/1623/1623
f 1717/1717/1717 1708/1708/1708 1732/1732/1732
f 1731/1731/1731 1732/1732/1732 1733/1733/1733
f 1734/1734/1734 1788/1788/1788 1735/1735/1735
f 1736/1736/1736 1740/1740/1740 1737/1737/1737
f 1738/1738/1738 1714/1714/1714 1718/1718/1718
f 1736/1736/1736 1718/1718/1718 1626/1626/1626
f 1739/1739/1739 1792/1792/1792 1740/1740/1740
f 1732/1732/1732 1708/1708/1708 1707/1707/1707
f 1741/1741/1741 1707/1707/1707 1742/1742/1742
f 1743/1743/1743 1892/1892/1892 1744/1744/1744
f 1741/1741/1741 1744/1744/1744 1733/1733/1733
f 1745/1745/1745 1896/1896/1896 1746/1746/1746
f 1747/1747/1747 1746/1746/1746 1748/1748/1748
f 1709/1709/1709 1714/1714/1714 1738/1738/1738
f 1747/1747/1747 1738/1738/1738 1737/1737/1737
f 1749/1749/1749 1743/1743/1743 1742/1742/1742
f 1695/1695/1695 1682/1682/1682 1750/1750/1750
f 1749/1749/1749 1750/1750/1750 1751/1751/1751
f 1752/1752/1752 1892/1892/1892 1743/1743/1743
f 1753/1753/1753 1756/1756/1756 1754/1754/1754
f 1755/1755/1755 1691/1691/1691 1702/1702/1702
f 1753/1753/1753 1702/1702/1702 1748/1748/1748
f 1746/1746/1746 1896/1896/1896 1756/1756/1756
f 1750/1750/1750 1682/1682/1682 1687/1687/1687
f 1757/1757/1757 1687/1687/1687 1686/1686/1686
f 1758/1758/1758 1767/1767/1767 1759/1759/1759
f 1757/1757/1757 1759/1759/1759 1751/1751/1751
f 1760/1760/1760 1771/1771/1771 1761/1761/1761
f 1762/1762/1762 1761/1761/1761 1693/1693/1693
f 1692/1692/1692 1691/1691/1691 1755/1755/1755
f 1762/1762/1762 1755/1755/1755 1754/1754/1754
f 1758/1758/1758 1686/1686/1686 1685/1685/1685
f 1763/1763/1763 1685/1685/1685 1684/1684/1684
f 1763/1763/1763 1764/1764/1764 1765/1765/1765
f 1763/1763/1763 1766/1766/1766 1767/1767/1767
f 1768/1768/1768 1772/1772/1772 1769/1769/1769
f 1768/1768/1768 1770/1770/1770 1689/1689/1689
f 1694/1694/1694 1693/1693/1693 1761/1761/1761
f 1768/1768/1768 1761/1761/1761 1771/1771/1771
f 1773/1773/1773 1764/1764/1764 1684/1684/1684
f 1669/1669/1669 1674/1674/1674 1774/1774/1774
f 1773/1773/1773 1774/1774/1774 1775/1775/1775
f 1776/1776/1776 1765/1765/1765 1764/1764/1764
f 1777/1777/1777 1780/1780/1780 1778/1778/1778
f 1779/1779/1779 1680/1680/1680 1679/1679/1679
f 1777/1777/1777 1679/1679/1679 1689/1689/1689
f 1770/1770/1770 1769/1769/1769 1780/1780/1780
f 1781/1781/1781 1774/1774/1774 1674/1674/1674
f 1781/1781/1781 1664/1664/1664 1582/1582/1582
f 1782/1782/1782 1831/1831/1831 1783/1783/1783
f 1783/1783/1783 1775/1775/1775 1774/1774/1774
f 1784/1784/1784 1834/1834/1834 1785/1785/1785
f 1786/1786/1786 1785/1785/1785 1585/1585/1585
f 1786/1786/1786 1667/1667/1667 1680/1680/1680
f 1779/1779/1779 1778/1778/1778 1784/1784/1784
f 1787/1787/1787 1790/1790/1790 1615/1615/1615
f 1624/1624/1624 1623/1623/1623 1735/1735/1735
f 1787/1787/1787 1735/1735/1735 1788/1788/1788
f 1789/1789/1789 1796/1796/1796 1790/1790/1790
f 1791/1791/1791 1794/1794/1794 1792/1792/1792
f 1739/1739/1739 1626/1626/1626 1628/1628/1628
f 1791/1791/1791 1628/1628/1628 1619/1619/1619
f 1793/1793/1793 1800/1800/1800 1794/1794/1794
f 1795/1795/1795 1798/1798/1798 1607/1607/1607
f 1616/1616/1616 1615/1615/1615 1790/1790/1790
f 1795/1795/1795 1790/1790/1790 1796/1796/1796
f 1797/1797/1797 1804/1804/1804 1798/1798/1798
f 1799/1799/1799 1802/1802/1802 1800/1800/1800
f 1793/1793/1793 1619/1619/1619 1617/1617/1617
f 1799/1799/1799 1617/1617/1617 1611/1611/1611
f 1801/1801/1801 1808/1808/1808 1802/1802/1802
f 1803/1803/1803 1806/1806/1806 1599/1599/1599
f 1608/1608/1608 1607/1607/1607 1798/1798/1798
f 1803/1803/1803 1798/1798/1798 1804/1804/1804
f 1805/1805/1805 1813/1813/1813 1806/1806/1806
f 1807/1807/1807 1810/1810/1810 1808/1808/1808
f 1801/1801/1801 1611/1611/1611 1609/1609/1609
f 1807/1807/1807 1609/1609/1609 1603/1603/1603
f 1809/1809/1809 1816/1816/1816 1810/1810/1810
f 1811/1811/1811 1821/1821/1821 1600/1600/1600
f 1600/1600/1600 1599/1599/1599 1806/1806/1806
f 1812/1812/1812 1806/1806/1806 1813/1813/1813
f 1814/1814/1814 1914/1914/1914 1811/1811/1811
f 1815/1815/1815 1818/1818/1818 1816/1816/1816
f 1809/1809/1809 1603/1603/1603 1601/1601/1601
f 1601/1601/1601 1826/1826/1826 1817/1817/1817
f 1817/1817/1817 1918/1918/1918 1818/1818/1818
f 1819/1819/1819 1592/1592/1592 1591/1591/1591
f 1820/1820/1820 1591/1591/1591 1821/1821/1821
f 1811/1811/1811 1914/1914/1914 1822/1822/1822
f 1820/1820/1820 1822/1822/1822 1823/1823/1823
f 1824/1824/1824 1918/1918/1918 1817/1817/1817
f 1825/1825/1825 1817/1817/1817 1826/1826/1826
f 1595/1595/1595 1594/1594/1594 1827/1827/1827
f 1825/1825/1825 1827/1827/1827 1828/1828/1828
f 1782/1782/1782 1582/1582/1582 1581/1581/1581
f 1829/1829/1829 1581/1581/1581 1592/1592/1592
f 1819/1819/1819 1823/1823/1823 1830/1830/1830
f 1829/1829/1829 1830/1830/1830 1831/1831/1831
f 1832/1832/1832 1828/1828/1828 1827/1827/1827
f 1833/1833/1833 1827/1827/1827 1594/1594/1594
f 1586/1586/1586 1585/1585/1585 1785/1785/1785
f 1833/1833/1833 1785/1785/1785 1834/1834/1834
f 1835/1835/1835 1767/1767/1767 1766/1766/1766
f 1766/1766/1766 1765/1765/1765 1837/1837/1837
f 1836/1836/1836 1837/1837/1837 1838/1838/1838
f 1836/1836/1836 1839/1839/1839 1840/1840/1840
f 1841/1841/1841 1846/1846/1846 1842/1842/1842
f 1843/1843/1843 1769/1769/1769 1772/1772/1772
f 1772/1772/1772 1771/1771/1771 1844/1844/1844
f 1841/1841/1841 1844/1844/1844 1845/1845/1845
f 1847/1847/1847 1840/1840/1840 1839/1839/1839
f 1839/1839/1839 1838/1838/1838 1849/1849/1849
f 1848/1848/1848 1849/1849/1849 1850/1850/1850
f 1848/1848/1848 1851/1851/1851 1852/1852/1852
f 1853/1853/1853 1858/1858/1858 1854/1854/1854
f 1855/1855/1855 1842/1842/1842 1846/1846/1846
f 1846/1846/1846 1845/1845/1845 1856/1856/1856
f 1853/1853/1853 1856/1856/1856 1857/1857/1857
f 1859/1859/1859 1863/1863/1863 1852/1852/1852
f 1851/1851/1851 1850/1850/1850 1860/1860/1860
f 1860/1860/1860 1871/1871/1871 1861/1861/1861
f 1859/1859/1859 1861/1861/1861 1862/1862/1862
f 1864/1864/1864 1878/1878/1878 1865/1865/1865
f 1865/1865/1865 1854/1854/1854 1858/1858/1858
f 1866/1866/1866 1858/1858/1858 1857/1857/1857
f 1866/1866/1866 1867/1867/1867 1868/1868/1868
f 1869/1869/1869 1862/1862/1862 1861/1861/1861
f 1870/1870/1870 1861/1861/1861 1871/1871/1871
f 1872/1872/1872 1913/1913/1913 1873/1873/1873
f 1870/1870/1870 1873/1873/1873 1874/1874/1874
f 1875/1875/1875 1916/1916/1916 1876/1876/1876
f 1877/1877/1877 1876/1876/1876 1878/1878/1878
f 1864/1864/1864 1868/1868/1868 1879/1879/1879
f 1877/1877/1877 1879/1879/1879 1880/1880/1880
f 1881/1881/1881 1883/1883/1883 1796/1796/1796
f 1789/1789/1789 1788/1788/1788 1882/1882/1882
f 1881/1881/1881 1882/1882/1882 1862/1862/1862
f 1869/1869/1869 1874/1874/1874 1883/1883/1883
f 1884/1884/1884 1879/1879/1879 1868/1868/1868
f 1885/1885/1885 1792/1792/1792 1794/1794/1794
f 1884/1884/1884 1794/1794/1794 1800/1800/1800
f 1886/1886/1886 1880/1880/1880 1879/1879/1879
f 1734/1734/1734 1733/1733/1733 1887/1887/1887
f 1888/1888/1888 1887/1887/1887 1852/1852/1852
f 1863/1863/1863 1862/1862/1862 1882/1882/1882
f 1888/1888/1888 1882/1882/1882 1788/1788/1788
f 1885/1885/1885 1868/1868/1868 1867/1867/1867
f 1889/1889/1889 1867/1867/1867 1857/1857/1857
f 1890/1890/1890 1737/1737/1737 1740/1740/1740
f 1889/1889/1889 1740/1740/1740 1792/1792/1792
f 1891/1891/1891 1887/1887/1887 1733/1733/1733
f 1891/1891/1891 1744/1744/1744 1892/1892/1892
f 1891/1891/1891 1893/1893/1893 1840/1840/1840
f 1847/1847/1847 1852/1852/1852 1887/1887/1887
f 1894/1894/1894 1856/1856/1856 1845/1845/1845
f 1894/1894/1894 1895/1895/1895 1896/1896/1896
f 1894/1894/1894 1745/1745/1745 1737/1737/1737
f 1890/1890/1890 1857/1857/1857 1856/1856/1856
f 1897/1897/1897 1759/1759/1759 1767/1767/1767
f 1835/1835/1835 1840/1840/1840 1893/1893/1893
f 1897/1897/1897 1893/1893/1893 1892/1892/1892
f 1752/1752/1752 1751/1751/1751 1759/1759/1759
f 1898/1898/1898 1756/1756/1756 1896/1896/1896
f 1895/1895/1895 1845/1845/1845 1844/1844/1844
f 1898/1898/1898 1844/1844/1844 1771/1771/1771
f 1760/1760/1760 1754/1754/1754 1756/1756/1756
f 1776/1776/1776 1775/1775/1775 1783/1783/1783
f 1899/1899/1899 1783/1783/1783 1831/1831/1831
f 1900/1900/1900 1838/1838/1838 1837/1837/1837
f 1899/1899/1899 1837/1837/1837 1765/1765/1765
f 1843/1843/1843 1842/1842/1842 1901/1901/1901
f 1902/1902/1902 1901/1901/1901 1834/1834/1834
f 1784/1784/1784 1778/1778/1778 1780/1780/1780
f 1902/1902/1902 1780/1780/1780 1769/1769/1769
f 1903/1903/1903 1830/1830/1830 1823/1823/1823
f 1904/1904/1904 1850/1850/1850 1849/1849/1849
f 1903/1903/1903 1849/1849/1849 1838/1838/1838
f 1900/1900/1900 1831/1831/1831 1830/1830/1830
f 1905/1905/1905 1901/1901/1901 1842/1842/1842
f 1855/1855/1855 1854/1854/1854 1906/1906/1906
f 1905/1905/1905 1906/1906/1906 1828/1828/1828
f 1832/1832/1832 1834/1834/1834 1901/1901/1901
f 1822/1822/1822 1914/1914/1914 1907/1907/1907
f 1908/1908/1908 1907/1907/1907 1871/1871/1871
f 1860/1860/1860 1850/1850/1850 1904/1904/1904
f 1908/1908/1908 1904/1904/1904 1823/1823/1823
f 1906/1906/1906 1854/1854/1854 1865/1865/1865
f 1909/1909/1909 1865/1865/1865 1878/1878/1878
f 1910/1910/1910 1918/1918/1918 1824/1824/1824
f 1909/1909/1909 1824/1824/1824 1828/1828/1828
f 1814/1814/1814 1813/1813/1813 1911/1911/1911
f 1912/1912/1912 1911/1911/1911 1913/1913/1913
f 1872/1872/1872 1871/1871/1871 1907/1907/1907
f 1912/1912/1912 1907/1907/1907 1914/1914/1914
f 1910/1910/1910 1878/1878/1878 1876/1876/1876
f 1915/1915/1915 1876/1876/1876 1916/1916/1916
f 1917/1917/1917 1816/1816/1816 1818/1818/1818
f 1915/1915/1915 1818/1818/1818 1918/1918/1918
f 1919/1919/1919 1805/1805/1805 1804/1804/1804
f 1920/1920/1920 1874/1874/1874 1873/1873/1873
f 1919/1919/1919 1873/1873/1873 1913/1913/1913
f 1911/1911/1911 1813/1813/1813 1805/1805/1805
f 1921/1921/1921 1917/1917/1917 1916/1916/1916
f 1875/1875/1875 1880/1880/1880 1922/1922/1922
f 1921/1921/1921 1922/1922/1922 1808/1808/1808
f 1810/1810/1810 1816/1816/1816 1917/1917/1917
f 1923/1923/1923 1797/1797/1797 1796/1796/1796
f 1923/1923/1923 1883/1883/1883 1874/1874/1874
f 1920/1920/1920 1804/1804/1804 1797/1797/1797
f 1802/1802/1802 1808/1808/1808 1922/1922/1922
f 1924/1924/1924 1922/1922/1922 1880/1880/1880
f 1924/1924/1924 1886/1886/1886 1800/1800/1800
f 1925/1925/1925 1929/1929/1929 1561/1561/1561
f 1569/1569/1569 1641/1641/1641 1926/1926/1926
f 1925/1925/1925 1926/1926/1926 1927/1927/1927
f 1928/1928/1928 1936/1936/1936 1929/1929/1929
f 1930/1930/1930 1934/1934/1934 1931/1931/1931
f 1932/1932/1932 1646/1646/1646 1577/1577/1577
f 1930/1930/1930 1577/1577/1577 1567/1567/1567
f 1933/1933/1933 1940/1940/1940 1934/1934/1934
f 1935/1935/1935 1938/1938/1938 1548/1548/1548
f 1555/1555/1555 1561/1561/1561 1929/1929/1929
f 1935/1935/1935 1929/1929/1929 1936/1936/1936
f 1937/1937/1937 1945/1945/1945 1938/1938/1938
f 1939/1939/1939 1942/1942/1942 1940/1940/1940
f 1933/1933/1933 1567/1567/1567 1566/1566/1566
f 1939/1939/1939 1566/1566/1566 1554/1554/1554
f 1941/1941/1941 1949/1949/1949 1942/1942/1942
f 1943/1943/1943 1535/1535/1535 1543/1543/1543
f 1543/1543/1543 1548/1548/1548 1938/1938/1938
f 1944/1944/1944 1938/1938/1938 1945/1945/1945
f 1944/1944/1944 1946/1946/1946 1947/1947/1947
f 1948/1948/1948 1952/1952/1952 1949/1949/1949
f 1941/1941/1941 1554/1554/1554 1553/1553/1553
f 1553/1553/1553 1542/1542/1542 1950/1950/1950
f 1948/1948/1948 1950/1950/1950 1951/1951/1951
f 1953/1953/1953 1532/1532/1532 1536/1536/1536
f 1954/1954/1954 1536/1536/1536 1535/1535/1535
f 1943/1943/1943 1947/1947/1947 1955/1955/1955
f 1954/1954/1954 1955/1955/1955 1956/1956/1956
f 1957/1957/1957 1951/1951/1951 1950/1950/1950
f 1958/1958/1958 1950/1950/1950 1542/1542/1542
f 1541/1541/1541 1540/1540/1540 1959/1959/1959
f 1958/1958/1958 1959/1959/1959 1960/1960/1960
f 1961/1961/1961 1520/1520/1520 1524/1524/1524
f 1962/1962/1962 1524/1524/1524 1532/1532/1532
f 1953/1953/1953 1956/1956/1956 1963/1963/1963
f 1962/1962/1962 1963/1963/1963 1964/1964/1964
f 1965/1965/1965 1960/1960/1960 1959/1959/1959
f 1966/1966/1966 1959/1959/1959 1540/1540/1540
f 1529/1529/1529 1528/1528/1528 1967/1967/1967
f 1966/1966/1966 1967/1967/1967 1968/1968/1968
f 1969/1969/1969 1508/1508/1508 1506/1506/1506
f 1970/1970/1970 1506/1506/1506 1520/1520/1520
f 1961/1961/1961 1964/1964/1964 1971/1971/1971
f 1971/1971/1971 1978/1978/1978 1969/1969/1969
f 1972/1972/1972 1968/1968/1968 1967/1967/1967
f 1973/1973/1973 1967/1967/1967 1528/1528/1528
f 1516/1516/1516 1515/1515/1515 1974/1974/1974
f 1974/1974/1974 1982/1982/1982 1972/1972/1972
f 1971/1971/1971 1964/1964/1964 1975/1975/1975
f 1976/1976/1976 1975/1975/1975 1936/1936/1936
f 1928/1928/1928 1927/1927/1927 1977/1977/1977
f 1976/1976/1976 1977/1977/1977 1978/1978/1978
f 1979/1979/1979 1931/1931/1931 1934/1934/1934
f 1980/1980/1980 1934/1934/1934 1940/1940/1940
f 1981/1981/1981 1968/1968/1968 1972/1972/1972
f 1980/1980/1980 1972/1972/1972 1982/1982/1982
f 1983/1983/1983 1975/1975/1975 1964/1964/1964
f 1963/1963/1963 1956/1956/1956 1984/1984/1984
f 1983/1983/1983 1984/1984/1984 1945/1945/1945
f 1937/1937/1937 1936/1936/1936 1975/1975/1975
f 1985/1985/1985 1942/1942/1942 1949/1949/1949
f 1986/1986/1986 1960/1960/1960 1965/1965/1965
f 1985/1985/1985 1965/1965/1965 1968/1968/1968
f 1981/1981/1981 1940/1940/1940 1942/1942/1942
f 1984/1984/1984 1956/1956/1956 1955/1955/1955
f 1987/1987/1987 1955/1955/1955 1947/1947/1947
f 1946/1946/1946 1945/1945/1945 1984/1984/1984
f 1986/1986/1986 1949/1949/1949 1952/1952/1952
f 1988/1988/1988 1952/1952/1952 1951/1951/1951
f 1957/1957/1957 1960/1960/1960 1986/1986/1986
f 1989/1989/1989 1354/1354/1354 1431/1431/1431
f 1431/1431/1431 1433/1433/1433 1657/1657/1657
f 1657/1657/1657 1508/1508/1508 1969/1969/1969
f 1990/1990/1990 1969/1969/1969 1978/1978/1978
f 1974/1974/1974 1515/1515/1515 1662/1662/1662
f 1662/1662/1662 1436/1436/1436 1435/1435/1435
f 1435/1435/1435 1363/1363/1363 1992/1992/1992
f 1991/1991/1991 1992/1992/1992 1982/1982/1982
f 1993/1993/1993 1475/1475/1475 1354/1354/1354
f 1989/1989/1989 1978/1978/1978 1977/1977/1977
f 1993/1993/1993 1977/1977/1977 1927/1927/1927
f 1993/1993/1993 1994/1994/1994 1491/1491/1491
f 1995/1995/1995 1996/1996/1996 1931/1931/1931
f 1979/1979/1979 1982/1982/1982 1992/1992/1992
f 1995/1995/1995 1992/1992/1992 1363/1363/1363
f 1995/1995/1995 1482/1482/1482 1496/1496/1496
f 1997/1997/1997 1639/1639/1639 1451/1451/1451
f 1487/1487/1487 1491/1491/1491 1994/1994/1994
f 1997/1997/1997 1994/1994/1994 1927/1927/1927
f 1997/1997/1997 1926/1926/1926 1641/1641/1641
f 1998/1998/1998 1932/1932/1932 1931/1931/1931
f 1996/1996/1996 1496/1496/1496 1495/1495/1495
f 1998/1998/1998 1495/1495/1495 1456/1456/1456
f 1998/1998/1998 1647/1647/1647 1646/1646/1646
